delay,background_rate,policy,n_games,mean_stale_decision_rate,mean_useful_processed,mean_background_processed,mean_useful_wait,mean_background_wait,mean_backlog,mean_max_backlog
0,0.0,fifo_blind,10,0.08643518518518518,4296.0,0.0,1.0,0.0,24.0,24.0
0,0.0,priority_deduplicating,10,0.08509259259259258,4296.0,0.0,1.0,0.0,24.0,24.0
0,0.0,priority_with_aging,10,0.08092592592592592,4296.0,0.0,1.0,0.0,24.0,24.0
0,1.0,fifo_blind,10,0.4512731481481481,2862.5,1433.5,30.82858075585272,30.985777641584974,1113.6983333333333,2184.5
0,1.0,priority_deduplicating,10,0.08472222222222223,4296.0,0.0,1.0,0.0,1104.1161111111112,2172.1
0,1.0,priority_with_aging,10,0.2494675925925926,2322.4,1973.6,1.0,12.086183779790458,1111.9444444444443,2172.6
0,2.0,fifo_blind,10,0.46497685185185195,2145.6,2150.4,45.703249669368596,45.85321167159542,2205.6727777777774,4360.3
0,2.0,priority_deduplicating,10,0.08509259259259261,4296.0,0.0,1.0,0.0,2192.315555555556,4333.6
0,2.0,priority_with_aging,10,0.2775694444444444,2210.9,2085.1,1.0,49.257939964816366,2186.7477777777776,4325.0
0,4.0,fifo_blind,10,0.48002314814814806,1433.9,2862.1,60.88427311477085,60.65252386766048,4360.239444444444,8646.3
0,4.0,priority_deduplicating,10,0.08638888888888889,4296.0,0.0,1.0,0.0,4337.669444444445,8643.6
0,4.0,priority_with_aging,10,0.28115740740740736,2208.3,2087.7,1.0,71.25581213845241,4370.0216666666665,8665.2
0,8.0,fifo_blind,10,0.49824074074074076,859.6,3436.4,72.72146666722246,72.60289151827983,8698.989444444444,17309.9
0,8.0,priority_deduplicating,10,0.08546296296296296,4296.0,0.0,1.0,0.0,8731.54111111111,17302.1
0,8.0,priority_with_aging,10,0.29497685185185185,2208.0,2088.0,1.0,82.06704980842912,8751.387777777778,17380.5
1,0.0,fifo_blind,10,0.08537037037037036,4296.0,0.0,1.0,0.0,24.0,24.0
1,0.0,priority_deduplicating,10,0.08574074074074074,4296.0,0.0,1.0,0.0,24.0,24.0
1,0.0,priority_with_aging,10,0.08249999999999999,4296.0,0.0,1.0,0.0,24.0,24.0
1,1.0,fifo_blind,10,0.4486342592592593,2861.4,1434.6,30.854114580765998,30.989969803344895,1114.3183333333332,2182.1
1,1.0,priority_deduplicating,10,0.08273148148148146,4296.0,0.0,1.0,0.0,1111.9516666666666,2185.0
1,1.0,priority_with_aging,10,0.2570601851851852,2321.0,1975.0,1.0,12.555521770400059,1118.0755555555556,2189.2
1,2.0,fifo_blind,10,0.47414351851851855,2151.8,2144.2,45.2767774017038,45.72404851055871,2184.823888888889,4330.9
1,2.0,priority_deduplicating,10,0.08541666666666667,4296.0,0.0,1.0,0.0,2201.6494444444443,4352.5
1,2.0,priority_with_aging,10,0.27689814814814817,2210.9,2085.1,1.0,49.07171713726448,2191.3361111111108,4354.3
1,4.0,fifo_blind,10,0.4727083333333333,1437.1,2858.9,60.35661681702935,60.589376130553134,4355.242222222222,8638.3
1,4.0,priority_deduplicating,10,0.08643518518518518,4296.0,0.0,1.0,0.0,4399.567777777777,8688.1
1,4.0,priority_with_aging,10,0.28858796296296296,2208.1,2087.9,1.0,71.01596307739757,4346.2155555555555,8631.9
1,8.0,fifo_blind,10,0.5104629629629629,857.5,3438.5,72.34044745261619,72.64459384123339,8739.124444444444,17346.0
1,8.0,priority_deduplicating,10,0.08703703703703705,4296.0,0.0,1.0,0.0,8662.489444444445,17250.5
1,8.0,priority_with_aging,10,0.29391203703703705,2208.0,2088.0,1.0,82.04870689655172,8709.160555555554,17281.0
2,0.0,fifo_blind,10,0.1527777777777778,4272.0,0.0,2.0,0.0,47.86666666666667,48.0
2,0.0,priority_deduplicating,10,0.1604166666666667,4272.0,0.0,2.0,0.0,47.86666666666667,48.0
2,0.0,priority_with_aging,10,0.15421296296296297,4272.0,0.0,2.0,0.0,47.86666666666667,48.0
2,1.0,fifo_blind,10,0.45986111111111116,2840.2,1442.8,31.541588542481104,31.685587047534703,1136.3722222222223,2207.1
2,1.0,priority_deduplicating,10,0.15671296296296297,4272.0,11.5,2.0,1.0,1121.6927777777778,2198.4
2,1.0,priority_with_aging,10,0.2959953703703703,2308.5,1972.4,2.0,12.524385455840001,1129.1788888888889,2221.8
2,2.0,fifo_blind,10,0.4907407407407408,2149.7,2141.2,45.65131822674974,45.86983114158882,2191.8566666666666,4327.3
2,2.0,priority_deduplicating,10,0.15861111111111112,4272.0,17.9,2.0,1.0,2202.8883333333333,4361.8
2,2.0,priority_with_aging,10,0.31986111111111104,2194.2,2094.7,2.0,48.68443579755767,2210.2294444444447,4360.6
2,4.0,fifo_blind,10,0.5031944444444445,1439.1,2855.4,60.69747729422181,60.57041438201645,4376.193333333334,8699.7
2,4.0,priority_deduplicating,10,0.15097222222222223,4272.0,23.1,2.0,1.0,4355.713888888889,8642.5
2,4.0,priority_with_aging,10,0.32680555555555557,2186.6,2108.1,2.0,70.02218937940971,4374.883333333333,8672.8
2,8.0,fifo_blind,10,0.5045138888888888,858.2,3437.7,72.76632911375481,72.6287634050506,8743.542777777777,17333.7
2,8.0,priority_deduplicating,10,0.15717592592592594,4272.0,24.0,2.0,1.0,8751.028333333332,17393.1
2,8.0,priority_with_aging,10,0.3236805555555555,2184.1,2111.8,2.0,80.81643153992532,8677.143333333335,17244.9
3,0.0,fifo_blind,10,0.21615740740740738,4248.0,0.0,3.0,0.0,71.60000000000001,72.0
3,0.0,priority_deduplicating,10,0.21773148148148147,4248.0,0.0,3.0,0.0,71.60000000000001,72.0
3,0.0,priority_with_aging,10,0.2127314814814815,4248.0,0.0,3.0,0.0,71.60000000000001,72.0
3,1.0,fifo_blind,10,0.4769444444444444,2857.2,1412.4,31.467819178539514,31.60219801225254,1127.9316666666668,2199.9
3,1.0,priority_deduplicating,10,0.21509259259259256,4248.0,22.6,3.0,1.0669294328859547,1129.0194444444446,2194.1
3,1.0,priority_with_aging,10,0.32532407407407404,2312.9,1957.3,3.0,11.585483151922503,1121.293888888889,2187.4
3,2.0,fifo_blind,10,0.4839814814814815,2147.5,2138.2,45.982722675321526,45.9976044832659,2208.267777777778,4370.0
3,2.0,priority_deduplicating,10,0.21662037037037035,4248.0,36.7,3.0,1.1504982742385585,2214.9455555555555,4360.1
3,2.0,priority_with_aging,10,0.34375,2180.9,2103.0,3.0,48.096258711274665,2205.618888888889,4352.2
3,4.0,fifo_blind,10,0.4961805555555555,1437.4,2856.9,60.71671342327504,60.59966369832118,4355.386666666666,8659.6
3,4.0,priority_deduplicating,10,0.21694444444444447,4248.0,46.1,3.0,1.3546441152232143,4343.1527777777765,8610.3
3,4.0,priority_with_aging,10,0.36178240740740736,2168.7,2125.1,3.0,68.90098806671925,4362.846111111112,8686.5
3,8.0,fifo_blind,10,0.4950925925925926,852.6,3443.4,72.22143544477021,72.73873171277133,8711.125,17276.5
3,8.0,priority_deduplicating,10,0.21046296296296294,4248.0,48.0,3.0,1.4958333333333333,8697.984999999999,17294.3
3,8.0,priority_with_aging,10,0.35236111111111107,2160.8,2135.2,3.0,79.91769859170591,8727.012777777778,17311.4
5,0.0,fifo_blind,10,0.30194444444444446,4200.0,0.0,5.0,0.0,118.66666666666667,120.0
5,0.0,priority_deduplicating,10,0.30717592592592596,4200.0,0.0,5.0,0.0,118.66666666666667,120.0
5,0.0,priority_with_aging,10,0.3062037037037037,4200.0,0.0,5.0,0.0,118.66666666666667,120.0
5,1.0,fifo_blind,10,0.48324074074074075,2819.4,1426.4,32.920229269233985,32.80058170569596,1172.7833333333333,2246.4
5,1.0,priority_deduplicating,10,0.3168055555555555,4200.0,44.8,5.0,1.0897262656250275,1148.5455555555557,2208.3
5,1.0,priority_with_aging,10,0.3894212962962963,2273.1,1969.2,5.0,12.447783047078099,1164.6077777777778,2236.4
5,2.0,fifo_blind,10,0.4967592592592592,2155.1,2121.8,45.81368958912836,45.985486740073966,2194.16,4327.5
5,2.0,priority_deduplicating,10,0.3043055555555556,4200.0,78.2,5.0,1.391992173638506,2198.355555555556,4305.2
5,2.0,priority_with_aging,10,0.4099074074074074,2150.8,2127.2,5.0,46.95809843430548,2229.4783333333335,4382.0
5,4.0,fifo_blind,10,0.4883101851851851,1443.9,2850.8,60.270134022402395,60.43193033378286,4351.475555555556,8663.4
5,4.0,priority_deduplicating,10,0.30856481481481485,4200.0,93.7,5.0,1.9045896343548907,4375.513333333333,8665.2
5,4.0,priority_with_aging,10,0.43099537037037033,2132.2,2162.5,5.0,67.21634650251103,4356.177222222223,8651.5
5,8.0,fifo_blind,10,0.5202546296296295,857.4,3438.6,72.572484096657,72.62698968632186,8746.809444444445,17338.9
5,8.0,priority_deduplicating,10,0.3098148148148148,4200.0,96.0,5.0,2.3510416666666667,8694.845,17281.2
5,8.0,priority_with_aging,10,0.4179166666666666,2119.3,2176.7,5.0,77.94131272690132,8709.768333333333,17300.7
