delay,background_rate,policy,seed,stale_decision_rate,useful_processed,background_processed,mean_useful_wait,mean_background_wait,mean_backlog,max_backlog
0,0.0,fifo_blind,20260730,0.08842592592592592,4296,0,1.0,0.0,24.0,24
0,0.0,fifo_blind,20260731,0.09537037037037037,4296,0,1.0,0.0,24.0,24
0,0.0,fifo_blind,20260732,0.08888888888888889,4296,0,1.0,0.0,24.0,24
0,0.0,fifo_blind,20260733,0.08888888888888889,4296,0,1.0,0.0,24.0,24
0,0.0,fifo_blind,20260734,0.07916666666666666,4296,0,1.0,0.0,24.0,24
0,0.0,fifo_blind,20260735,0.08101851851851852,4296,0,1.0,0.0,24.0,24
0,0.0,fifo_blind,20260736,0.0837962962962963,4296,0,1.0,0.0,24.0,24
0,0.0,fifo_blind,20260737,0.08657407407407407,4296,0,1.0,0.0,24.0,24
0,0.0,fifo_blind,20260738,0.09074074074074075,4296,0,1.0,0.0,24.0,24
0,0.0,fifo_blind,20260739,0.08148148148148149,4296,0,1.0,0.0,24.0,24
0,0.0,priority_deduplicating,20260740,0.0837962962962963,4296,0,1.0,0.0,24.0,24
0,0.0,priority_deduplicating,20260741,0.09027777777777778,4296,0,1.0,0.0,24.0,24
0,0.0,priority_deduplicating,20260742,0.08055555555555556,4296,0,1.0,0.0,24.0,24
0,0.0,priority_deduplicating,20260743,0.08796296296296297,4296,0,1.0,0.0,24.0,24
0,0.0,priority_deduplicating,20260744,0.07592592592592592,4296,0,1.0,0.0,24.0,24
0,0.0,priority_deduplicating,20260745,0.0912037037037037,4296,0,1.0,0.0,24.0,24
0,0.0,priority_deduplicating,20260746,0.08981481481481482,4296,0,1.0,0.0,24.0,24
0,0.0,priority_deduplicating,20260747,0.08009259259259259,4296,0,1.0,0.0,24.0,24
0,0.0,priority_deduplicating,20260748,0.08472222222222223,4296,0,1.0,0.0,24.0,24
0,0.0,priority_deduplicating,20260749,0.08657407407407407,4296,0,1.0,0.0,24.0,24
0,0.0,priority_with_aging,20260750,0.0763888888888889,4296,0,1.0,0.0,24.0,24
0,0.0,priority_with_aging,20260751,0.08287037037037037,4296,0,1.0,0.0,24.0,24
0,0.0,priority_with_aging,20260752,0.08564814814814815,4296,0,1.0,0.0,24.0,24
0,0.0,priority_with_aging,20260753,0.07453703703703704,4296,0,1.0,0.0,24.0,24
0,0.0,priority_with_aging,20260754,0.08981481481481482,4296,0,1.0,0.0,24.0,24
0,0.0,priority_with_aging,20260755,0.08055555555555556,4296,0,1.0,0.0,24.0,24
0,0.0,priority_with_aging,20260756,0.0699074074074074,4296,0,1.0,0.0,24.0,24
0,0.0,priority_with_aging,20260757,0.07268518518518519,4296,0,1.0,0.0,24.0,24
0,0.0,priority_with_aging,20260758,0.08148148148148149,4296,0,1.0,0.0,24.0,24
0,0.0,priority_with_aging,20260759,0.09537037037037037,4296,0,1.0,0.0,24.0,24
0,1.0,fifo_blind,20260760,0.45925925925925926,2903,1393,30.531519118153636,30.109117013639626,1080.8944444444444,2127
0,1.0,fifo_blind,20260761,0.44513888888888886,2881,1415,30.144394307532107,30.72720848056537,1097.0222222222221,2163
0,1.0,fifo_blind,20260762,0.4326388888888889,2891,1405,29.99688689034936,30.37081850533808,1092.611111111111,2198
0,1.0,fifo_blind,20260763,0.4532407407407407,2851,1445,30.642581550333215,31.269896193771626,1110.8833333333334,2179
0,1.0,fifo_blind,20260764,0.4372685185185185,2822,1474,30.78384124734231,31.854138398914518,1146.6444444444444,2279
0,1.0,fifo_blind,20260765,0.41712962962962963,2838,1458,31.46687808315715,31.41769547325103,1123.6,2150
0,1.0,fifo_blind,20260766,0.44699074074074074,2839,1457,31.22437477985206,31.413864104323952,1141.7944444444445,2253
0,1.0,fifo_blind,20260767,0.46944444444444444,2868,1428,31.031380753138077,30.87955182072829,1108.15,2167
0,1.0,fifo_blind,20260768,0.48564814814814816,2858,1438,30.774667599720082,31.02364394993046,1119.95,2197
0,1.0,fifo_blind,20260769,0.46597222222222223,2874,1422,31.6892832289492,30.79184247538678,1115.4333333333334,2132
0,1.0,priority_deduplicating,20260770,0.08472222222222223,4296,0,1.0,0.0,1124.4611111111112,2175
0,1.0,priority_deduplicating,20260771,0.09166666666666666,4296,0,1.0,0.0,1125.1555555555556,2218
0,1.0,priority_deduplicating,20260772,0.08657407407407407,4296,0,1.0,0.0,1074.9222222222222,2105
0,1.0,priority_deduplicating,20260773,0.08888888888888889,4296,0,1.0,0.0,1096.6666666666667,2144
0,1.0,priority_deduplicating,20260774,0.0837962962962963,4296,0,1.0,0.0,1091.7388888888888,2174
0,1.0,priority_deduplicating,20260775,0.08009259259259259,4296,0,1.0,0.0,1115.3722222222223,2211
0,1.0,priority_deduplicating,20260776,0.09444444444444444,4296,0,1.0,0.0,1077.6722222222222,2109
0,1.0,priority_deduplicating,20260777,0.08333333333333333,4296,0,1.0,0.0,1097.0111111111112,2175
0,1.0,priority_deduplicating,20260778,0.07685185185185185,4296,0,1.0,0.0,1130.0166666666667,2225
0,1.0,priority_deduplicating,20260779,0.07685185185185185,4296,0,1.0,0.0,1108.1444444444444,2185
0,1.0,priority_with_aging,20260780,0.23726851851851852,2355,1941,1.0,12.07624935600206,1096.1277777777777,2128
0,1.0,priority_with_aging,20260781,0.24791666666666667,2279,2017,1.0,12.888943976202281,1150.0333333333333,2224
0,1.0,priority_with_aging,20260782,0.26064814814814813,2328,1968,1.0,11.704268292682928,1097.4611111111112,2140
0,1.0,priority_with_aging,20260783,0.2712962962962963,2324,1972,1.0,12.182048681541582,1096.5111111111112,2164
0,1.0,priority_with_aging,20260784,0.28078703703703706,2296,2000,1.0,11.7365,1127.8944444444444,2200
0,1.0,priority_with_aging,20260785,0.23171296296296295,2314,1982,1.0,12.69021190716448,1117.8111111111111,2220
0,1.0,priority_with_aging,20260786,0.22106481481481483,2390,1906,1.0,11.373557187827911,1079.4222222222222,2066
0,1.0,priority_with_aging,20260787,0.25439814814814815,2303,1993,1.0,12.813848469643753,1139.2611111111112,2244
0,1.0,priority_with_aging,20260788,0.24444444444444444,2288,2008,1.0,12.623505976095618,1131.5222222222221,2194
0,1.0,priority_with_aging,20260789,0.24513888888888888,2347,1949,1.0,10.77270395074397,1083.4,2146
0,2.0,fifo_blind,20260790,0.43310185185185185,2145,2151,44.9962703962704,45.83124128312413,2175.288888888889,4321
0,2.0,fifo_blind,20260791,0.44027777777777777,2166,2130,46.39473684210526,45.44507042253521,2195.866666666667,4386
0,2.0,fifo_blind,20260792,0.4516203703703704,2140,2156,45.0481308411215,45.9443413729128,2185.722222222222,4322
0,2.0,fifo_blind,20260793,0.5083333333333333,2163,2133,45.539990753582984,45.48288795124238,2171.1833333333334,4290
0,2.0,fifo_blind,20260794,0.4761574074074074,2193,2103,45.60282717738258,44.83547313361864,2158.1944444444443,4305
0,2.0,fifo_blind,20260795,0.4388888888888889,2129,2167,45.57726632221701,46.29257037378865,2253.383333333333,4508
0,2.0,fifo_blind,20260796,0.5085648148148149,2153,2143,46.46632605666512,45.67988800746617,2213.161111111111,4370
0,2.0,fifo_blind,20260797,0.4326388888888889,2099,2197,46.16388756550739,46.86299499317251,2259.072222222222,4378
0,2.0,fifo_blind,20260798,0.4599537037037037,2127,2169,45.74236013164081,46.23328722913785,2238.088888888889,4384
0,2.0,fifo_blind,20260799,0.5002314814814814,2141,2155,45.5007006071929,45.92436194895592,2206.766666666667,4339
0,2.0,priority_deduplicating,20260800,0.08981481481481482,4296,0,1.0,0.0,2166.738888888889,4373
0,2.0,priority_deduplicating,20260801,0.08472222222222223,4296,0,1.0,0.0,2192.5055555555555,4307
0,2.0,priority_deduplicating,20260802,0.08657407407407407,4296,0,1.0,0.0,2194.6444444444446,4333
0,2.0,priority_deduplicating,20260803,0.0837962962962963,4296,0,1.0,0.0,2198.3166666666666,4358
0,2.0,priority_deduplicating,20260804,0.09212962962962963,4296,0,1.0,0.0,2039.4666666666667,4053
0,2.0,priority_deduplicating,20260805,0.08564814814814815,4296,0,1.0,0.0,2194.616666666667,4364
0,2.0,priority_deduplicating,20260806,0.09583333333333334,4296,0,1.0,0.0,2243.733333333333,4353
0,2.0,priority_deduplicating,20260807,0.07777777777777778,4296,0,1.0,0.0,2317.6833333333334,4560
0,2.0,priority_deduplicating,20260808,0.07453703703703704,4296,0,1.0,0.0,2209.527777777778,4332
0,2.0,priority_deduplicating,20260809,0.08009259259259259,4296,0,1.0,0.0,2165.9222222222224,4303
0,2.0,priority_with_aging,20260810,0.3189814814814815,2210,2086,1.0,47.36385426653883,2134.5833333333335,4248
0,2.0,priority_with_aging,20260811,0.23819444444444443,2214,2082,1.0,49.4121037463977,2174.8277777777776,4344
0,2.0,priority_with_aging,20260812,0.29398148148148145,2211,2085,1.0,48.17074340527578,2160.9444444444443,4240
0,2.0,priority_with_aging,20260813,0.26875,2211,2085,1.0,49.29736211031175,2190.538888888889,4300
0,2.0,priority_with_aging,20260814,0.2914351851851852,2213,2083,1.0,50.09457513202112,2201.661111111111,4305
0,2.0,priority_with_aging,20260815,0.2587962962962963,2210,2086,1.0,50.04506232023011,2240.8722222222223,4434
0,2.0,priority_with_aging,20260816,0.30694444444444446,2210,2086,1.0,49.40124640460211,2179.972222222222,4276
0,2.0,priority_with_aging,20260817,0.2574074074074074,2211,2085,1.0,49.81294964028777,2218.822222222222,4415
0,2.0,priority_with_aging,20260818,0.25324074074074077,2210,2086,1.0,48.395973154362416,2152.038888888889,4319
0,2.0,priority_with_aging,20260819,0.287962962962963,2209,2087,1.0,50.58552946813608,2213.2166666666667,4369
0,4.0,fifo_blind,20260820,0.4736111111111111,1417,2879,61.456598447424135,60.992011114970474,4423.083333333333,8730
0,4.0,fifo_blind,20260821,0.4613425925925926,1453,2843,58.94425326909842,60.2363700316567,4295.2,8558
0,4.0,fifo_blind,20260822,0.47291666666666665,1443,2853,60.73735273735274,60.46372239747634,4329.1,8658
0,4.0,fifo_blind,20260823,0.46412037037037035,1471,2825,59.48470428280081,59.88672566371682,4307.983333333334,8587
0,4.0,fifo_blind,20260824,0.4386574074074074,1435,2861,61.74773519163763,60.62845159035302,4341.933333333333,8556
0,4.0,fifo_blind,20260825,0.41550925925925924,1416,2880,61.639830508474574,61.02673611111111,4441.794444444445,8833
0,4.0,fifo_blind,20260826,0.5458333333333333,1416,2880,61.12429378531073,61.02708333333333,4415.644444444444,8686
0,4.0,fifo_blind,20260827,0.5131944444444444,1412,2884,61.08923512747875,61.12309292649098,4390.938888888889,8671
0,4.0,fifo_blind,20260828,0.5310185185185186,1425,2871,60.91438596491228,60.83559735283873,4349.916666666667,8628
0,4.0,fifo_blind,20260829,0.4840277777777778,1451,2845,61.70434183321847,60.30544815465729,4306.8,8556
0,4.0,priority_deduplicating,20260830,0.07962962962962963,4296,0,1.0,0.0,4248.405555555555,8552
0,4.0,priority_deduplicating,20260831,0.08842592592592592,4296,0,1.0,0.0,4390.538888888889,8728
0,4.0,priority_deduplicating,20260832,0.08148148148148149,4296,0,1.0,0.0,4365.638888888889,8667
0,4.0,priority_deduplicating,20260833,0.09166666666666666,4296,0,1.0,0.0,4300.633333333333,8606
0,4.0,priority_deduplicating,20260834,0.08287037037037037,4296,0,1.0,0.0,4390.622222222222,8720
0,4.0,priority_deduplicating,20260835,0.09212962962962963,4296,0,1.0,0.0,4293.566666666667,8655
0,4.0,priority_deduplicating,20260836,0.08611111111111111,4296,0,1.0,0.0,4342.144444444444,8656
0,4.0,priority_deduplicating,20260837,0.09537037037037037,4296,0,1.0,0.0,4333.538888888889,8596
0,4.0,priority_deduplicating,20260838,0.08425925925925926,4296,0,1.0,0.0,4338.316666666667,8634
0,4.0,priority_deduplicating,20260839,0.08194444444444444,4296,0,1.0,0.0,4373.288888888889,8622
0,4.0,priority_with_aging,20260840,0.27291666666666664,2209,2087,1.0,71.13560134163872,4374.344444444445,8639
0,4.0,priority_with_aging,20260841,0.3053240740740741,2208,2088,1.0,71.22605363984674,4413.227777777778,8755
0,4.0,priority_with_aging,20260842,0.26666666666666666,2208,2088,1.0,71.65421455938697,4380.133333333333,8680
0,4.0,priority_with_aging,20260843,0.2898148148148148,2208,2088,1.0,70.89894636015326,4290.377777777778,8570
0,4.0,priority_with_aging,20260844,0.2898148148148148,2208,2088,1.0,70.95689655172414,4375.0055555555555,8701
0,4.0,priority_with_aging,20260845,0.25625,2209,2087,1.0,71.63679923334931,4433.222222222223,8771
0,4.0,priority_with_aging,20260846,0.29050925925925924,2208,2088,1.0,70.51867816091954,4340.894444444444,8609
0,4.0,priority_with_aging,20260847,0.2835648148148148,2208,2088,1.0,72.12595785440612,4467.294444444445,8831
0,4.0,priority_with_aging,20260848,0.26944444444444443,2209,2087,1.0,70.58505031145185,4267.377777777778,8506
0,4.0,priority_with_aging,20260849,0.28726851851851853,2208,2088,1.0,71.8199233716475,4358.3388888888885,8590
0,8.0,fifo_blind,20260850,0.5055555555555555,865,3431,72.27167630057804,72.48965316234334,8697.827777777778,17324
0,8.0,fifo_blind,20260851,0.47662037037037036,870,3426,72.93793103448276,72.3782837127846,8744.094444444445,17497
0,8.0,fifo_blind,20260852,0.5527777777777778,869,3427,71.24395857307249,72.40939597315436,8594.383333333333,17135
0,8.0,fifo_blind,20260853,0.5685185185185185,870,3426,73.94827586206897,72.38995913601867,8662.677777777777,17276
0,8.0,fifo_blind,20260854,0.4685185185185185,856,3440,73.20327102803738,72.68197674418604,8715.416666666666,17267
0,8.0,fifo_blind,20260855,0.47708333333333336,847,3449,72.68004722550177,72.86082922586257,8759.522222222222,17327
0,8.0,fifo_blind,20260856,0.5101851851851852,864,3432,73.57638888888889,72.51806526806527,8675.183333333332,17205
0,8.0,fifo_blind,20260857,0.4131944444444444,846,3450,73.8936170212766,72.88231884057971,8784.2,17491
0,8.0,fifo_blind,20260858,0.5115740740740741,866,3430,71.41916859122402,72.47172011661807,8673.083333333334,17219
0,8.0,fifo_blind,20260859,0.4983796296296296,843,3453,72.04033214709371,72.94671300318564,8683.505555555555,17358
0,8.0,priority_deduplicating,20260860,0.07685185185185185,4296,0,1.0,0.0,8726.433333333332,17375
0,8.0,priority_deduplicating,20260861,0.09027777777777778,4296,0,1.0,0.0,8915.866666666667,17490
0,8.0,priority_deduplicating,20260862,0.08564814814814815,4296,0,1.0,0.0,8791.961111111112,17293
0,8.0,priority_deduplicating,20260863,0.09398148148148149,4296,0,1.0,0.0,8608.16111111111,17141
0,8.0,priority_deduplicating,20260864,0.0824074074074074,4296,0,1.0,0.0,8745.983333333334,17476
0,8.0,priority_deduplicating,20260865,0.09305555555555556,4296,0,1.0,0.0,8669.316666666668,17179
0,8.0,priority_deduplicating,20260866,0.09212962962962963,4296,0,1.0,0.0,8668.788888888888,17230
0,8.0,priority_deduplicating,20260867,0.08796296296296297,4296,0,1.0,0.0,8801.455555555556,17494
0,8.0,priority_deduplicating,20260868,0.07546296296296297,4296,0,1.0,0.0,8710.883333333333,17148
0,8.0,priority_deduplicating,20260869,0.07685185185185185,4296,0,1.0,0.0,8676.56111111111,17195
0,8.0,priority_with_aging,20260870,0.2824074074074074,2208,2088,1.0,82.11829501915709,8778.06111111111,17349
0,8.0,priority_with_aging,20260871,0.31180555555555556,2208,2088,1.0,82.34530651340997,8674.172222222222,17253
0,8.0,priority_with_aging,20260872,0.32175925925925924,2208,2088,1.0,82.14415708812261,8733.727777777778,17286
0,8.0,priority_with_aging,20260873,0.2972222222222222,2208,2088,1.0,81.95114942528735,8705.5,17434
0,8.0,priority_with_aging,20260874,0.3189814814814815,2208,2088,1.0,81.83477011494253,8735.905555555555,17331
0,8.0,priority_with_aging,20260875,0.27685185185185185,2208,2088,1.0,82.36111111111111,8925.8,17624
0,8.0,priority_with_aging,20260876,0.3298611111111111,2208,2088,1.0,81.65134099616859,8825.238888888889,17590
0,8.0,priority_with_aging,20260877,0.2847222222222222,2208,2088,1.0,82.03448275862068,8722.333333333334,17384
0,8.0,priority_with_aging,20260878,0.2662037037037037,2208,2088,1.0,82.31369731800767,8744.366666666667,17316
0,8.0,priority_with_aging,20260879,0.2599537037037037,2208,2088,1.0,81.9161877394636,8668.772222222222,17238
1,0.0,fifo_blind,20260880,0.0912037037037037,4296,0,1.0,0.0,24.0,24
1,0.0,fifo_blind,20260881,0.08148148148148149,4296,0,1.0,0.0,24.0,24
1,0.0,fifo_blind,20260882,0.08611111111111111,4296,0,1.0,0.0,24.0,24
1,0.0,fifo_blind,20260883,0.08287037037037037,4296,0,1.0,0.0,24.0,24
1,0.0,fifo_blind,20260884,0.08657407407407407,4296,0,1.0,0.0,24.0,24
1,0.0,fifo_blind,20260885,0.07916666666666666,4296,0,1.0,0.0,24.0,24
1,0.0,fifo_blind,20260886,0.08518518518518518,4296,0,1.0,0.0,24.0,24
1,0.0,fifo_blind,20260887,0.08981481481481482,4296,0,1.0,0.0,24.0,24
1,0.0,fifo_blind,20260888,0.0837962962962963,4296,0,1.0,0.0,24.0,24
1,0.0,fifo_blind,20260889,0.0875,4296,0,1.0,0.0,24.0,24
1,0.0,priority_deduplicating,20260890,0.08148148148148149,4296,0,1.0,0.0,24.0,24
1,0.0,priority_deduplicating,20260891,0.08333333333333333,4296,0,1.0,0.0,24.0,24
1,0.0,priority_deduplicating,20260892,0.08611111111111111,4296,0,1.0,0.0,24.0,24
1,0.0,priority_deduplicating,20260893,0.08425925925925926,4296,0,1.0,0.0,24.0,24
1,0.0,priority_deduplicating,20260894,0.09305555555555556,4296,0,1.0,0.0,24.0,24
1,0.0,priority_deduplicating,20260895,0.08055555555555556,4296,0,1.0,0.0,24.0,24
1,0.0,priority_deduplicating,20260896,0.09259259259259259,4296,0,1.0,0.0,24.0,24
1,0.0,priority_deduplicating,20260897,0.08842592592592592,4296,0,1.0,0.0,24.0,24
1,0.0,priority_deduplicating,20260898,0.07592592592592592,4296,0,1.0,0.0,24.0,24
1,0.0,priority_deduplicating,20260899,0.09166666666666666,4296,0,1.0,0.0,24.0,24
1,0.0,priority_with_aging,20260900,0.08518518518518518,4296,0,1.0,0.0,24.0,24
1,0.0,priority_with_aging,20260901,0.08333333333333333,4296,0,1.0,0.0,24.0,24
1,0.0,priority_with_aging,20260902,0.0837962962962963,4296,0,1.0,0.0,24.0,24
1,0.0,priority_with_aging,20260903,0.07731481481481481,4296,0,1.0,0.0,24.0,24
1,0.0,priority_with_aging,20260904,0.08009259259259259,4296,0,1.0,0.0,24.0,24
1,0.0,priority_with_aging,20260905,0.07592592592592592,4296,0,1.0,0.0,24.0,24
1,0.0,priority_with_aging,20260906,0.08333333333333333,4296,0,1.0,0.0,24.0,24
1,0.0,priority_with_aging,20260907,0.08888888888888889,4296,0,1.0,0.0,24.0,24
1,0.0,priority_with_aging,20260908,0.08796296296296297,4296,0,1.0,0.0,24.0,24
1,0.0,priority_with_aging,20260909,0.07916666666666666,4296,0,1.0,0.0,24.0,24
1,1.0,fifo_blind,20260910,0.4236111111111111,2880,1416,30.095833333333335,30.603107344632768,1100.611111111111,2211
1,1.0,fifo_blind,20260911,0.4648148148148148,2856,1440,31.133403361344538,31.10763888888889,1121.5666666666666,2177
1,1.0,fifo_blind,20260912,0.5025462962962963,2858,1438,30.94156752974108,31.07579972183588,1112.9555555555555,2185
1,1.0,fifo_blind,20260913,0.41759259259259257,2853,1443,30.88888888888889,31.13929313929314,1120.5333333333333,2199
1,1.0,fifo_blind,20260914,0.3990740740740741,2852,1444,30.977559607293127,31.28185595567867,1125.2888888888888,2227
1,1.0,fifo_blind,20260915,0.4912037037037037,2873,1423,30.945353289244693,30.688685874912156,1098.111111111111,2094
1,1.0,fifo_blind,20260916,0.44583333333333336,2817,1479,32.29037983670572,31.89181879648411,1169.8666666666666,2269
1,1.0,fifo_blind,20260917,0.43194444444444446,2862,1434,30.636268343815512,30.971408647140866,1114.5611111111111,2173
1,1.0,fifo_blind,20260918,0.4270833333333333,2877,1419,30.182134167535626,30.60817477096547,1090.2666666666667,2145
1,1.0,fifo_blind,20260919,0.4826388888888889,2886,1410,30.44975744975745,30.53191489361702,1089.4222222222222,2141
1,1.0,priority_deduplicating,20260920,0.09305555555555556,4296,0,1.0,0.0,1098.9833333333333,2137
1,1.0,priority_deduplicating,20260921,0.08148148148148149,4296,0,1.0,0.0,1109.5444444444445,2149
1,1.0,priority_deduplicating,20260922,0.08009259259259259,4296,0,1.0,0.0,1133.5333333333333,2229
1,1.0,priority_deduplicating,20260923,0.0787037037037037,4296,0,1.0,0.0,1088.2833333333333,2145
1,1.0,priority_deduplicating,20260924,0.08518518518518518,4296,0,1.0,0.0,1124.3944444444444,2244
1,1.0,priority_deduplicating,20260925,0.08425925925925926,4296,0,1.0,0.0,1087.0722222222223,2165
1,1.0,priority_deduplicating,20260926,0.08101851851851852,4296,0,1.0,0.0,1127.9055555555556,2219
1,1.0,priority_deduplicating,20260927,0.08518518518518518,4296,0,1.0,0.0,1087.2722222222221,2160
1,1.0,priority_deduplicating,20260928,0.07916666666666666,4296,0,1.0,0.0,1126.9277777777777,2201
1,1.0,priority_deduplicating,20260929,0.07916666666666666,4296,0,1.0,0.0,1135.6,2201
1,1.0,priority_with_aging,20260930,0.24930555555555556,2320,1976,1.0,12.59008097165992,1123.3722222222223,2179
1,1.0,priority_with_aging,20260931,0.25787037037037036,2317,1979,1.0,12.17988883274381,1110.5444444444445,2198
1,1.0,priority_with_aging,20260932,0.2712962962962963,2350,1946,1.0,12.159301130524153,1100.4222222222222,2124
1,1.0,priority_with_aging,20260933,0.25787037037037036,2331,1965,1.0,11.51704834605598,1098.5833333333333,2167
1,1.0,priority_with_aging,20260934,0.26087962962962963,2278,2018,1.0,14.197720515361745,1161.2611111111112,2230
1,1.0,priority_with_aging,20260935,0.2601851851851852,2353,1943,1.0,11.765826042202779,1081.0111111111112,2150
1,1.0,priority_with_aging,20260936,0.24560185185185185,2279,2017,1.0,11.469013386217155,1138.2055555555555,2261
1,1.0,priority_with_aging,20260937,0.24861111111111112,2352,1944,1.0,13.508230452674898,1103.15,2193
1,1.0,priority_with_aging,20260938,0.2585648148148148,2298,1998,1.0,14.28928928928929,1151.1222222222223,2243
1,1.0,priority_with_aging,20260939,0.2604166666666667,2332,1964,1.0,11.878818737270876,1113.0833333333333,2147
1,2.0,fifo_blind,20260940,0.46944444444444444,2159,2137,44.49652616952293,45.583528310715955,2172.9777777777776,4310
1,2.0,fifo_blind,20260941,0.42939814814814814,2152,2144,44.80762081784387,45.71082089552239,2191.761111111111,4375
1,2.0,fifo_blind,20260942,0.4583333333333333,2179,2117,44.25883432767324,45.170996693434105,2137.766666666667,4291
1,2.0,fifo_blind,20260943,0.48842592592592593,2144,2152,46.449160447761194,45.899628252788105,2217.777777777778,4363
1,2.0,fifo_blind,20260944,0.456712962962963,2135,2161,45.41498829039813,46.05599259602036,2210.7722222222224,4373
1,2.0,fifo_blind,20260945,0.5037037037037037,2115,2181,46.53900709219858,46.46217331499312,2244.3555555555554,4419
1,2.0,fifo_blind,20260946,0.5106481481481482,2158,2138,45.695551436515295,45.57951356407858,2186.3722222222223,4331
1,2.0,fifo_blind,20260947,0.4900462962962963,2185,2111,44.21967963386728,45.08432022738039,2116.6833333333334,4208
1,2.0,fifo_blind,20260948,0.4837962962962963,2140,2156,45.69626168224299,45.94712430426716,2181.011111111111,4306
1,2.0,fifo_blind,20260949,0.45092592592592595,2151,2145,45.19014411901441,45.74638694638695,2188.761111111111,4333
1,2.0,priority_deduplicating,20260950,0.0962962962962963,4296,0,1.0,0.0,2165.061111111111,4273
1,2.0,priority_deduplicating,20260951,0.08657407407407407,4296,0,1.0,0.0,2198.5777777777776,4338
1,2.0,priority_deduplicating,20260952,0.08425925925925926,4296,0,1.0,0.0,2181.6666666666665,4353
1,2.0,priority_deduplicating,20260953,0.08703703703703704,4296,0,1.0,0.0,2257.5333333333333,4429
1,2.0,priority_deduplicating,20260954,0.09027777777777778,4296,0,1.0,0.0,2137.8333333333335,4267
1,2.0,priority_deduplicating,20260955,0.0912037037037037,4296,0,1.0,0.0,2191.2166666666667,4333
1,2.0,priority_deduplicating,20260956,0.07824074074074074,4296,0,1.0,0.0,2221.0777777777776,4403
1,2.0,priority_deduplicating,20260957,0.07962962962962963,4296,0,1.0,0.0,2170.4944444444445,4261
1,2.0,priority_deduplicating,20260958,0.0787037037037037,4296,0,1.0,0.0,2272.3777777777777,4471
1,2.0,priority_deduplicating,20260959,0.08194444444444444,4296,0,1.0,0.0,2220.6555555555556,4397
1,2.0,priority_with_aging,20260960,0.2877314814814815,2213,2083,1.0,48.55544887181949,2147.527777777778,4275
1,2.0,priority_with_aging,20260961,0.29976851851851855,2213,2083,1.0,49.37734037445991,2160.483333333333,4308
1,2.0,priority_with_aging,20260962,0.25833333333333336,2211,2085,1.0,47.656594724220625,2150.116666666667,4264
1,2.0,priority_with_aging,20260963,0.2951388888888889,2212,2084,1.0,50.798464491362765,2247.2166666666667,4457
1,2.0,priority_with_aging,20260964,0.2796296296296296,2210,2086,1.0,48.537871524448704,2173.4166666666665,4329
1,2.0,priority_with_aging,20260965,0.26944444444444443,2209,2087,1.0,47.82079540009583,2165.822222222222,4340
1,2.0,priority_with_aging,20260966,0.25810185185185186,2213,2083,1.0,49.610177628420544,2220.9666666666667,4425
1,2.0,priority_with_aging,20260967,0.30324074074074076,2210,2086,1.0,50.168744007670185,2235.983333333333,4459
1,2.0,priority_with_aging,20260968,0.2759259259259259,2210,2086,1.0,49.170661553211886,2209.35,4332
1,2.0,priority_with_aging,20260969,0.24166666666666667,2208,2088,1.0,49.02107279693487,2202.4777777777776,4354
1,4.0,fifo_blind,20260970,0.48125,1448,2848,59.7396408839779,60.373946629213485,4322.972222222223,8627
1,4.0,fifo_blind,20260971,0.4703703703703704,1440,2856,59.66180555555555,60.5266106442577,4325.644444444444,8606
1,4.0,fifo_blind,20260972,0.48356481481481484,1422,2874,60.67651195499297,60.907446068197636,4420.75,8777
1,4.0,fifo_blind,20260973,0.47175925925925927,1435,2861,61.2383275261324,60.64802516602587,4349.511111111111,8631
1,4.0,fifo_blind,20260974,0.4756944444444444,1425,2871,60.915789473684214,60.847439916405435,4386.477777777778,8613
1,4.0,fifo_blind,20260975,0.4708333333333333,1469,2827,59.502382573179034,59.92536257516802,4267.127777777778,8540
1,4.0,fifo_blind,20260976,0.4986111111111111,1428,2868,61.03361344537815,60.767085076708504,4397.222222222223,8670
1,4.0,fifo_blind,20260977,0.4513888888888889,1459,2837,59.51267991775188,60.13852661261896,4320.666666666667,8610
1,4.0,fifo_blind,20260978,0.42569444444444443,1432,2864,60.7213687150838,60.690293296089386,4341.622222222222,8597
1,4.0,fifo_blind,20260979,0.4979166666666667,1413,2883,60.56404812455768,61.06902532084634,4420.427777777778,8712
1,4.0,priority_deduplicating,20260980,0.09305555555555556,4296,0,1.0,0.0,4424.061111111111,8738
1,4.0,priority_deduplicating,20260981,0.08703703703703704,4296,0,1.0,0.0,4375.561111111111,8681
1,4.0,priority_deduplicating,20260982,0.08796296296296297,4296,0,1.0,0.0,4344.233333333334,8636
1,4.0,priority_deduplicating,20260983,0.08888888888888889,4296,0,1.0,0.0,4343.622222222222,8620
1,4.0,priority_deduplicating,20260984,0.08333333333333333,4296,0,1.0,0.0,4383.655555555555,8676
1,4.0,priority_deduplicating,20260985,0.08425925925925926,4296,0,1.0,0.0,4540.1,8847
1,4.0,priority_deduplicating,20260986,0.07824074074074074,4296,0,1.0,0.0,4341.422222222222,8565
1,4.0,priority_deduplicating,20260987,0.09305555555555556,4296,0,1.0,0.0,4502.377777777778,8864
1,4.0,priority_deduplicating,20260988,0.08657407407407407,4296,0,1.0,0.0,4385.694444444444,8631
1,4.0,priority_deduplicating,20260989,0.08194444444444444,4296,0,1.0,0.0,4354.95,8623
1,4.0,priority_with_aging,20260990,0.28564814814814815,2208,2088,1.0,70.76005747126437,4349.355555555556,8629
1,4.0,priority_with_aging,20260991,0.30462962962962964,2208,2088,1.0,71.09051724137932,4294.311111111111,8536
1,4.0,priority_with_aging,20260992,0.2814814814814815,2208,2088,1.0,71.12691570881226,4323.216666666666,8647
1,4.0,priority_with_aging,20260993,0.3296296296296296,2208,2088,1.0,70.53017241379311,4384.733333333334,8724
1,4.0,priority_with_aging,20260994,0.27291666666666664,2208,2088,1.0,71.35249042145594,4343.383333333333,8576
1,4.0,priority_with_aging,20260995,0.29398148148148145,2208,2088,1.0,70.84674329501915,4341.638888888889,8651
1,4.0,priority_with_aging,20260996,0.2935185185185185,2208,2088,1.0,70.87116858237547,4236.0,8426
1,4.0,priority_with_aging,20260997,0.2881944444444444,2209,2087,1.0,71.30905606133206,4414.861111111111,8710
1,4.0,priority_with_aging,20260998,0.2462962962962963,2208,2088,1.0,71.09818007662835,4406.977777777778,8776
1,4.0,priority_with_aging,20260999,0.28958333333333336,2208,2088,1.0,71.17432950191571,4367.677777777778,8644
1,8.0,fifo_blind,20261000,0.5578703703703703,855,3441,72.34502923976608,72.6974716652136,8839.083333333334,17611
1,8.0,fifo_blind,20261001,0.5159722222222223,859,3437,72.35389988358557,72.61332557462903,8745.577777777778,17307
1,8.0,fifo_blind,20261002,0.5125,854,3442,72.78922716627635,72.71673445671121,8771.544444444444,17407
1,8.0,fifo_blind,20261003,0.5030092592592592,867,3429,72.91810841983852,72.4514435695538,8653.133333333333,17211
1,8.0,fifo_blind,20261004,0.48009259259259257,848,3448,72.37382075471699,72.84599767981439,8772.83888888889,17294
1,8.0,fifo_blind,20261005,0.5481481481481482,847,3449,71.33530106257379,72.85677007828356,8752.144444444444,17349
1,8.0,fifo_blind,20261006,0.46111111111111114,882,3414,72.34126984126983,72.13239601640305,8534.683333333332,17049
1,8.0,fifo_blind,20261007,0.5108796296296296,855,3441,73.19415204678363,72.69514675966289,8856.9,17539
1,8.0,fifo_blind,20261008,0.5120370370370371,855,3441,71.56140350877193,72.6974716652136,8705.255555555555,17346
1,8.0,fifo_blind,20261009,0.5030092592592592,853,3443,72.19226260257913,72.73918094684868,8760.083333333334,17347
1,8.0,priority_deduplicating,20261010,0.08564814814814815,4296,0,1.0,0.0,8618.43888888889,17208
1,8.0,priority_deduplicating,20261011,0.09675925925925925,4296,0,1.0,0.0,8638.31111111111,17179
1,8.0,priority_deduplicating,20261012,0.07546296296296297,4296,0,1.0,0.0,8662.18888888889,17265
1,8.0,priority_deduplicating,20261013,0.08055555555555556,4296,0,1.0,0.0,8807.427777777777,17466
1,8.0,priority_deduplicating,20261014,0.0837962962962963,4296,0,1.0,0.0,8688.255555555555,17286
1,8.0,priority_deduplicating,20261015,0.08703703703703704,4296,0,1.0,0.0,8589.105555555556,17154
1,8.0,priority_deduplicating,20261016,0.08888888888888889,4296,0,1.0,0.0,8671.633333333333,17262
1,8.0,priority_deduplicating,20261017,0.10416666666666667,4296,0,1.0,0.0,8714.005555555555,17319
1,8.0,priority_deduplicating,20261018,0.08611111111111111,4296,0,1.0,0.0,8618.31111111111,17170
1,8.0,priority_deduplicating,20261019,0.08194444444444444,4296,0,1.0,0.0,8617.216666666667,17196
1,8.0,priority_with_aging,20261020,0.30162037037037037,2208,2088,1.0,82.05124521072797,8619.388888888889,17065
1,8.0,priority_with_aging,20261021,0.29467592592592595,2208,2088,1.0,82.21072796934865,8787.511111111111,17365
1,8.0,priority_with_aging,20261022,0.2759259259259259,2208,2088,1.0,81.8654214559387,8744.605555555556,17341
1,8.0,priority_with_aging,20261023,0.2449074074074074,2208,2088,1.0,82.10057471264368,8716.266666666666,17407
1,8.0,priority_with_aging,20261024,0.30162037037037037,2208,2088,1.0,81.81896551724138,8579.844444444445,17056
1,8.0,priority_with_aging,20261025,0.30648148148148147,2208,2088,1.0,82.41235632183908,8820.022222222222,17416
1,8.0,priority_with_aging,20261026,0.29282407407407407,2208,2088,1.0,82.56226053639847,8876.533333333333,17510
1,8.0,priority_with_aging,20261027,0.32523148148148145,2208,2088,1.0,81.63840996168582,8643.872222222222,17299
1,8.0,priority_with_aging,20261028,0.27708333333333335,2208,2088,1.0,81.70162835249042,8596.45,17062
1,8.0,priority_with_aging,20261029,0.31875,2208,2088,1.0,82.12547892720306,8707.111111111111,17289
2,0.0,fifo_blind,20261030,0.14629629629629629,4272,0,2.0,0.0,47.86666666666667,48
2,0.0,fifo_blind,20261031,0.14953703703703702,4272,0,2.0,0.0,47.86666666666667,48
2,0.0,fifo_blind,20261032,0.1726851851851852,4272,0,2.0,0.0,47.86666666666667,48
2,0.0,fifo_blind,20261033,0.14166666666666666,4272,0,2.0,0.0,47.86666666666667,48
2,0.0,fifo_blind,20261034,0.1587962962962963,4272,0,2.0,0.0,47.86666666666667,48
2,0.0,fifo_blind,20261035,0.1449074074074074,4272,0,2.0,0.0,47.86666666666667,48
2,0.0,fifo_blind,20261036,0.15925925925925927,4272,0,2.0,0.0,47.86666666666667,48
2,0.0,fifo_blind,20261037,0.14907407407407408,4272,0,2.0,0.0,47.86666666666667,48
2,0.0,fifo_blind,20261038,0.13796296296296295,4272,0,2.0,0.0,47.86666666666667,48
2,0.0,fifo_blind,20261039,0.1675925925925926,4272,0,2.0,0.0,47.86666666666667,48
2,0.0,priority_deduplicating,20261040,0.16435185185185186,4272,0,2.0,0.0,47.86666666666667,48
2,0.0,priority_deduplicating,20261041,0.15925925925925927,4272,0,2.0,0.0,47.86666666666667,48
2,0.0,priority_deduplicating,20261042,0.1486111111111111,4272,0,2.0,0.0,47.86666666666667,48
2,0.0,priority_deduplicating,20261043,0.16944444444444445,4272,0,2.0,0.0,47.86666666666667,48
2,0.0,priority_deduplicating,20261044,0.16157407407407406,4272,0,2.0,0.0,47.86666666666667,48
2,0.0,priority_deduplicating,20261045,0.14537037037037037,4272,0,2.0,0.0,47.86666666666667,48
2,0.0,priority_deduplicating,20261046,0.15324074074074073,4272,0,2.0,0.0,47.86666666666667,48
2,0.0,priority_deduplicating,20261047,0.17453703703703705,4272,0,2.0,0.0,47.86666666666667,48
2,0.0,priority_deduplicating,20261048,0.16944444444444445,4272,0,2.0,0.0,47.86666666666667,48
2,0.0,priority_deduplicating,20261049,0.15833333333333333,4272,0,2.0,0.0,47.86666666666667,48
2,0.0,priority_with_aging,20261050,0.16203703703703703,4272,0,2.0,0.0,47.86666666666667,48
2,0.0,priority_with_aging,20261051,0.14953703703703702,4272,0,2.0,0.0,47.86666666666667,48
2,0.0,priority_with_aging,20261052,0.16712962962962963,4272,0,2.0,0.0,47.86666666666667,48
2,0.0,priority_with_aging,20261053,0.15925925925925927,4272,0,2.0,0.0,47.86666666666667,48
2,0.0,priority_with_aging,20261054,0.15648148148148147,4272,0,2.0,0.0,47.86666666666667,48
2,0.0,priority_with_aging,20261055,0.16666666666666666,4272,0,2.0,0.0,47.86666666666667,48
2,0.0,priority_with_aging,20261056,0.1412037037037037,4272,0,2.0,0.0,47.86666666666667,48
2,0.0,priority_with_aging,20261057,0.15925925925925927,4272,0,2.0,0.0,47.86666666666667,48
2,0.0,priority_with_aging,20261058,0.13425925925925927,4272,0,2.0,0.0,47.86666666666667,48
2,0.0,priority_with_aging,20261059,0.14629629629629629,4272,0,2.0,0.0,47.86666666666667,48
2,1.0,fifo_blind,20261060,0.4201388888888889,2880,1397,30.569097222222222,30.974946313528992,1102.9888888888888,2192
2,1.0,fifo_blind,20261061,0.4877314814814815,2851,1432,31.237460540161347,31.433659217877096,1121.4444444444443,2175
2,1.0,fifo_blind,20261062,0.46458333333333335,2828,1454,31.921852899575672,32.0,1154.2166666666667,2234
2,1.0,fifo_blind,20261063,0.5048611111111111,2827,1456,31.837990802971348,31.978708791208792,1151.2388888888888,2236
2,1.0,fifo_blind,20261064,0.45578703703703705,2809,1480,31.990388038447847,32.230405405405406,1170.7555555555555,2271
2,1.0,fifo_blind,20261065,0.4476851851851852,2829,1455,32.75609756097561,31.875601374570447,1152.85,2166
2,1.0,fifo_blind,20261066,0.4689814814814815,2867,1417,30.67282874084409,31.100211714890612,1105.5222222222221,2173
2,1.0,fifo_blind,20261067,0.42453703703703705,2832,1450,31.08580508474576,31.913793103448278,1129.9611111111112,2209
2,1.0,fifo_blind,20261068,0.4412037037037037,2869,1416,31.429417915650053,31.031073446327685,1118.1166666666666,2180
2,1.0,fifo_blind,20261069,0.48310185185185184,2810,1471,31.914946619217083,32.317471108089734,1156.6277777777777,2235
2,1.0,priority_deduplicating,20261070,0.16018518518518518,4272,12,2.0,1.0,1148.611111111111,2234
2,1.0,priority_deduplicating,20261071,0.15787037037037038,4272,8,2.0,1.0,1112.5388888888888,2220
2,1.0,priority_deduplicating,20261072,0.15694444444444444,4272,9,2.0,1.0,1105.911111111111,2190
2,1.0,priority_deduplicating,20261073,0.15601851851851853,4272,14,2.0,1.0,1104.8333333333333,2179
2,1.0,priority_deduplicating,20261074,0.17685185185185184,4272,14,2.0,1.0,1107.5777777777778,2210
2,1.0,priority_deduplicating,20261075,0.1597222222222222,4272,12,2.0,1.0,1082.9333333333334,2124
2,1.0,priority_deduplicating,20261076,0.15787037037037038,4272,13,2.0,1.0,1111.9666666666667,2146
2,1.0,priority_deduplicating,20261077,0.1597222222222222,4272,13,2.0,1.0,1125.7333333333333,2173
2,1.0,priority_deduplicating,20261078,0.13935185185185187,4272,10,2.0,1.0,1176.338888888889,2265
2,1.0,priority_deduplicating,20261079,0.1425925925925926,4272,10,2.0,1.0,1140.4833333333333,2243
2,1.0,priority_with_aging,20261080,0.3071759259259259,2315,1966,2.0,12.228891149542218,1122.7833333333333,2187
2,1.0,priority_with_aging,20261081,0.28125,2329,1955,2.0,11.817391304347826,1104.2722222222221,2208
2,1.0,priority_with_aging,20261082,0.3055555555555556,2278,2004,2.0,12.798403193612774,1149.5777777777778,2249
2,1.0,priority_with_aging,20261083,0.28379629629629627,2327,1960,2.0,12.053571428571429,1117.5277777777778,2194
2,1.0,priority_with_aging,20261084,0.30833333333333335,2371,1906,2.0,11.136935991605457,1076.1444444444444,2145
2,1.0,priority_with_aging,20261085,0.2935185185185185,2285,1991,2.0,12.861878453038674,1147.85,2289
2,1.0,priority_with_aging,20261086,0.2986111111111111,2297,1984,2.0,13.748487903225806,1151.1222222222223,2275
2,1.0,priority_with_aging,20261087,0.2793981481481482,2288,1992,2.0,14.929718875502008,1170.7611111111112,2273
2,1.0,priority_with_aging,20261088,0.31504629629629627,2293,1989,2.0,12.768728004022122,1141.0722222222223,2248
2,1.0,priority_with_aging,20261089,0.28726851851851853,2302,1977,2.0,10.899848254931715,1110.6777777777777,2150
2,2.0,fifo_blind,20261090,0.4962962962962963,2152,2135,44.56877323420074,45.90351288056206,2151.8055555555557,4230
2,2.0,fifo_blind,20261091,0.5006944444444444,2142,2147,46.05835667600373,46.043782021425244,2196.983333333333,4326
2,2.0,fifo_blind,20261092,0.46805555555555556,2154,2138,45.682451253481894,45.720767072029936,2192.411111111111,4358
2,2.0,fifo_blind,20261093,0.44189814814814815,2161,2132,44.81860249884313,45.58536585365854,2164.2166666666667,4262
2,2.0,fifo_blind,20261094,0.49953703703703706,2169,2123,46.43430152143845,45.4559585492228,2167.2055555555557,4244
2,2.0,fifo_blind,20261095,0.5122685185185185,2175,2117,45.04,45.353802550779406,2156.2,4292
2,2.0,fifo_blind,20261096,0.5081018518518519,2145,2145,45.18041958041958,45.9986013986014,2210.45,4413
2,2.0,fifo_blind,20261097,0.5087962962962963,2128,2163,46.535244360902254,46.3291724456773,2231.427777777778,4409
2,2.0,fifo_blind,20261098,0.45439814814814816,2139,2153,46.31276297335204,46.094287041337665,2223.811111111111,4370
2,2.0,fifo_blind,20261099,0.5173611111111112,2132,2159,45.882270168855534,46.2130616025938,2224.0555555555557,4369
2,2.0,priority_deduplicating,20261100,0.14074074074074075,4272,17,2.0,1.0,2223.8611111111113,4419
2,2.0,priority_deduplicating,20261101,0.16296296296296298,4272,15,2.0,1.0,2228.161111111111,4380
2,2.0,priority_deduplicating,20261102,0.15138888888888888,4272,18,2.0,1.0,2170.538888888889,4338
2,2.0,priority_deduplicating,20261103,0.16018518518518518,4272,17,2.0,1.0,2180.9555555555557,4322
2,2.0,priority_deduplicating,20261104,0.17314814814814813,4272,20,2.0,1.0,2261.427777777778,4469
2,2.0,priority_deduplicating,20261105,0.13425925925925927,4272,23,2.0,1.0,2187.3,4364
2,2.0,priority_deduplicating,20261106,0.16805555555555557,4272,15,2.0,1.0,2224.6388888888887,4377
2,2.0,priority_deduplicating,20261107,0.16712962962962963,4272,18,2.0,1.0,2163.222222222222,4262
2,2.0,priority_deduplicating,20261108,0.1699074074074074,4272,17,2.0,1.0,2153.5055555555555,4306
2,2.0,priority_deduplicating,20261109,0.15833333333333333,4272,19,2.0,1.0,2235.2722222222224,4381
2,2.0,priority_with_aging,20261110,0.2935185185185185,2198,2093,2.0,48.484472049689444,2191.011111111111,4334
2,2.0,priority_with_aging,20261111,0.34305555555555556,2195,2093,2.0,48.36741519350215,2200.7444444444445,4354
2,2.0,priority_with_aging,20261112,0.3266203703703704,2195,2093,2.0,48.779264214046826,2212.3777777777777,4369
2,2.0,priority_with_aging,20261113,0.30833333333333335,2196,2095,2.0,47.81002386634845,2181.961111111111,4304
2,2.0,priority_with_aging,20261114,0.33819444444444446,2190,2101,2.0,50.45264159923846,2287.222222222222,4485
2,2.0,priority_with_aging,20261115,0.2759259259259259,2192,2098,2.0,50.040038131553864,2272.411111111111,4471
2,2.0,priority_with_aging,20261116,0.32731481481481484,2194,2094,2.0,49.651384909264564,2230.266666666667,4320
2,2.0,priority_with_aging,20261117,0.31805555555555554,2193,2096,2.0,45.13454198473283,2113.2166666666667,4275
2,2.0,priority_with_aging,20261118,0.32893518518518516,2194,2094,2.0,48.65902578796562,2188.8944444444446,4305
2,2.0,priority_with_aging,20261119,0.3386574074074074,2195,2090,2.0,49.46555023923445,2224.188888888889,4389
2,4.0,fifo_blind,20261120,0.5050925925925925,1483,2812,58.86446392447741,59.66287339971551,4277.522222222222,8600
2,4.0,fifo_blind,20261121,0.5287037037037037,1426,2867,60.6164095371669,60.87478200209278,4443.438888888889,8797
2,4.0,fifo_blind,20261122,0.5222222222222223,1438,2857,60.99374130737135,60.5792789639482,4350.833333333333,8611
2,4.0,fifo_blind,20261123,0.48564814814814816,1434,2861,61.281729428172945,60.672142607479906,4376.272222222222,8766
2,4.0,fifo_blind,20261124,0.48680555555555555,1426,2868,61.732819074333804,60.84902370990237,4358.016666666666,8575
2,4.0,fifo_blind,20261125,0.5039351851851852,1450,2845,61.16620689655172,60.32091388400703,4413.777777777777,8778
2,4.0,fifo_blind,20261126,0.4983796296296296,1428,2867,60.97198879551821,60.79176839902337,4417.844444444445,8789
2,4.0,fifo_blind,20261127,0.4840277777777778,1436,2856,60.651114206128135,60.69327731092437,4421.527777777777,8813
2,4.0,fifo_blind,20261128,0.544675925925926,1463,2832,59.29118250170882,60.059322033898304,4259.544444444445,8500
2,4.0,fifo_blind,20261129,0.4724537037037037,1407,2889,61.405117270788914,61.20076150917272,4443.155555555555,8768
2,4.0,priority_deduplicating,20261130,0.1537037037037037,4272,24,2.0,1.0,4370.577777777778,8631
2,4.0,priority_deduplicating,20261131,0.16342592592592592,4272,23,2.0,1.0,4301.077777777778,8619
2,4.0,priority_deduplicating,20261132,0.14166666666666666,4272,22,2.0,1.0,4352.35,8548
2,4.0,priority_deduplicating,20261133,0.16944444444444445,4272,23,2.0,1.0,4290.938888888889,8608
2,4.0,priority_deduplicating,20261134,0.15833333333333333,4272,23,2.0,1.0,4297.927777777778,8555
2,4.0,priority_deduplicating,20261135,0.14722222222222223,4272,22,2.0,1.0,4312.538888888889,8591
2,4.0,priority_deduplicating,20261136,0.15046296296296297,4272,24,2.0,1.0,4396.777777777777,8699
2,4.0,priority_deduplicating,20261137,0.1537037037037037,4272,22,2.0,1.0,4451.977777777778,8791
2,4.0,priority_deduplicating,20261138,0.125,4272,24,2.0,1.0,4458.222222222223,8817
2,4.0,priority_deduplicating,20261139,0.14675925925925926,4272,24,2.0,1.0,4324.75,8566
2,4.0,priority_with_aging,20261140,0.31875,2185,2111,2.0,69.39554713405968,4323.7555555555555,8596
2,4.0,priority_with_aging,20261141,0.3013888888888889,2187,2107,2.0,70.17607973421927,4334.177777777778,8644
2,4.0,priority_with_aging,20261142,0.3502314814814815,2185,2111,2.0,70.26717195641876,4414.327777777778,8734
2,4.0,priority_with_aging,20261143,0.32569444444444445,2186,2109,2.0,70.74774774774775,4457.55,8772
2,4.0,priority_with_aging,20261144,0.3386574074074074,2188,2107,2.0,70.28381585192217,4353.594444444445,8567
2,4.0,priority_with_aging,20261145,0.3476851851851852,2186,2109,2.0,69.91322901849217,4413.227777777778,8801
2,4.0,priority_with_aging,20261146,0.30671296296296297,2188,2105,2.0,68.45130641330167,4270.038888888889,8565
2,4.0,priority_with_aging,20261147,0.3347222222222222,2188,2105,2.0,70.32541567695962,4335.277777777777,8635
2,4.0,priority_with_aging,20261148,0.3138888888888889,2187,2109,2.0,70.38880986249407,4441.711111111111,8775
2,4.0,priority_with_aging,20261149,0.33032407407407405,2186,2108,2.0,70.27277039848197,4405.172222222222,8639
2,8.0,fifo_blind,20261150,0.5104166666666666,872,3424,72.36009174311927,72.33644859813084,8728.461111111112,17376
2,8.0,fifo_blind,20261151,0.5298611111111111,868,3428,71.48271889400921,72.41831971995333,8668.366666666667,17287
2,8.0,fifo_blind,20261152,0.5136574074074074,848,3448,72.21344339622641,72.83816705336427,8788.677777777777,17375
2,8.0,fifo_blind,20261153,0.4791666666666667,854,3442,73.00702576112413,72.7178965717606,8768.93888888889,17295
2,8.0,fifo_blind,20261154,0.5085648148148149,837,3459,73.79928315412187,73.06822781150622,8832.95,17421
2,8.0,fifo_blind,20261155,0.5287037037037037,885,3411,71.8180790960452,72.0718264438581,8513.416666666666,17030
2,8.0,fifo_blind,20261156,0.5363425925925925,867,3428,73.45790080738178,72.46353558926488,8810.81111111111,17422
2,8.0,fifo_blind,20261157,0.506712962962963,860,3436,73.80813953488372,72.58847497089639,8717.616666666667,17376
2,8.0,fifo_blind,20261158,0.4634259259259259,852,3444,73.75117370892019,72.75667828106853,8755.016666666666,17264
2,8.0,fifo_blind,20261159,0.46828703703703706,839,3457,71.96543504171633,73.02805901070292,8851.172222222222,17491
2,8.0,priority_deduplicating,20261160,0.17546296296296296,4272,24,2.0,1.0,8711.144444444444,17269
2,8.0,priority_deduplicating,20261161,0.1439814814814815,4272,24,2.0,1.0,8779.95,17446
2,8.0,priority_deduplicating,20261162,0.1597222222222222,4272,24,2.0,1.0,8778.244444444445,17335
2,8.0,priority_deduplicating,20261163,0.17453703703703705,4272,24,2.0,1.0,8827.861111111111,17574
2,8.0,priority_deduplicating,20261164,0.13472222222222222,4272,24,2.0,1.0,8677.65,17117
2,8.0,priority_deduplicating,20261165,0.1476851851851852,4272,24,2.0,1.0,8700.677777777777,17325
2,8.0,priority_deduplicating,20261166,0.16342592592592592,4272,24,2.0,1.0,8728.933333333332,17485
2,8.0,priority_deduplicating,20261167,0.17685185185185184,4272,24,2.0,1.0,8759.422222222222,17484
2,8.0,priority_deduplicating,20261168,0.14629629629629629,4272,24,2.0,1.0,8813.95,17529
2,8.0,priority_deduplicating,20261169,0.14907407407407408,4272,24,2.0,1.0,8732.45,17367
2,8.0,priority_with_aging,20261170,0.3275462962962963,2184,2112,2.0,80.89488636363636,8754.06111111111,17327
2,8.0,priority_with_aging,20261171,0.3178240740740741,2184,2112,2.0,80.95217803030303,8678.144444444444,17244
2,8.0,priority_with_aging,20261172,0.2775462962962963,2184,2112,2.0,80.87926136363636,8696.916666666666,17282
2,8.0,priority_with_aging,20261173,0.3418981481481482,2184,2112,2.0,81.06581439393939,8713.994444444445,17232
2,8.0,priority_with_aging,20261174,0.3662037037037037,2184,2112,2.0,80.64535984848484,8600.377777777778,17167
2,8.0,priority_with_aging,20261175,0.33125,2184,2112,2.0,80.35795454545455,8578.81111111111,17081
2,8.0,priority_with_aging,20261176,0.32060185185185186,2184,2112,2.0,80.453125,8653.494444444445,17184
2,8.0,priority_with_aging,20261177,0.32175925925925924,2184,2112,2.0,80.88920454545455,8738.08888888889,17372
2,8.0,priority_with_aging,20261178,0.31666666666666665,2185,2110,2.0,81.0170616113744,8721.35,17356
2,8.0,priority_with_aging,20261179,0.31550925925925927,2184,2112,2.0,81.0094696969697,8636.194444444445,17204
3,0.0,fifo_blind,20261180,0.2074074074074074,4248,0,3.0,0.0,71.6,72
3,0.0,fifo_blind,20261181,0.20833333333333334,4248,0,3.0,0.0,71.6,72
3,0.0,fifo_blind,20261182,0.22361111111111112,4248,0,3.0,0.0,71.6,72
3,0.0,fifo_blind,20261183,0.2175925925925926,4248,0,3.0,0.0,71.6,72
3,0.0,fifo_blind,20261184,0.19305555555555556,4248,0,3.0,0.0,71.6,72
3,0.0,fifo_blind,20261185,0.2125,4248,0,3.0,0.0,71.6,72
3,0.0,fifo_blind,20261186,0.21944444444444444,4248,0,3.0,0.0,71.6,72
3,0.0,fifo_blind,20261187,0.22685185185185186,4248,0,3.0,0.0,71.6,72
3,0.0,fifo_blind,20261188,0.24444444444444444,4248,0,3.0,0.0,71.6,72
3,0.0,fifo_blind,20261189,0.20833333333333334,4248,0,3.0,0.0,71.6,72
3,0.0,priority_deduplicating,20261190,0.21851851851851853,4248,0,3.0,0.0,71.6,72
3,0.0,priority_deduplicating,20261191,0.22314814814814815,4248,0,3.0,0.0,71.6,72
3,0.0,priority_deduplicating,20261192,0.2212962962962963,4248,0,3.0,0.0,71.6,72
3,0.0,priority_deduplicating,20261193,0.23055555555555557,4248,0,3.0,0.0,71.6,72
3,0.0,priority_deduplicating,20261194,0.20787037037037037,4248,0,3.0,0.0,71.6,72
3,0.0,priority_deduplicating,20261195,0.2273148148148148,4248,0,3.0,0.0,71.6,72
3,0.0,priority_deduplicating,20261196,0.20092592592592592,4248,0,3.0,0.0,71.6,72
3,0.0,priority_deduplicating,20261197,0.21666666666666667,4248,0,3.0,0.0,71.6,72
3,0.0,priority_deduplicating,20261198,0.2273148148148148,4248,0,3.0,0.0,71.6,72
3,0.0,priority_deduplicating,20261199,0.2037037037037037,4248,0,3.0,0.0,71.6,72
3,0.0,priority_with_aging,20261200,0.2125,4248,0,3.0,0.0,71.6,72
3,0.0,priority_with_aging,20261201,0.19490740740740742,4248,0,3.0,0.0,71.6,72
3,0.0,priority_with_aging,20261202,0.20277777777777778,4248,0,3.0,0.0,71.6,72
3,0.0,priority_with_aging,20261203,0.21851851851851853,4248,0,3.0,0.0,71.6,72
3,0.0,priority_with_aging,20261204,0.22870370370370371,4248,0,3.0,0.0,71.6,72
3,0.0,priority_with_aging,20261205,0.21712962962962962,4248,0,3.0,0.0,71.6,72
3,0.0,priority_with_aging,20261206,0.2013888888888889,4248,0,3.0,0.0,71.6,72
3,0.0,priority_with_aging,20261207,0.20787037037037037,4248,0,3.0,0.0,71.6,72
3,0.0,priority_with_aging,20261208,0.23472222222222222,4248,0,3.0,0.0,71.6,72
3,0.0,priority_with_aging,20261209,0.20879629629629629,4248,0,3.0,0.0,71.6,72
3,1.0,fifo_blind,20261210,0.46875,2858,1411,31.255073477956614,31.56768249468462,1125.0222222222221,2227
3,1.0,fifo_blind,20261211,0.46412037037037035,2831,1441,31.522077004592017,32.11311589174185,1146.088888888889,2254
3,1.0,fifo_blind,20261212,0.4951388888888889,2823,1446,32.53949698901877,32.37413554633471,1171.888888888889,2269
3,1.0,fifo_blind,20261213,0.4738425925925926,2886,1378,30.34026334026334,31.11320754716981,1085.9722222222222,2124
3,1.0,fifo_blind,20261214,0.45416666666666666,2855,1421,31.944658493870403,31.534834623504576,1131.0944444444444,2170
3,1.0,fifo_blind,20261215,0.5219907407407407,2831,1436,32.028258565877785,32.17757660167131,1163.0555555555557,2279
3,1.0,fifo_blind,20261216,0.44375,2867,1402,31.524241367282873,31.417261055634807,1127.861111111111,2207
3,1.0,fifo_blind,20261217,0.5057870370370371,2869,1404,31.545486232136632,31.32336182336182,1115.45,2148
3,1.0,fifo_blind,20261218,0.44583333333333336,2864,1400,31.512569832402235,31.525714285714287,1120.2611111111112,2162
3,1.0,fifo_blind,20261219,0.4960648148148148,2888,1385,30.46606648199446,30.87509025270758,1092.6222222222223,2159
3,1.0,priority_deduplicating,20261220,0.22453703703703703,4248,20,3.0,1.05,1124.4277777777777,2168
3,1.0,priority_deduplicating,20261221,0.21342592592592594,4248,21,3.0,1.0476190476190477,1148.3111111111111,2172
3,1.0,priority_deduplicating,20261222,0.2074074074074074,4248,22,3.0,1.0454545454545454,1117.7111111111112,2202
3,1.0,priority_deduplicating,20261223,0.23564814814814813,4248,24,3.0,1.0,1099.9277777777777,2155
3,1.0,priority_deduplicating,20261224,0.21203703703703702,4248,23,3.0,1.0869565217391304,1184.3055555555557,2282
3,1.0,priority_deduplicating,20261225,0.2064814814814815,4248,26,3.0,1.1538461538461537,1152.0222222222221,2273
3,1.0,priority_deduplicating,20261226,0.20185185185185187,4248,25,3.0,1.16,1177.661111111111,2293
3,1.0,priority_deduplicating,20261227,0.20046296296296295,4248,26,3.0,1.0384615384615385,1110.7611111111112,2142
3,1.0,priority_deduplicating,20261228,0.22962962962962963,4248,16,3.0,1.0,1087.2444444444445,2144
3,1.0,priority_deduplicating,20261229,0.21944444444444444,4248,23,3.0,1.0869565217391304,1087.8222222222223,2110
3,1.0,priority_with_aging,20261230,0.32916666666666666,2347,1919,3.0,11.640958832725378,1096.2333333333333,2160
3,1.0,priority_with_aging,20261231,0.3337962962962963,2307,1959,3.0,11.664114344053088,1116.4777777777779,2185
3,1.0,priority_with_aging,20261232,0.33032407407407405,2329,1945,3.0,10.791773778920309,1104.0111111111112,2146
3,1.0,priority_with_aging,20261233,0.3699074074074074,2322,1949,3.0,11.758337609030272,1118.3444444444444,2137
3,1.0,priority_with_aging,20261234,0.33078703703703705,2309,1963,3.0,11.042282221090169,1129.1666666666667,2176
3,1.0,priority_with_aging,20261235,0.3143518518518518,2288,1983,3.0,11.198184568835098,1134.888888888889,2234
3,1.0,priority_with_aging,20261236,0.305787037037037,2296,1977,3.0,11.850278199291857,1135.161111111111,2239
3,1.0,priority_with_aging,20261237,0.32569444444444445,2323,1952,3.0,11.616290983606557,1112.2833333333333,2174
3,1.0,priority_with_aging,20261238,0.31203703703703706,2275,1992,3.0,12.846385542168674,1172.8,2259
3,1.0,priority_with_aging,20261239,0.3013888888888889,2333,1934,3.0,11.44622543950362,1093.5722222222223,2164
3,2.0,fifo_blind,20261240,0.48194444444444445,2145,2137,46.85547785547786,46.147402901263455,2220.4222222222224,4370
3,2.0,fifo_blind,20261241,0.4550925925925926,2164,2115,45.80452865064695,45.797163120567376,2194.738888888889,4374
3,2.0,fifo_blind,20261242,0.47685185185185186,2142,2143,45.935107376283845,46.121325244983666,2213.988888888889,4357
3,2.0,fifo_blind,20261243,0.4981481481481482,2143,2150,45.528698086794215,45.92697674418605,2207.4166666666665,4393
3,2.0,fifo_blind,20261244,0.4648148148148148,2118,2165,46.83663833805477,46.65496535796767,2270.6722222222224,4473
3,2.0,fifo_blind,20261245,0.4791666666666667,2168,2126,46.108856088560884,45.401222953904046,2172.3777777777777,4282
3,2.0,fifo_blind,20261246,0.524537037037037,2144,2139,47.273787313432834,46.15427769985975,2222.911111111111,4389
3,2.0,fifo_blind,20261247,0.45949074074074076,2149,2139,45.54118194509074,45.90182328190743,2193.15,4328
3,2.0,fifo_blind,20261248,0.4650462962962963,2147,2136,45.007452258966,46.066947565543074,2195.6555555555556,4364
3,2.0,fifo_blind,20261249,0.5347222222222222,2155,2132,44.93549883990719,45.80393996247655,2191.3444444444444,4370
3,2.0,priority_deduplicating,20261250,0.23148148148148148,4248,34,3.0,1.1176470588235294,2220.8888888888887,4325
3,2.0,priority_deduplicating,20261251,0.21157407407407408,4248,38,3.0,1.1842105263157894,2196.6944444444443,4383
3,2.0,priority_deduplicating,20261252,0.2125,4248,36,3.0,1.1111111111111112,2188.1555555555556,4330
3,2.0,priority_deduplicating,20261253,0.20324074074074075,4248,40,3.0,1.2,2246.027777777778,4388
3,2.0,priority_deduplicating,20261254,0.23796296296296296,4248,39,3.0,1.1794871794871795,2268.3166666666666,4444
3,2.0,priority_deduplicating,20261255,0.23796296296296296,4248,36,3.0,1.1944444444444444,2201.677777777778,4372
3,2.0,priority_deduplicating,20261256,0.18564814814814815,4248,41,3.0,1.1951219512195121,2190.8611111111113,4315
3,2.0,priority_deduplicating,20261257,0.20555555555555555,4248,41,3.0,1.2195121951219512,2222.072222222222,4347
3,2.0,priority_deduplicating,20261258,0.20925925925925926,4248,29,3.0,1.103448275862069,2215.1833333333334,4327
3,2.0,priority_deduplicating,20261259,0.2310185185185185,4248,33,3.0,1.0,2199.5777777777776,4370
3,2.0,priority_with_aging,20261260,0.3460648148148148,2185,2095,3.0,46.205727923627684,2145.7944444444443,4263
3,2.0,priority_with_aging,20261261,0.3527777777777778,2180,2103,3.0,49.09700427960057,2227.0666666666666,4395
3,2.0,priority_with_aging,20261262,0.35300925925925924,2176,2110,3.0,48.308530805687205,2246.2444444444445,4407
3,2.0,priority_with_aging,20261263,0.34837962962962965,2185,2097,3.0,49.723891273247496,2221.233333333333,4328
3,2.0,priority_with_aging,20261264,0.3261574074074074,2182,2100,3.0,46.055238095238096,2125.8277777777776,4260
3,2.0,priority_with_aging,20261265,0.3763888888888889,2177,2113,3.0,48.28348319924278,2241.761111111111,4413
3,2.0,priority_with_aging,20261266,0.32199074074074074,2180,2106,3.0,51.21984805318139,2310.7722222222224,4510
3,2.0,priority_with_aging,20261267,0.3594907407407407,2182,2102,3.0,46.89676498572788,2153.472222222222,4259
3,2.0,priority_with_aging,20261268,0.3194444444444444,2180,2104,3.0,47.898288973384034,2200.3555555555554,4363
3,2.0,priority_with_aging,20261269,0.3337962962962963,2182,2100,3.0,47.273809523809526,2183.661111111111,4324
3,4.0,fifo_blind,20261270,0.5192129629629629,1443,2850,60.69022869022869,60.52105263157895,4352.733333333334,8694
3,4.0,fifo_blind,20261271,0.46087962962962964,1418,2877,61.69464033850494,60.984706291275636,4422.227777777778,8724
3,4.0,fifo_blind,20261272,0.4847222222222222,1460,2832,60.14109589041096,60.17620056497175,4308.311111111111,8620
3,4.0,fifo_blind,20261273,0.48912037037037037,1414,2882,60.86775106082037,61.041984732824424,4441.45,8884
3,4.0,fifo_blind,20261274,0.5002314814814814,1419,2876,61.791402396053556,60.956189151599446,4366.083333333333,8597
3,4.0,fifo_blind,20261275,0.5358796296296297,1466,2828,60.05388813096862,60.004243281471005,4266.038888888889,8545
3,4.0,fifo_blind,20261276,0.5266203703703703,1453,2842,60.67171369580179,60.29345531315975,4284.366666666667,8507
3,4.0,fifo_blind,20261277,0.4530092592592593,1410,2885,61.55177304964539,61.15979202772964,4462.211111111111,8816
3,4.0,fifo_blind,20261278,0.5025462962962963,1401,2894,61.549607423269094,61.331720801658605,4437.077777777778,8726
3,4.0,fifo_blind,20261279,0.4895833333333333,1490,2803,58.15503355704698,59.52729218694256,4213.366666666667,8483
3,4.0,priority_deduplicating,20261280,0.21805555555555556,4248,47,3.0,1.3617021276595744,4302.738888888889,8592
3,4.0,priority_deduplicating,20261281,0.2388888888888889,4248,47,3.0,1.2765957446808511,4321.4111111111115,8665
3,4.0,priority_deduplicating,20261282,0.21805555555555556,4248,44,3.0,1.3181818181818181,4262.9,8427
3,4.0,priority_deduplicating,20261283,0.2,4248,48,3.0,1.4375,4375.7444444444445,8677
3,4.0,priority_deduplicating,20261284,0.21944444444444444,4248,45,3.0,1.3555555555555556,4430.7444444444445,8706
3,4.0,priority_deduplicating,20261285,0.2064814814814815,4248,48,3.0,1.4166666666666667,4392.283333333334,8596
3,4.0,priority_deduplicating,20261286,0.2101851851851852,4248,41,3.0,1.3414634146341464,4300.638888888889,8547
3,4.0,priority_deduplicating,20261287,0.22407407407407406,4248,48,3.0,1.4166666666666667,4411.688888888889,8709
3,4.0,priority_deduplicating,20261288,0.23194444444444445,4248,46,3.0,1.2391304347826086,4321.438888888889,8599
3,4.0,priority_deduplicating,20261289,0.2023148148148148,4248,47,3.0,1.3829787234042554,4311.938888888889,8585
3,4.0,priority_with_aging,20261290,0.3210648148148148,2168,2127,3.0,69.6459802538787,4477.927777777778,8843
3,4.0,priority_with_aging,20261291,0.3787037037037037,2166,2126,3.0,69.72765757290686,4425.633333333333,8729
3,4.0,priority_with_aging,20261292,0.3439814814814815,2166,2129,3.0,67.90887740723345,4257.883333333333,8460
3,4.0,priority_with_aging,20261293,0.3587962962962963,2170,2124,3.0,68.484934086629,4271.2444444444445,8584
3,4.0,priority_with_aging,20261294,0.3578703703703704,2167,2129,3.0,69.26256458431189,4382.922222222222,8653
3,4.0,priority_with_aging,20261295,0.3625,2169,2125,3.0,68.70258823529412,4309.9944444444445,8605
3,4.0,priority_with_aging,20261296,0.35694444444444445,2171,2121,3.0,68.78359264497878,4368.894444444444,8789
3,4.0,priority_with_aging,20261297,0.39861111111111114,2170,2124,3.0,68.66290018832392,4353.811111111111,8661
3,4.0,priority_with_aging,20261298,0.3951388888888889,2167,2127,3.0,69.32063939821344,4440.783333333334,8816
3,4.0,priority_with_aging,20261299,0.34421296296296294,2173,2119,3.0,68.51014629542237,4339.366666666667,8725
3,8.0,fifo_blind,20261300,0.48541666666666666,829,3467,72.69119420989144,73.23305451398905,8835.427777777777,17458
3,8.0,fifo_blind,20261301,0.5074074074074074,854,3442,72.85831381733021,72.70947123765252,8787.477777777778,17372
3,8.0,fifo_blind,20261302,0.51875,853,3443,71.87456037514654,72.72930583793203,8781.216666666667,17440
3,8.0,fifo_blind,20261303,0.444212962962963,884,3412,71.81561085972851,72.07913247362251,8543.972222222223,17056
3,8.0,fifo_blind,20261304,0.5104166666666666,848,3448,72.26650943396227,72.84628770301624,8711.994444444445,17249
3,8.0,fifo_blind,20261305,0.5020833333333333,848,3448,71.50353773584905,72.83381670533643,8659.877777777778,17118
3,8.0,fifo_blind,20261306,0.4516203703703704,844,3452,72.75947867298578,72.91830822711472,8782.788888888888,17460
3,8.0,fifo_blind,20261307,0.4997685185185185,870,3426,71.86666666666666,72.37302977232925,8653.316666666668,17244
3,8.0,fifo_blind,20261308,0.5046296296296297,845,3451,72.71479289940828,72.89713126629962,8732.872222222222,17291
3,8.0,fifo_blind,20261309,0.5266203703703703,851,3445,71.86368977673325,72.7677793904209,8622.305555555555,17077
3,8.0,priority_deduplicating,20261310,0.20324074074074075,4248,48,3.0,1.5,8586.305555555555,17206
3,8.0,priority_deduplicating,20261311,0.20925925925925926,4248,48,3.0,1.5,8824.238888888889,17484
3,8.0,priority_deduplicating,20261312,0.20694444444444443,4248,48,3.0,1.5,8655.6,17258
3,8.0,priority_deduplicating,20261313,0.2050925925925926,4248,48,3.0,1.5,8661.222222222223,17257
3,8.0,priority_deduplicating,20261314,0.21574074074074073,4248,48,3.0,1.4791666666666667,8723.722222222223,17311
3,8.0,priority_deduplicating,20261315,0.2125,4248,48,3.0,1.5,8673.872222222222,17320
3,8.0,priority_deduplicating,20261316,0.22083333333333333,4248,48,3.0,1.5,8635.172222222222,17085
3,8.0,priority_deduplicating,20261317,0.20462962962962963,4248,48,3.0,1.5,8643.227777777778,17213
3,8.0,priority_deduplicating,20261318,0.2013888888888889,4248,48,3.0,1.5,8812.566666666668,17382
3,8.0,priority_deduplicating,20261319,0.225,4248,48,3.0,1.4791666666666667,8763.922222222222,17427
3,8.0,priority_with_aging,20261320,0.34675925925925927,2161,2135,3.0,79.68149882903981,8698.155555555555,17321
3,8.0,priority_with_aging,20261321,0.3277777777777778,2161,2135,3.0,80.13723653395785,8733.55,17266
3,8.0,priority_with_aging,20261322,0.3821759259259259,2160,2136,3.0,79.81601123595506,8631.083333333334,17065
3,8.0,priority_with_aging,20261323,0.38449074074074074,2160,2136,3.0,79.73267790262172,8801.488888888889,17380
3,8.0,priority_with_aging,20261324,0.3400462962962963,2160,2136,3.0,80.3815543071161,8742.033333333333,17336
3,8.0,priority_with_aging,20261325,0.34629629629629627,2161,2135,3.0,79.81779859484777,8662.583333333334,17167
3,8.0,priority_with_aging,20261326,0.3159722222222222,2161,2135,3.0,79.90866510538642,8719.5,17382
3,8.0,priority_with_aging,20261327,0.3587962962962963,2162,2134,3.0,80.02671040299906,8749.994444444445,17515
3,8.0,priority_with_aging,20261328,0.36875,2162,2134,3.0,80.22164948453609,8922.011111111111,17477
3,8.0,priority_with_aging,20261329,0.3525462962962963,2160,2136,3.0,79.45318352059925,8609.727777777778,17205
5,0.0,fifo_blind,20261330,0.30324074074074076,4200,0,5.0,0.0,118.66666666666667,120
5,0.0,fifo_blind,20261331,0.2657407407407407,4200,0,5.0,0.0,118.66666666666667,120
5,0.0,fifo_blind,20261332,0.33101851851851855,4200,0,5.0,0.0,118.66666666666667,120
5,0.0,fifo_blind,20261333,0.2875,4200,0,5.0,0.0,118.66666666666667,120
5,0.0,fifo_blind,20261334,0.2763888888888889,4200,0,5.0,0.0,118.66666666666667,120
5,0.0,fifo_blind,20261335,0.30462962962962964,4200,0,5.0,0.0,118.66666666666667,120
5,0.0,fifo_blind,20261336,0.31527777777777777,4200,0,5.0,0.0,118.66666666666667,120
5,0.0,fifo_blind,20261337,0.287962962962963,4200,0,5.0,0.0,118.66666666666667,120
5,0.0,fifo_blind,20261338,0.32175925925925924,4200,0,5.0,0.0,118.66666666666667,120
5,0.0,fifo_blind,20261339,0.32592592592592595,4200,0,5.0,0.0,118.66666666666667,120
5,0.0,priority_deduplicating,20261340,0.32175925925925924,4200,0,5.0,0.0,118.66666666666667,120
5,0.0,priority_deduplicating,20261341,0.32546296296296295,4200,0,5.0,0.0,118.66666666666667,120
5,0.0,priority_deduplicating,20261342,0.2949074074074074,4200,0,5.0,0.0,118.66666666666667,120
5,0.0,priority_deduplicating,20261343,0.32546296296296295,4200,0,5.0,0.0,118.66666666666667,120
5,0.0,priority_deduplicating,20261344,0.30416666666666664,4200,0,5.0,0.0,118.66666666666667,120
5,0.0,priority_deduplicating,20261345,0.30092592592592593,4200,0,5.0,0.0,118.66666666666667,120
5,0.0,priority_deduplicating,20261346,0.3236111111111111,4200,0,5.0,0.0,118.66666666666667,120
5,0.0,priority_deduplicating,20261347,0.2949074074074074,4200,0,5.0,0.0,118.66666666666667,120
5,0.0,priority_deduplicating,20261348,0.30972222222222223,4200,0,5.0,0.0,118.66666666666667,120
5,0.0,priority_deduplicating,20261349,0.2708333333333333,4200,0,5.0,0.0,118.66666666666667,120
5,0.0,priority_with_aging,20261350,0.32175925925925924,4200,0,5.0,0.0,118.66666666666667,120
5,0.0,priority_with_aging,20261351,0.3125,4200,0,5.0,0.0,118.66666666666667,120
5,0.0,priority_with_aging,20261352,0.3199074074074074,4200,0,5.0,0.0,118.66666666666667,120
5,0.0,priority_with_aging,20261353,0.29074074074074074,4200,0,5.0,0.0,118.66666666666667,120
5,0.0,priority_with_aging,20261354,0.2972222222222222,4200,0,5.0,0.0,118.66666666666667,120
5,0.0,priority_with_aging,20261355,0.300462962962963,4200,0,5.0,0.0,118.66666666666667,120
5,0.0,priority_with_aging,20261356,0.3472222222222222,4200,0,5.0,0.0,118.66666666666667,120
5,0.0,priority_with_aging,20261357,0.30416666666666664,4200,0,5.0,0.0,118.66666666666667,120
5,0.0,priority_with_aging,20261358,0.27824074074074073,4200,0,5.0,0.0,118.66666666666667,120
5,0.0,priority_with_aging,20261359,0.2898148148148148,4200,0,5.0,0.0,118.66666666666667,120
5,1.0,fifo_blind,20261360,0.4703703703703704,2812,1425,32.766714082503555,33.101052631578945,1176.0,2275
5,1.0,fifo_blind,20261361,0.46087962962962964,2832,1423,33.041313559322035,32.3134223471539,1166.638888888889,2229
5,1.0,fifo_blind,20261362,0.4861111111111111,2779,1471,34.111910759265925,33.526172671651935,1219.3166666666666,2306
5,1.0,fifo_blind,20261363,0.5027777777777778,2828,1417,32.43352192362094,32.6803105151729,1163.8722222222223,2225
5,1.0,fifo_blind,20261364,0.5099537037037037,2773,1479,34.26217093400649,33.62677484787018,1216.9388888888889,2266
5,1.0,fifo_blind,20261365,0.48032407407407407,2819,1423,32.98297268534942,32.87912860154603,1172.3777777777777,2259
5,1.0,fifo_blind,20261366,0.5016203703703703,2845,1397,32.85764499121265,32.3715103793844,1158.9833333333333,2220
5,1.0,fifo_blind,20261367,0.45601851851851855,2803,1445,32.79129504102747,33.11764705882353,1187.361111111111,2302
5,1.0,fifo_blind,20261368,0.5034722222222222,2848,1390,31.68679775280899,32.344604316546764,1128.1833333333334,2192
5,1.0,fifo_blind,20261369,0.46087962962962964,2855,1394,32.26795096322242,32.04519368723099,1138.161111111111,2190
5,1.0,priority_deduplicating,20261370,0.3111111111111111,4200,44,5.0,1.0909090909090908,1153.9222222222222,2222
5,1.0,priority_deduplicating,20261371,0.33055555555555555,4200,53,5.0,1.1132075471698113,1136.2166666666667,2206
5,1.0,priority_deduplicating,20261372,0.32175925925925924,4200,40,5.0,1.05,1177.7166666666667,2208
5,1.0,priority_deduplicating,20261373,0.2949074074074074,4200,44,5.0,1.1136363636363635,1140.0944444444444,2192
5,1.0,priority_deduplicating,20261374,0.3050925925925926,4200,42,5.0,1.119047619047619,1158.9055555555556,2228
5,1.0,priority_deduplicating,20261375,0.300462962962963,4200,50,5.0,1.02,1118.6055555555556,2166
5,1.0,priority_deduplicating,20261376,0.3138888888888889,4200,43,5.0,1.069767441860465,1139.3555555555556,2175
5,1.0,priority_deduplicating,20261377,0.3101851851851852,4200,38,5.0,1.131578947368421,1157.8833333333334,2242
5,1.0,priority_deduplicating,20261378,0.3314814814814815,4200,49,5.0,1.1224489795918366,1148.05,2195
5,1.0,priority_deduplicating,20261379,0.3486111111111111,4200,45,5.0,1.0666666666666667,1154.7055555555555,2249
5,1.0,priority_with_aging,20261380,0.4039351851851852,2302,1937,5.0,12.128549303045947,1147.9666666666667,2224
5,1.0,priority_with_aging,20261381,0.36875,2280,1966,5.0,13.347405900305189,1163.3166666666666,2266
5,1.0,priority_with_aging,20261382,0.4134259259259259,2284,1959,5.0,12.900459418070444,1172.4666666666667,2234
5,1.0,priority_with_aging,20261383,0.40023148148148147,2263,1979,5.0,11.942900454775138,1161.4611111111112,2282
5,1.0,priority_with_aging,20261384,0.34444444444444444,2305,1933,5.0,12.353854112778064,1135.5444444444445,2181
5,1.0,priority_with_aging,20261385,0.4136574074074074,2255,1997,5.0,13.41762643965949,1190.4944444444445,2249
5,1.0,priority_with_aging,20261386,0.37824074074074077,2247,1993,5.0,11.196688409433015,1166.0666666666666,2226
5,1.0,priority_with_aging,20261387,0.37175925925925923,2265,1973,5.0,11.938672072985302,1164.0444444444445,2212
5,1.0,priority_with_aging,20261388,0.40347222222222223,2261,1985,5.0,14.280100755667506,1194.2666666666667,2287
5,1.0,priority_with_aging,20261389,0.3962962962962963,2269,1970,5.0,10.971573604060914,1150.45,2203
5,2.0,fifo_blind,20261390,0.5138888888888888,2172,2103,45.578729281767956,45.66333808844508,2163.516666666667,4267
5,2.0,fifo_blind,20261391,0.5092592592592593,2197,2078,45.41693218024579,45.15832531280077,2109.3444444444444,4137
5,2.0,fifo_blind,20261392,0.49212962962962964,2169,2104,45.1572153065929,45.81511406844106,2166.0777777777776,4284
5,2.0,fifo_blind,20261393,0.5064814814814815,2154,2126,45.753946146703804,45.93414863593603,2183.9166666666665,4343
5,2.0,fifo_blind,20261394,0.45578703703703705,2167,2111,46.009690816797416,45.72524869729986,2195.038888888889,4308
5,2.0,fifo_blind,20261395,0.5060185185185185,2107,2173,46.499762695775985,46.92406810860562,2266.75,4446
5,2.0,fifo_blind,20261396,0.48333333333333334,2150,2138,45.83441860465116,45.83536014967259,2211.2555555555555,4404
5,2.0,fifo_blind,20261397,0.4912037037037037,2130,2141,46.54037558685446,46.623073330219526,2234.572222222222,4379
5,2.0,fifo_blind,20261398,0.49444444444444446,2119,2156,45.56677678150071,46.781076066790355,2248.488888888889,4418
5,2.0,fifo_blind,20261399,0.5150462962962963,2186,2088,45.779048490393414,45.395114942528735,2162.6388888888887,4289
5,2.0,priority_deduplicating,20261400,0.2740740740740741,4200,79,5.0,1.4050632911392404,2289.9666666666667,4479
5,2.0,priority_deduplicating,20261401,0.2986111111111111,4200,72,5.0,1.4444444444444444,2216.8777777777777,4335
5,2.0,priority_deduplicating,20261402,0.300462962962963,4200,82,5.0,1.451219512195122,2234.516666666667,4393
5,2.0,priority_deduplicating,20261403,0.3375,4200,74,5.0,1.3513513513513513,2140.3722222222223,4174
5,2.0,priority_deduplicating,20261404,0.3148148148148148,4200,80,5.0,1.3125,2139.15,4219
5,2.0,priority_deduplicating,20261405,0.3050925925925926,4200,80,5.0,1.3875,2143.072222222222,4201
5,2.0,priority_deduplicating,20261406,0.3527777777777778,4200,75,5.0,1.2666666666666666,2258.1277777777777,4401
5,2.0,priority_deduplicating,20261407,0.26805555555555555,4200,75,5.0,1.36,2202.8166666666666,4269
5,2.0,priority_deduplicating,20261408,0.3037037037037037,4200,85,5.0,1.5411764705882354,2153.972222222222,4297
5,2.0,priority_deduplicating,20261409,0.287962962962963,4200,80,5.0,1.4,2204.6833333333334,4284
5,2.0,priority_with_aging,20261410,0.40625,2148,2130,5.0,45.7075117370892,2161.116666666667,4243
5,2.0,priority_with_aging,20261411,0.44351851851851853,2150,2138,5.0,47.043498596819454,2275.5944444444444,4502
5,2.0,priority_with_aging,20261412,0.39282407407407405,2158,2112,5.0,46.19460227272727,2217.261111111111,4404
5,2.0,priority_with_aging,20261413,0.39143518518518516,2156,2119,5.0,47.56394525719679,2249.277777777778,4465
5,2.0,priority_with_aging,20261414,0.4076388888888889,2146,2138,5.0,46.69691300280636,2216.488888888889,4355
5,2.0,priority_with_aging,20261415,0.42962962962962964,2151,2123,5.0,47.20631182289213,2256.2555555555555,4449
5,2.0,priority_with_aging,20261416,0.40717592592592594,2149,2133,5.0,48.246132208157526,2243.777777777778,4340
5,2.0,priority_with_aging,20261417,0.41041666666666665,2148,2133,5.0,46.59634317862166,2221.6833333333334,4374
5,2.0,priority_with_aging,20261418,0.394212962962963,2152,2125,5.0,46.53364705882353,2216.15,4350
5,2.0,priority_with_aging,20261419,0.41597222222222224,2150,2121,5.0,47.79207920792079,2237.177777777778,4338
5,4.0,fifo_blind,20261420,0.5141203703703704,1416,2878,61.47528248587571,61.02536483669215,4432.722222222223,8717
5,4.0,fifo_blind,20261421,0.5013888888888889,1434,2858,60.42747559274756,60.676347095871236,4381.677777777778,8691
5,4.0,fifo_blind,20261422,0.4527777777777778,1460,2836,59.3986301369863,60.071932299012694,4325.427777777778,8627
5,4.0,fifo_blind,20261423,0.5145833333333333,1434,2862,60.74755927475593,60.600978336827396,4389.6611111111115,8677
5,4.0,fifo_blind,20261424,0.48657407407407405,1452,2842,60.42286501377411,60.28289936664321,4341.894444444444,8701
5,4.0,fifo_blind,20261425,0.4863425925925926,1449,2847,59.65493443754313,60.32139093782929,4296.294444444445,8577
5,4.0,fifo_blind,20261426,0.5108796296296296,1442,2852,60.358529819694866,60.490883590462836,4385.816666666667,8738
5,4.0,fifo_blind,20261427,0.4997685185185185,1475,2819,60.381016949152546,59.79851010996807,4300.116666666667,8594
5,4.0,fifo_blind,20261428,0.44583333333333336,1418,2878,60.86177715091679,60.93745656706046,4368.127777777778,8692
5,4.0,fifo_blind,20261429,0.4708333333333333,1459,2836,58.973269362577106,60.11354019746121,4293.016666666666,8620
5,4.0,priority_deduplicating,20261430,0.3143518518518518,4200,89,5.0,1.8876404494382022,4325.761111111111,8592
5,4.0,priority_deduplicating,20261431,0.3050925925925926,4200,93,5.0,1.8279569892473118,4336.983333333334,8675
5,4.0,priority_deduplicating,20261432,0.3300925925925926,4200,93,5.0,1.8602150537634408,4423.95,8775
5,4.0,priority_deduplicating,20261433,0.32175925925925924,4200,95,5.0,2.0,4400.722222222223,8745
5,4.0,priority_deduplicating,20261434,0.30833333333333335,4200,94,5.0,1.925531914893617,4352.805555555556,8667
5,4.0,priority_deduplicating,20261435,0.27314814814814814,4200,93,5.0,1.913978494623656,4317.922222222222,8589
5,4.0,priority_deduplicating,20261436,0.2722222222222222,4200,95,5.0,1.9263157894736842,4471.933333333333,8764
5,4.0,priority_deduplicating,20261437,0.3347222222222222,4200,95,5.0,1.7789473684210526,4372.9,8587
5,4.0,priority_deduplicating,20261438,0.3087962962962963,4200,96,5.0,2.0104166666666665,4376.455555555555,8597
5,4.0,priority_deduplicating,20261439,0.31712962962962965,4200,94,5.0,1.9148936170212767,4375.7,8661
5,4.0,priority_with_aging,20261440,0.4263888888888889,2130,2164,5.0,67.33225508317929,4360.655555555555,8761
5,4.0,priority_with_aging,20261441,0.4289351851851852,2132,2163,5.0,67.28663892741562,4384.733333333334,8666
5,4.0,priority_with_aging,20261442,0.44027777777777777,2135,2159,5.0,68.17276516905974,4383.322222222222,8639
5,4.0,priority_with_aging,20261443,0.4425925925925926,2130,2164,5.0,67.66774491682071,4511.527777777777,8924
5,4.0,priority_with_aging,20261444,0.45694444444444443,2131,2164,5.0,66.75369685767097,4321.85,8629
5,4.0,priority_with_aging,20261445,0.40324074074074073,2133,2163,5.0,66.71937124364308,4322.066666666667,8603
5,4.0,priority_with_aging,20261446,0.4476851851851852,2130,2166,5.0,67.93120960295475,4368.0,8595
5,4.0,priority_with_aging,20261447,0.4587962962962963,2138,2155,5.0,66.61902552204177,4323.133333333333,8657
5,4.0,priority_with_aging,20261448,0.4215277777777778,2132,2162,5.0,66.94680851063829,4294.25,8562
5,4.0,priority_with_aging,20261449,0.3835648148148148,2131,2165,5.0,66.73394919168591,4292.233333333334,8479
5,8.0,fifo_blind,20261450,0.5402777777777777,850,3446,72.9964705882353,72.7814857806152,8703.555555555555,17186
5,8.0,fifo_blind,20261451,0.5180555555555556,850,3446,72.18823529411765,72.78786999419617,8752.522222222222,17362
5,8.0,fifo_blind,20261452,0.5113425925925926,865,3431,72.1549132947977,72.47566307199067,8709.322222222223,17295
5,8.0,fifo_blind,20261453,0.5006944444444444,863,3433,72.08227114716107,72.5106321002039,8736.5,17340
5,8.0,fifo_blind,20261454,0.5444444444444444,872,3424,72.9598623853211,72.31950934579439,8714.988888888889,17370
5,8.0,fifo_blind,20261455,0.4837962962962963,853,3443,72.37631887456037,72.71536450769678,8697.922222222222,17202
5,8.0,fifo_blind,20261456,0.5388888888888889,862,3434,72.56264501160094,72.52620850320326,8782.7,17468
5,8.0,fifo_blind,20261457,0.524537037037037,853,3443,71.87104337631888,72.71739761835609,8724.427777777777,17200
5,8.0,fifo_blind,20261458,0.5263888888888889,849,3447,72.85630153121319,72.80011604293588,8823.777777777777,17480
5,8.0,fifo_blind,20261459,0.5141203703703704,857,3439,73.67677946324388,72.63564989822623,8822.377777777778,17486
5,8.0,priority_deduplicating,20261460,0.28379629629629627,4200,96,5.0,2.34375,8708.9,17370
5,8.0,priority_deduplicating,20261461,0.3111111111111111,4200,96,5.0,2.3333333333333335,8651.683333333332,17202
5,8.0,priority_deduplicating,20261462,0.30972222222222223,4200,96,5.0,2.3541666666666665,8817.416666666666,17589
5,8.0,priority_deduplicating,20261463,0.32175925925925924,4200,96,5.0,2.3958333333333335,8691.644444444444,17206
5,8.0,priority_deduplicating,20261464,0.3189814814814815,4200,96,5.0,2.2604166666666665,8577.183333333332,17023
5,8.0,priority_deduplicating,20261465,0.32685185185185184,4200,96,5.0,2.3645833333333335,8641.038888888888,17243
5,8.0,priority_deduplicating,20261466,0.3037037037037037,4200,96,5.0,2.2395833333333335,8699.994444444445,17289
5,8.0,priority_deduplicating,20261467,0.32314814814814813,4200,96,5.0,2.3541666666666665,8589.544444444444,17088
5,8.0,priority_deduplicating,20261468,0.28888888888888886,4200,96,5.0,2.4375,8779.727777777778,17410
5,8.0,priority_deduplicating,20261469,0.3101851851851852,4200,96,5.0,2.4270833333333335,8791.316666666668,17392
5,8.0,priority_with_aging,20261470,0.3875,2117,2179,5.0,77.93804497475907,8692.738888888889,17311
5,8.0,priority_with_aging,20261471,0.38634259259259257,2122,2174,5.0,77.37626494940203,8550.2,17105
5,8.0,priority_with_aging,20261472,0.44189814814814815,2117,2179,5.0,77.85039008719596,8770.744444444445,17427
5,8.0,priority_with_aging,20261473,0.4041666666666667,2118,2178,5.0,77.97474747474747,8813.933333333332,17390
5,8.0,priority_with_aging,20261474,0.4233796296296296,2121,2175,5.0,78.32,8782.694444444445,17372
5,8.0,priority_with_aging,20261475,0.4375,2118,2178,5.0,78.16115702479338,8695.333333333334,17199
5,8.0,priority_with_aging,20261476,0.39791666666666664,2118,2178,5.0,77.67217630853995,8656.083333333334,17228
5,8.0,priority_with_aging,20261477,0.42986111111111114,2120,2176,5.0,78.1861213235294,8725.466666666667,17444
5,8.0,priority_with_aging,20261478,0.4356481481481482,2123,2173,5.0,78.20202485043718,8721.06111111111,17255
5,8.0,priority_with_aging,20261479,0.43495370370370373,2119,2177,5.0,77.73220027560863,8689.427777777777,17276
