policy,step,active_nodes,edge_count,mean_degree,max_degree,network_density,components,largest_component,algebraic_connectivity,triangles
delay_blind,0,0,0,0.0,0,0.0,0,0,0.0,0
delay_blind,1,0,0,0.0,0,0.0,0,0,0.0,0
delay_blind,2,0,0,0.0,0,0.0,0,0,0.0,0
delay_blind,3,0,0,0.0,0,0.0,0,0,0.0,0
delay_blind,4,0,0,0.0,0,0.0,0,0,0.0,0
delay_blind,5,0,0,0.0,0,0.0,0,0,0.0,0
delay_blind,6,0,0,0.0,0,0.0,0,0,0.0,0
delay_blind,7,0,0,0.0,0,0.0,0,0,0.0,0
delay_blind,8,0,0,0.0,0,0.0,0,0,0.0,0
delay_blind,9,0,0,0.0,0,0.0,0,0,0.0,0
delay_blind,10,0,0,0.0,0,0.0,0,0,0.0,0
delay_blind,11,1,0,0.0,0,0.0,1,1,0.0,0
delay_blind,12,1,0,0.0,0,0.0,1,1,0.0,0
delay_blind,13,1,0,0.0,0,0.0,1,1,0.0,0
delay_blind,14,2,0,0.0,0,0.0,2,1,0.0,0
delay_blind,15,2,0,0.0,0,0.0,2,1,0.0,0
delay_blind,16,2,0,0.0,0,0.0,2,1,0.0,0
delay_blind,17,3,0,0.0,0,0.0,3,1,0.0,0
delay_blind,18,3,0,0.0,0,0.0,3,1,0.0,0
delay_blind,19,3,0,0.0,0,0.0,3,1,0.0,0
delay_blind,20,3,0,0.0,0,0.0,3,1,0.0,0
delay_blind,21,3,0,0.0,0,0.0,3,1,0.0,0
delay_blind,22,3,0,0.0,0,0.0,3,1,0.0,0
delay_blind,23,3,0,0.0,0,0.0,3,1,0.0,0
delay_blind,24,3,0,0.0,0,0.0,3,1,0.0,0
delay_blind,25,3,0,0.0,0,0.0,3,1,0.0,0
delay_blind,26,3,0,0.0,0,0.0,3,1,0.0,0
delay_blind,27,4,0,0.0,0,0.0,4,1,0.0,0
delay_blind,28,5,0,0.0,0,0.0,5,1,0.0,0
delay_blind,29,5,0,0.0,0,0.0,5,1,0.0,0
delay_blind,30,5,0,0.0,0,0.0,5,1,0.0,0
delay_blind,31,5,0,0.0,0,0.0,5,1,0.0,0
delay_blind,32,5,0,0.0,0,0.0,5,1,0.0,0
delay_blind,33,5,0,0.0,0,0.0,5,1,0.0,0
delay_blind,34,6,0,0.0,0,0.0,6,1,0.0,0
delay_blind,35,6,0,0.0,0,0.0,6,1,0.0,0
delay_blind,36,6,0,0.0,0,0.0,6,1,0.0,0
delay_blind,37,6,0,0.0,0,0.0,6,1,0.0,0
delay_blind,38,6,0,0.0,0,0.0,6,1,0.0,0
delay_blind,39,6,0,0.0,0,0.0,6,1,0.0,0
delay_blind,40,7,0,0.0,0,0.0,7,1,0.0,0
delay_blind,41,7,0,0.0,0,0.0,7,1,0.0,0
delay_blind,42,7,0,0.0,0,0.0,7,1,0.0,0
delay_blind,43,7,0,0.0,0,0.0,7,1,0.0,0
delay_blind,44,7,0,0.0,0,0.0,7,1,0.0,0
delay_blind,45,8,0,0.0,0,0.0,8,1,0.0,0
delay_blind,46,8,0,0.0,0,0.0,8,1,0.0,0
delay_blind,47,8,0,0.0,0,0.0,8,1,0.0,0
delay_blind,48,8,1,0.25,1,0.03571428571428571,7,2,2.0,0
delay_blind,49,8,1,0.25,1,0.03571428571428571,7,2,2.0,0
delay_blind,50,8,1,0.25,1,0.03571428571428571,7,2,2.0,0
delay_blind,51,8,2,0.5,1,0.07142857142857142,6,2,2.0,0
delay_blind,52,8,2,0.5,1,0.07142857142857142,6,2,2.0,0
delay_blind,53,8,3,0.75,1,0.10714285714285714,5,2,2.0,0
delay_blind,54,8,3,0.75,1,0.10714285714285714,5,2,2.0,0
delay_blind,55,8,3,0.75,1,0.10714285714285714,5,2,2.0,0
delay_blind,56,8,3,0.75,1,0.10714285714285714,5,2,2.0,0
delay_blind,57,8,3,0.75,1,0.10714285714285714,5,2,2.0,0
delay_blind,58,8,3,0.75,1,0.10714285714285714,5,2,2.0,0
delay_blind,59,8,3,0.75,1,0.10714285714285714,5,2,2.0,0
delay_blind,60,8,3,0.75,1,0.10714285714285714,5,2,2.0,0
delay_blind,61,8,3,0.75,1,0.10714285714285714,5,2,2.0,0
delay_blind,62,8,3,0.75,1,0.10714285714285714,5,2,2.0,0
delay_blind,63,8,3,0.75,1,0.10714285714285714,5,2,2.0,0
delay_blind,64,8,3,0.75,1,0.10714285714285714,5,2,2.0,0
delay_blind,65,8,5,1.25,2,0.17857142857142858,4,3,3.0,1
delay_blind,66,8,7,1.75,2,0.25,3,3,3.0,2
delay_blind,67,8,7,1.75,2,0.25,3,3,3.0,2
delay_blind,68,8,7,1.75,2,0.25,3,3,3.0,2
delay_blind,69,8,7,1.75,2,0.25,3,3,3.0,2
delay_blind,70,8,7,1.75,2,0.25,3,3,3.0,2
delay_blind,71,8,7,1.75,2,0.25,3,3,3.0,2
delay_blind,72,8,7,1.75,2,0.25,3,3,3.0,2
delay_blind,73,8,7,1.75,2,0.25,3,3,3.0,2
delay_blind,74,8,7,1.75,2,0.25,3,3,3.0,2
delay_blind,75,8,7,1.75,2,0.25,3,3,3.0,2
delay_blind,76,8,7,1.75,2,0.25,3,3,3.0,2
delay_blind,77,8,7,1.75,2,0.25,3,3,3.0,2
delay_blind,78,8,7,1.75,2,0.25,3,3,3.0,2
delay_blind,79,8,7,1.75,2,0.25,3,3,3.0,2
delay_blind,80,8,7,1.75,2,0.25,3,3,3.0,2
delay_blind,81,8,7,1.75,2,0.25,3,3,3.0,2
delay_blind,82,8,7,1.75,2,0.25,3,3,3.0,2
delay_blind,83,8,7,1.75,2,0.25,3,3,3.0,2
delay_blind,84,8,7,1.75,2,0.25,3,3,3.0,2
delay_blind,85,8,7,1.75,2,0.25,3,3,3.0,2
delay_blind,86,8,7,1.75,2,0.25,3,3,3.0,2
delay_blind,87,8,7,1.75,2,0.25,3,3,3.0,2
delay_blind,88,8,7,1.75,2,0.25,3,3,3.0,2
delay_blind,89,8,7,1.75,2,0.25,3,3,3.0,2
delay_blind,90,8,7,1.75,2,0.25,3,3,3.0,2
delay_blind,91,8,7,1.75,2,0.25,3,3,3.0,2
delay_blind,92,8,7,1.75,2,0.25,3,3,3.0,2
delay_blind,93,8,7,1.75,2,0.25,3,3,3.0,2
delay_blind,94,8,7,1.75,2,0.25,3,3,3.0,2
delay_blind,95,8,7,1.75,2,0.25,3,3,3.0,2
delay_blind,96,8,7,1.75,2,0.25,3,3,3.0,2
delay_blind,97,8,7,1.75,2,0.25,3,3,3.0,2
delay_blind,98,8,7,1.75,2,0.25,3,3,3.0,2
delay_blind,99,8,7,1.75,2,0.25,3,3,3.0,2
delay_blind,100,8,7,1.75,2,0.25,3,3,3.0,2
delay_blind,101,8,7,1.75,2,0.25,3,3,3.0,2
delay_blind,102,8,7,1.75,2,0.25,3,3,3.0,2
delay_blind,103,8,7,1.75,2,0.25,3,3,3.0,2
delay_blind,104,8,7,1.75,2,0.25,3,3,3.0,2
delay_blind,105,8,7,1.75,2,0.25,3,3,3.0,2
delay_blind,106,8,7,1.75,2,0.25,3,3,3.0,2
delay_blind,107,8,7,1.75,2,0.25,3,3,3.0,2
delay_blind,108,8,7,1.75,2,0.25,3,3,3.0,2
delay_blind,109,8,7,1.75,2,0.25,3,3,3.0,2
delay_blind,110,8,7,1.75,2,0.25,3,3,3.0,2
delay_blind,111,8,7,1.75,2,0.25,3,3,3.0,2
delay_blind,112,8,7,1.75,2,0.25,3,3,3.0,2
delay_blind,113,8,7,1.75,2,0.25,3,3,3.0,2
delay_blind,114,8,7,1.75,2,0.25,3,3,3.0,2
delay_blind,115,8,7,1.75,2,0.25,3,3,3.0,2
delay_blind,116,8,7,1.75,2,0.25,3,3,3.0,2
delay_blind,117,8,7,1.75,2,0.25,3,3,3.0,2
delay_blind,118,8,7,1.75,2,0.25,3,3,3.0,2
delay_blind,119,8,7,1.75,2,0.25,3,3,3.0,2
delay_blind,120,8,7,1.75,2,0.25,3,3,3.0,2
delay_blind,121,8,7,1.75,2,0.25,3,3,3.0,2
delay_blind,122,8,7,1.75,2,0.25,3,3,3.0,2
delay_blind,123,8,7,1.75,2,0.25,3,3,3.0,2
delay_blind,124,8,7,1.75,2,0.25,3,3,3.0,2
delay_blind,125,8,7,1.75,2,0.25,3,3,3.0,2
delay_blind,126,8,7,1.75,2,0.25,3,3,3.0,2
delay_blind,127,8,7,1.75,2,0.25,3,3,3.0,2
delay_blind,128,8,7,1.75,2,0.25,3,3,3.0,2
delay_blind,129,8,7,1.75,2,0.25,3,3,3.0,2
delay_blind,130,8,7,1.75,2,0.25,3,3,3.0,2
delay_blind,131,8,7,1.75,2,0.25,3,3,3.0,2
delay_blind,132,8,7,1.75,2,0.25,3,3,3.0,2
delay_blind,133,8,7,1.75,2,0.25,3,3,3.0,2
delay_blind,134,8,7,1.75,2,0.25,3,3,3.0,2
delay_blind,135,8,7,1.75,2,0.25,3,3,3.0,2
delay_blind,136,8,7,1.75,2,0.25,3,3,3.0,2
delay_blind,137,8,7,1.75,2,0.25,3,3,3.0,2
delay_blind,138,8,7,1.75,2,0.25,3,3,3.0,2
delay_blind,139,8,7,1.75,2,0.25,3,3,3.0,2
delay_blind,140,8,7,1.75,2,0.25,3,3,3.0,2
delay_blind,141,8,7,1.75,2,0.25,3,3,3.0,2
delay_blind,142,8,7,1.75,2,0.25,3,3,3.0,2
delay_blind,143,8,7,1.75,2,0.25,3,3,3.0,2
delay_blind,144,8,7,1.75,2,0.25,3,3,3.0,2
delay_blind,145,8,7,1.75,2,0.25,3,3,3.0,2
delay_blind,146,8,7,1.75,2,0.25,3,3,3.0,2
delay_blind,147,8,7,1.75,2,0.25,3,3,3.0,2
delay_blind,148,8,7,1.75,2,0.25,3,3,3.0,2
delay_blind,149,8,7,1.75,2,0.25,3,3,3.0,2
delay_blind,150,8,7,1.75,2,0.25,3,3,3.0,2
delay_blind,151,8,7,1.75,2,0.25,3,3,3.0,2
delay_blind,152,8,7,1.75,2,0.25,3,3,3.0,2
delay_blind,153,8,7,1.75,2,0.25,3,3,3.0,2
delay_blind,154,8,7,1.75,2,0.25,3,3,3.0,2
delay_blind,155,8,7,1.75,2,0.25,3,3,3.0,2
delay_blind,156,8,7,1.75,2,0.25,3,3,3.0,2
delay_blind,157,8,7,1.75,2,0.25,3,3,3.0,2
delay_blind,158,8,7,1.75,2,0.25,3,3,3.0,2
delay_blind,159,8,7,1.75,2,0.25,3,3,3.0,2
delay_blind,160,8,7,1.75,2,0.25,3,3,3.0,2
delay_blind,161,8,7,1.75,2,0.25,3,3,3.0,2
delay_blind,162,8,7,1.75,2,0.25,3,3,3.0,2
delay_blind,163,8,7,1.75,2,0.25,3,3,3.0,2
delay_blind,164,8,7,1.75,2,0.25,3,3,3.0,2
delay_blind,165,8,7,1.75,2,0.25,3,3,3.0,2
delay_blind,166,8,7,1.75,2,0.25,3,3,3.0,2
delay_blind,167,8,7,1.75,2,0.25,3,3,3.0,2
delay_blind,168,8,7,1.75,2,0.25,3,3,3.0,2
delay_blind,169,8,7,1.75,2,0.25,3,3,3.0,2
delay_blind,170,8,7,1.75,2,0.25,3,3,3.0,2
delay_blind,171,8,7,1.75,2,0.25,3,3,3.0,2
delay_blind,172,8,7,1.75,2,0.25,3,3,3.0,2
delay_blind,173,8,7,1.75,2,0.25,3,3,3.0,2
delay_blind,174,8,7,1.75,2,0.25,3,3,3.0,2
delay_blind,175,8,7,1.75,2,0.25,3,3,3.0,2
delay_blind,176,8,7,1.75,2,0.25,3,3,3.0,2
delay_blind,177,8,7,1.75,2,0.25,3,3,3.0,2
delay_blind,178,8,7,1.75,2,0.25,3,3,3.0,2
delay_blind,179,8,7,1.75,2,0.25,3,3,3.0,2
queue_aware,0,0,0,0.0,0,0.0,0,0,0.0,0
queue_aware,1,0,0,0.0,0,0.0,0,0,0.0,0
queue_aware,2,0,0,0.0,0,0.0,0,0,0.0,0
queue_aware,3,0,0,0.0,0,0.0,0,0,0.0,0
queue_aware,4,0,0,0.0,0,0.0,0,0,0.0,0
queue_aware,5,0,0,0.0,0,0.0,0,0,0.0,0
queue_aware,6,0,0,0.0,0,0.0,0,0,0.0,0
queue_aware,7,0,0,0.0,0,0.0,0,0,0.0,0
queue_aware,8,0,0,0.0,0,0.0,0,0,0.0,0
queue_aware,9,0,0,0.0,0,0.0,0,0,0.0,0
queue_aware,10,0,0,0.0,0,0.0,0,0,0.0,0
queue_aware,11,1,0,0.0,0,0.0,1,1,0.0,0
queue_aware,12,1,0,0.0,0,0.0,1,1,0.0,0
queue_aware,13,1,0,0.0,0,0.0,1,1,0.0,0
queue_aware,14,2,0,0.0,0,0.0,2,1,0.0,0
queue_aware,15,2,0,0.0,0,0.0,2,1,0.0,0
queue_aware,16,2,0,0.0,0,0.0,2,1,0.0,0
queue_aware,17,2,0,0.0,0,0.0,2,1,0.0,0
queue_aware,18,2,0,0.0,0,0.0,2,1,0.0,0
queue_aware,19,2,0,0.0,0,0.0,2,1,0.0,0
queue_aware,20,2,0,0.0,0,0.0,2,1,0.0,0
queue_aware,21,2,0,0.0,0,0.0,2,1,0.0,0
queue_aware,22,2,0,0.0,0,0.0,2,1,0.0,0
queue_aware,23,2,0,0.0,0,0.0,2,1,0.0,0
queue_aware,24,2,0,0.0,0,0.0,2,1,0.0,0
queue_aware,25,2,0,0.0,0,0.0,2,1,0.0,0
queue_aware,26,2,0,0.0,0,0.0,2,1,0.0,0
queue_aware,27,3,0,0.0,0,0.0,3,1,0.0,0
queue_aware,28,3,0,0.0,0,0.0,3,1,0.0,0
queue_aware,29,3,0,0.0,0,0.0,3,1,0.0,0
queue_aware,30,3,0,0.0,0,0.0,3,1,0.0,0
queue_aware,31,3,0,0.0,0,0.0,3,1,0.0,0
queue_aware,32,3,0,0.0,0,0.0,3,1,0.0,0
queue_aware,33,3,0,0.0,0,0.0,3,1,0.0,0
queue_aware,34,3,0,0.0,0,0.0,3,1,0.0,0
queue_aware,35,3,0,0.0,0,0.0,3,1,0.0,0
queue_aware,36,3,0,0.0,0,0.0,3,1,0.0,0
queue_aware,37,3,0,0.0,0,0.0,3,1,0.0,0
queue_aware,38,3,0,0.0,0,0.0,3,1,0.0,0
queue_aware,39,3,0,0.0,0,0.0,3,1,0.0,0
queue_aware,40,4,0,0.0,0,0.0,4,1,0.0,0
queue_aware,41,4,0,0.0,0,0.0,4,1,0.0,0
queue_aware,42,4,0,0.0,0,0.0,4,1,0.0,0
queue_aware,43,4,0,0.0,0,0.0,4,1,0.0,0
queue_aware,44,4,0,0.0,0,0.0,4,1,0.0,0
queue_aware,45,4,0,0.0,0,0.0,4,1,0.0,0
queue_aware,46,4,0,0.0,0,0.0,4,1,0.0,0
queue_aware,47,4,0,0.0,0,0.0,4,1,0.0,0
queue_aware,48,4,0,0.0,0,0.0,4,1,0.0,0
queue_aware,49,4,0,0.0,0,0.0,4,1,0.0,0
queue_aware,50,4,0,0.0,0,0.0,4,1,0.0,0
queue_aware,51,4,0,0.0,0,0.0,4,1,0.0,0
queue_aware,52,4,0,0.0,0,0.0,4,1,0.0,0
queue_aware,53,4,0,0.0,0,0.0,4,1,0.0,0
queue_aware,54,4,0,0.0,0,0.0,4,1,0.0,0
queue_aware,55,4,0,0.0,0,0.0,4,1,0.0,0
queue_aware,56,4,0,0.0,0,0.0,4,1,0.0,0
queue_aware,57,4,0,0.0,0,0.0,4,1,0.0,0
queue_aware,58,4,0,0.0,0,0.0,4,1,0.0,0
queue_aware,59,4,0,0.0,0,0.0,4,1,0.0,0
queue_aware,60,4,0,0.0,0,0.0,4,1,0.0,0
queue_aware,61,4,0,0.0,0,0.0,4,1,0.0,0
queue_aware,62,4,0,0.0,0,0.0,4,1,0.0,0
queue_aware,63,4,0,0.0,0,0.0,4,1,0.0,0
queue_aware,64,4,0,0.0,0,0.0,4,1,0.0,0
queue_aware,65,4,1,0.5,1,0.16666666666666666,3,2,2.0,0
queue_aware,66,4,1,0.5,1,0.16666666666666666,3,2,2.0,0
queue_aware,67,4,1,0.5,1,0.16666666666666666,3,2,2.0,0
queue_aware,68,4,1,0.5,1,0.16666666666666666,3,2,2.0,0
queue_aware,69,4,1,0.5,1,0.16666666666666666,3,2,2.0,0
queue_aware,70,4,1,0.5,1,0.16666666666666666,3,2,2.0,0
queue_aware,71,4,1,0.5,1,0.16666666666666666,3,2,2.0,0
queue_aware,72,4,1,0.5,1,0.16666666666666666,3,2,2.0,0
queue_aware,73,4,1,0.5,1,0.16666666666666666,3,2,2.0,0
queue_aware,74,4,1,0.5,1,0.16666666666666666,3,2,2.0,0
queue_aware,75,4,1,0.5,1,0.16666666666666666,3,2,2.0,0
queue_aware,76,4,1,0.5,1,0.16666666666666666,3,2,2.0,0
queue_aware,77,4,1,0.5,1,0.16666666666666666,3,2,2.0,0
queue_aware,78,4,1,0.5,1,0.16666666666666666,3,2,2.0,0
queue_aware,79,4,1,0.5,1,0.16666666666666666,3,2,2.0,0
queue_aware,80,4,1,0.5,1,0.16666666666666666,3,2,2.0,0
queue_aware,81,4,1,0.5,1,0.16666666666666666,3,2,2.0,0
queue_aware,82,4,1,0.5,1,0.16666666666666666,3,2,2.0,0
queue_aware,83,4,1,0.5,1,0.16666666666666666,3,2,2.0,0
queue_aware,84,4,1,0.5,1,0.16666666666666666,3,2,2.0,0
queue_aware,85,4,1,0.5,1,0.16666666666666666,3,2,2.0,0
queue_aware,86,4,1,0.5,1,0.16666666666666666,3,2,2.0,0
queue_aware,87,4,1,0.5,1,0.16666666666666666,3,2,2.0,0
queue_aware,88,4,1,0.5,1,0.16666666666666666,3,2,2.0,0
queue_aware,89,4,1,0.5,1,0.16666666666666666,3,2,2.0,0
queue_aware,90,4,1,0.5,1,0.16666666666666666,3,2,2.0,0
queue_aware,91,4,1,0.5,1,0.16666666666666666,3,2,2.0,0
queue_aware,92,4,1,0.5,1,0.16666666666666666,3,2,2.0,0
queue_aware,93,4,1,0.5,1,0.16666666666666666,3,2,2.0,0
queue_aware,94,4,1,0.5,1,0.16666666666666666,3,2,2.0,0
queue_aware,95,4,1,0.5,1,0.16666666666666666,3,2,2.0,0
queue_aware,96,4,1,0.5,1,0.16666666666666666,3,2,2.0,0
queue_aware,97,4,1,0.5,1,0.16666666666666666,3,2,2.0,0
queue_aware,98,4,1,0.5,1,0.16666666666666666,3,2,2.0,0
queue_aware,99,4,1,0.5,1,0.16666666666666666,3,2,2.0,0
queue_aware,100,4,1,0.5,1,0.16666666666666666,3,2,2.0,0
queue_aware,101,4,1,0.5,1,0.16666666666666666,3,2,2.0,0
queue_aware,102,4,1,0.5,1,0.16666666666666666,3,2,2.0,0
queue_aware,103,4,1,0.5,1,0.16666666666666666,3,2,2.0,0
queue_aware,104,4,1,0.5,1,0.16666666666666666,3,2,2.0,0
queue_aware,105,4,1,0.5,1,0.16666666666666666,3,2,2.0,0
queue_aware,106,4,1,0.5,1,0.16666666666666666,3,2,2.0,0
queue_aware,107,4,1,0.5,1,0.16666666666666666,3,2,2.0,0
queue_aware,108,4,1,0.5,1,0.16666666666666666,3,2,2.0,0
queue_aware,109,4,1,0.5,1,0.16666666666666666,3,2,2.0,0
queue_aware,110,4,1,0.5,1,0.16666666666666666,3,2,2.0,0
queue_aware,111,4,1,0.5,1,0.16666666666666666,3,2,2.0,0
queue_aware,112,4,1,0.5,1,0.16666666666666666,3,2,2.0,0
queue_aware,113,4,1,0.5,1,0.16666666666666666,3,2,2.0,0
queue_aware,114,4,1,0.5,1,0.16666666666666666,3,2,2.0,0
queue_aware,115,4,1,0.5,1,0.16666666666666666,3,2,2.0,0
queue_aware,116,4,1,0.5,1,0.16666666666666666,3,2,2.0,0
queue_aware,117,4,1,0.5,1,0.16666666666666666,3,2,2.0,0
queue_aware,118,4,1,0.5,1,0.16666666666666666,3,2,2.0,0
queue_aware,119,4,1,0.5,1,0.16666666666666666,3,2,2.0,0
queue_aware,120,4,1,0.5,1,0.16666666666666666,3,2,2.0,0
queue_aware,121,4,1,0.5,1,0.16666666666666666,3,2,2.0,0
queue_aware,122,4,1,0.5,1,0.16666666666666666,3,2,2.0,0
queue_aware,123,4,1,0.5,1,0.16666666666666666,3,2,2.0,0
queue_aware,124,4,1,0.5,1,0.16666666666666666,3,2,2.0,0
queue_aware,125,4,1,0.5,1,0.16666666666666666,3,2,2.0,0
queue_aware,126,4,1,0.5,1,0.16666666666666666,3,2,2.0,0
queue_aware,127,4,1,0.5,1,0.16666666666666666,3,2,2.0,0
queue_aware,128,4,1,0.5,1,0.16666666666666666,3,2,2.0,0
queue_aware,129,4,1,0.5,1,0.16666666666666666,3,2,2.0,0
queue_aware,130,4,1,0.5,1,0.16666666666666666,3,2,2.0,0
queue_aware,131,4,1,0.5,1,0.16666666666666666,3,2,2.0,0
queue_aware,132,4,1,0.5,1,0.16666666666666666,3,2,2.0,0
queue_aware,133,4,1,0.5,1,0.16666666666666666,3,2,2.0,0
queue_aware,134,4,1,0.5,1,0.16666666666666666,3,2,2.0,0
queue_aware,135,4,1,0.5,1,0.16666666666666666,3,2,2.0,0
queue_aware,136,4,1,0.5,1,0.16666666666666666,3,2,2.0,0
queue_aware,137,4,1,0.5,1,0.16666666666666666,3,2,2.0,0
queue_aware,138,4,1,0.5,1,0.16666666666666666,3,2,2.0,0
queue_aware,139,4,1,0.5,1,0.16666666666666666,3,2,2.0,0
queue_aware,140,4,1,0.5,1,0.16666666666666666,3,2,2.0,0
queue_aware,141,4,1,0.5,1,0.16666666666666666,3,2,2.0,0
queue_aware,142,4,1,0.5,1,0.16666666666666666,3,2,2.0,0
queue_aware,143,4,1,0.5,1,0.16666666666666666,3,2,2.0,0
queue_aware,144,4,1,0.5,1,0.16666666666666666,3,2,2.0,0
queue_aware,145,4,1,0.5,1,0.16666666666666666,3,2,2.0,0
queue_aware,146,4,1,0.5,1,0.16666666666666666,3,2,2.0,0
queue_aware,147,4,1,0.5,1,0.16666666666666666,3,2,2.0,0
queue_aware,148,4,1,0.5,1,0.16666666666666666,3,2,2.0,0
queue_aware,149,4,1,0.5,1,0.16666666666666666,3,2,2.0,0
queue_aware,150,4,1,0.5,1,0.16666666666666666,3,2,2.0,0
queue_aware,151,4,1,0.5,1,0.16666666666666666,3,2,2.0,0
queue_aware,152,4,1,0.5,1,0.16666666666666666,3,2,2.0,0
queue_aware,153,4,1,0.5,1,0.16666666666666666,3,2,2.0,0
queue_aware,154,4,1,0.5,1,0.16666666666666666,3,2,2.0,0
queue_aware,155,4,1,0.5,1,0.16666666666666666,3,2,2.0,0
queue_aware,156,4,1,0.5,1,0.16666666666666666,3,2,2.0,0
queue_aware,157,4,1,0.5,1,0.16666666666666666,3,2,2.0,0
queue_aware,158,4,1,0.5,1,0.16666666666666666,3,2,2.0,0
queue_aware,159,4,1,0.5,1,0.16666666666666666,3,2,2.0,0
queue_aware,160,4,1,0.5,1,0.16666666666666666,3,2,2.0,0
queue_aware,161,4,1,0.5,1,0.16666666666666666,3,2,2.0,0
queue_aware,162,4,1,0.5,1,0.16666666666666666,3,2,2.0,0
queue_aware,163,4,1,0.5,1,0.16666666666666666,3,2,2.0,0
queue_aware,164,4,1,0.5,1,0.16666666666666666,3,2,2.0,0
queue_aware,165,4,1,0.5,1,0.16666666666666666,3,2,2.0,0
queue_aware,166,4,1,0.5,1,0.16666666666666666,3,2,2.0,0
queue_aware,167,4,1,0.5,1,0.16666666666666666,3,2,2.0,0
queue_aware,168,4,1,0.5,1,0.16666666666666666,3,2,2.0,0
queue_aware,169,4,1,0.5,1,0.16666666666666666,3,2,2.0,0
queue_aware,170,4,1,0.5,1,0.16666666666666666,3,2,2.0,0
queue_aware,171,4,1,0.5,1,0.16666666666666666,3,2,2.0,0
queue_aware,172,4,1,0.5,1,0.16666666666666666,3,2,2.0,0
queue_aware,173,4,1,0.5,1,0.16666666666666666,3,2,2.0,0
queue_aware,174,4,1,0.5,1,0.16666666666666666,3,2,2.0,0
queue_aware,175,4,1,0.5,1,0.16666666666666666,3,2,2.0,0
queue_aware,176,4,1,0.5,1,0.16666666666666666,3,2,2.0,0
queue_aware,177,4,1,0.5,1,0.16666666666666666,3,2,2.0,0
queue_aware,178,4,1,0.5,1,0.16666666666666666,3,2,2.0,0
queue_aware,179,4,1,0.5,1,0.16666666666666666,3,2,2.0,0
