delay,policy,sender_convention,seed,reward_rate,mean_signal_age,convention_updates,misattributed_updates,learned_by_end,learned_at
0,fixed_protocol,0,20260730,0.9071428571428571,1.0,139,0,1,1
0,fixed_protocol,0,20260731,0.8857142857142857,1.0,139,0,1,1
0,fixed_protocol,0,20260732,0.9357142857142857,1.0,139,0,1,1
0,fixed_protocol,0,20260733,0.8928571428571429,1.0,139,0,1,1
0,fixed_protocol,0,20260734,0.8928571428571429,1.0,139,0,1,1
0,fixed_protocol,0,20260735,0.9142857142857143,1.0,139,0,1,1
0,fixed_protocol,0,20260736,0.9214285714285714,1.0,139,0,1,1
0,fixed_protocol,0,20260737,0.9571428571428572,1.0,139,0,1,1
0,fixed_protocol,0,20260738,0.95,1.0,139,0,1,1
0,fixed_protocol,0,20260739,0.9571428571428572,1.0,139,0,1,1
0,fixed_protocol,0,20260740,0.95,1.0,139,0,1,1
0,fixed_protocol,0,20260741,0.9214285714285714,1.0,139,0,1,1
0,fixed_protocol,0,20260742,0.9428571428571428,1.0,139,0,1,1
0,fixed_protocol,0,20260743,0.9357142857142857,1.0,139,0,1,1
0,fixed_protocol,0,20260744,0.9357142857142857,1.0,139,0,1,1
0,fixed_protocol,0,20260745,0.9,1.0,139,0,1,1
0,fixed_protocol,0,20260746,0.9142857142857143,1.0,139,0,1,1
0,fixed_protocol,0,20260747,0.9071428571428571,1.0,139,0,1,1
0,fixed_protocol,0,20260748,0.9285714285714286,1.0,139,0,1,1
0,fixed_protocol,0,20260749,0.95,1.0,139,0,1,1
0,fixed_protocol,1,20260750,0.06428571428571428,1.0,139,0,1,1
0,fixed_protocol,1,20260751,0.07142857142857142,1.0,139,0,1,1
0,fixed_protocol,1,20260752,0.1,1.0,139,0,1,1
0,fixed_protocol,1,20260753,0.09285714285714286,1.0,139,0,1,1
0,fixed_protocol,1,20260754,0.10714285714285714,1.0,139,0,1,1
0,fixed_protocol,1,20260755,0.07857142857142857,1.0,139,0,1,1
0,fixed_protocol,1,20260756,0.12857142857142856,1.0,139,0,1,1
0,fixed_protocol,1,20260757,0.07857142857142857,1.0,139,0,1,1
0,fixed_protocol,1,20260758,0.07857142857142857,1.0,139,0,1,1
0,fixed_protocol,1,20260759,0.07142857142857142,1.0,139,0,1,1
0,fixed_protocol,1,20260760,0.06428571428571428,1.0,139,0,1,1
0,fixed_protocol,1,20260761,0.10714285714285714,1.0,139,0,1,1
0,fixed_protocol,1,20260762,0.06428571428571428,1.0,139,0,1,1
0,fixed_protocol,1,20260763,0.04285714285714286,1.0,139,0,1,1
0,fixed_protocol,1,20260764,0.07857142857142857,1.0,139,0,1,1
0,fixed_protocol,1,20260765,0.07857142857142857,1.0,139,0,1,1
0,fixed_protocol,1,20260766,0.09285714285714286,1.0,139,0,1,1
0,fixed_protocol,1,20260767,0.10714285714285714,1.0,139,0,1,1
0,fixed_protocol,1,20260768,0.11428571428571428,1.0,139,0,1,1
0,fixed_protocol,1,20260769,0.06428571428571428,1.0,139,0,1,1
0,delay_blind_adaptive,0,20260770,0.8428571428571429,1.2357142857142858,138,14,1,2
0,delay_blind_adaptive,0,20260771,0.85,1.2785714285714285,138,14,1,2
0,delay_blind_adaptive,0,20260772,0.8571428571428571,1.2142857142857142,138,11,1,2
0,delay_blind_adaptive,0,20260773,0.9,1.25,138,15,1,2
0,delay_blind_adaptive,0,20260774,0.8357142857142857,1.2357142857142858,138,21,1,2
0,delay_blind_adaptive,0,20260775,0.7714285714285715,1.2285714285714286,138,23,1,2
0,delay_blind_adaptive,0,20260776,0.8714285714285714,1.25,138,12,1,2
0,delay_blind_adaptive,0,20260777,0.8714285714285714,1.2214285714285715,138,10,1,2
0,delay_blind_adaptive,0,20260778,0.8857142857142857,1.25,138,9,1,2
0,delay_blind_adaptive,0,20260779,0.8857142857142857,1.2785714285714285,138,10,1,2
0,delay_blind_adaptive,0,20260780,0.8857142857142857,1.2714285714285714,138,8,1,2
0,delay_blind_adaptive,0,20260781,0.8142857142857143,1.2714285714285714,138,18,1,2
0,delay_blind_adaptive,0,20260782,0.8357142857142857,1.25,138,11,1,2
0,delay_blind_adaptive,0,20260783,0.8928571428571429,1.2428571428571429,138,11,1,2
0,delay_blind_adaptive,0,20260784,0.9285714285714286,1.2,138,13,1,2
0,delay_blind_adaptive,0,20260785,0.8928571428571429,1.2642857142857142,138,10,1,2
0,delay_blind_adaptive,0,20260786,0.8857142857142857,1.2857142857142858,138,9,1,2
0,delay_blind_adaptive,0,20260787,0.8428571428571429,1.25,138,17,1,2
0,delay_blind_adaptive,0,20260788,0.8,1.2642857142857142,138,18,1,2
0,delay_blind_adaptive,0,20260789,0.8785714285714286,1.2142857142857142,138,15,1,2
0,delay_blind_adaptive,1,20260790,0.8428571428571429,1.2428571428571429,138,14,1,2
0,delay_blind_adaptive,1,20260791,0.9071428571428571,1.2642857142857142,138,6,1,2
0,delay_blind_adaptive,1,20260792,0.8571428571428571,1.2785714285714285,138,15,1,2
0,delay_blind_adaptive,1,20260793,0.8571428571428571,1.25,138,16,1,2
0,delay_blind_adaptive,1,20260794,0.9071428571428571,1.25,138,7,1,2
0,delay_blind_adaptive,1,20260795,0.85,1.2571428571428571,138,12,1,2
0,delay_blind_adaptive,1,20260796,0.9,1.2714285714285714,138,8,1,2
0,delay_blind_adaptive,1,20260797,0.8571428571428571,1.292857142857143,138,12,1,2
0,delay_blind_adaptive,1,20260798,0.8857142857142857,1.2428571428571429,138,9,1,2
0,delay_blind_adaptive,1,20260799,0.7714285714285715,1.2428571428571429,138,21,1,2
0,delay_blind_adaptive,1,20260800,0.8642857142857143,1.2285714285714286,138,12,1,2
0,delay_blind_adaptive,1,20260801,0.8285714285714286,1.25,138,16,1,2
0,delay_blind_adaptive,1,20260802,0.8642857142857143,1.2642857142857142,138,11,1,2
0,delay_blind_adaptive,1,20260803,0.8928571428571429,1.2428571428571429,138,11,1,2
0,delay_blind_adaptive,1,20260804,0.7785714285714286,1.25,138,24,1,2
0,delay_blind_adaptive,1,20260805,0.8357142857142857,1.2357142857142858,138,17,1,2
0,delay_blind_adaptive,1,20260806,0.9142857142857143,1.2785714285714285,138,10,1,2
0,delay_blind_adaptive,1,20260807,0.8785714285714286,1.25,138,10,1,2
0,delay_blind_adaptive,1,20260808,0.8928571428571429,1.2142857142857142,138,8,1,2
0,delay_blind_adaptive,1,20260809,0.8642857142857143,1.2357142857142858,138,11,1,2
0,queue_aware_adaptive,0,20260810,0.95,1.0,139,0,1,1
0,queue_aware_adaptive,0,20260811,0.9142857142857143,1.0,139,0,1,1
0,queue_aware_adaptive,0,20260812,0.9071428571428571,1.0,139,0,1,1
0,queue_aware_adaptive,0,20260813,0.9,1.0,139,0,1,1
0,queue_aware_adaptive,0,20260814,0.8714285714285714,1.0,139,0,1,1
0,queue_aware_adaptive,0,20260815,0.9142857142857143,1.0,139,0,1,1
0,queue_aware_adaptive,0,20260816,0.9,1.0,139,0,1,1
0,queue_aware_adaptive,0,20260817,0.9214285714285714,1.0,139,0,1,1
0,queue_aware_adaptive,0,20260818,0.9071428571428571,1.0,139,0,1,1
0,queue_aware_adaptive,0,20260819,0.8714285714285714,1.0,139,0,1,1
0,queue_aware_adaptive,0,20260820,0.9357142857142857,1.0,139,0,1,1
0,queue_aware_adaptive,0,20260821,0.9071428571428571,1.0,139,0,1,1
0,queue_aware_adaptive,0,20260822,0.8928571428571429,1.0,139,0,1,1
0,queue_aware_adaptive,0,20260823,0.8642857142857143,1.0,139,0,1,1
0,queue_aware_adaptive,0,20260824,0.9071428571428571,1.0,139,0,1,1
0,queue_aware_adaptive,0,20260825,0.9142857142857143,1.0,139,0,1,1
0,queue_aware_adaptive,0,20260826,0.9142857142857143,1.0,139,0,1,1
0,queue_aware_adaptive,0,20260827,0.8642857142857143,1.0,139,0,1,1
0,queue_aware_adaptive,0,20260828,0.9142857142857143,1.0,139,0,1,1
0,queue_aware_adaptive,0,20260829,0.8928571428571429,1.0,139,0,1,1
0,queue_aware_adaptive,1,20260830,0.9214285714285714,1.0,139,0,1,1
0,queue_aware_adaptive,1,20260831,0.9642857142857143,1.0,139,0,1,1
0,queue_aware_adaptive,1,20260832,0.9071428571428571,1.0,139,0,1,1
0,queue_aware_adaptive,1,20260833,0.9642857142857143,1.0,139,0,1,1
0,queue_aware_adaptive,1,20260834,0.9357142857142857,1.0,139,0,1,1
0,queue_aware_adaptive,1,20260835,0.95,1.0,139,0,1,1
0,queue_aware_adaptive,1,20260836,0.9285714285714286,1.0,139,0,1,1
0,queue_aware_adaptive,1,20260837,0.9142857142857143,1.0,139,0,1,1
0,queue_aware_adaptive,1,20260838,0.9214285714285714,1.0,139,0,1,1
0,queue_aware_adaptive,1,20260839,0.95,1.0,139,0,1,1
0,queue_aware_adaptive,1,20260840,0.8857142857142857,1.0,139,0,1,1
0,queue_aware_adaptive,1,20260841,0.9357142857142857,1.0,139,0,1,1
0,queue_aware_adaptive,1,20260842,0.9357142857142857,1.0,139,0,1,1
0,queue_aware_adaptive,1,20260843,0.9071428571428571,1.0,139,0,1,1
0,queue_aware_adaptive,1,20260844,0.9642857142857143,1.0,139,0,1,1
0,queue_aware_adaptive,1,20260845,0.9357142857142857,1.0,139,0,1,1
0,queue_aware_adaptive,1,20260846,0.8857142857142857,1.0,139,0,1,1
0,queue_aware_adaptive,1,20260847,0.9357142857142857,1.0,139,0,1,1
0,queue_aware_adaptive,1,20260848,0.9428571428571428,1.0,139,0,1,1
0,queue_aware_adaptive,1,20260849,0.9142857142857143,1.0,139,0,1,1
0,known_protocol,0,20260850,0.9571428571428572,1.0,139,0,1,1
0,known_protocol,0,20260851,0.9214285714285714,1.0,139,0,1,1
0,known_protocol,0,20260852,0.9071428571428571,1.0,139,0,1,1
0,known_protocol,0,20260853,0.9,1.0,139,0,1,1
0,known_protocol,0,20260854,0.9214285714285714,1.0,139,0,1,1
0,known_protocol,0,20260855,0.85,1.0,139,0,1,1
0,known_protocol,0,20260856,0.9071428571428571,1.0,139,0,1,1
0,known_protocol,0,20260857,0.95,1.0,139,0,1,1
0,known_protocol,0,20260858,0.9,1.0,139,0,1,1
0,known_protocol,0,20260859,0.8928571428571429,1.0,139,0,1,1
0,known_protocol,0,20260860,0.9357142857142857,1.0,139,0,1,1
0,known_protocol,0,20260861,0.9357142857142857,1.0,139,0,1,1
0,known_protocol,0,20260862,0.9285714285714286,1.0,139,0,1,1
0,known_protocol,0,20260863,0.9071428571428571,1.0,139,0,1,1
0,known_protocol,0,20260864,0.9214285714285714,1.0,139,0,1,1
0,known_protocol,0,20260865,0.9285714285714286,1.0,139,0,1,1
0,known_protocol,0,20260866,0.9357142857142857,1.0,139,0,1,1
0,known_protocol,0,20260867,0.9428571428571428,1.0,139,0,1,1
0,known_protocol,0,20260868,0.9428571428571428,1.0,139,0,1,1
0,known_protocol,0,20260869,0.9142857142857143,1.0,139,0,1,1
0,known_protocol,1,20260870,0.8785714285714286,1.0,139,0,1,1
0,known_protocol,1,20260871,0.9071428571428571,1.0,139,0,1,1
0,known_protocol,1,20260872,0.9285714285714286,1.0,139,0,1,1
0,known_protocol,1,20260873,0.95,1.0,139,0,1,1
0,known_protocol,1,20260874,0.8857142857142857,1.0,139,0,1,1
0,known_protocol,1,20260875,0.9,1.0,139,0,1,1
0,known_protocol,1,20260876,0.9071428571428571,1.0,139,0,1,1
0,known_protocol,1,20260877,0.9357142857142857,1.0,139,0,1,1
0,known_protocol,1,20260878,0.9428571428571428,1.0,139,0,1,1
0,known_protocol,1,20260879,0.9142857142857143,1.0,139,0,1,1
0,known_protocol,1,20260880,0.9,1.0,139,0,1,1
0,known_protocol,1,20260881,0.9357142857142857,1.0,139,0,1,1
0,known_protocol,1,20260882,0.9,1.0,139,0,1,1
0,known_protocol,1,20260883,0.9142857142857143,1.0,139,0,1,1
0,known_protocol,1,20260884,0.9071428571428571,1.0,139,0,1,1
0,known_protocol,1,20260885,0.9071428571428571,1.0,139,0,1,1
0,known_protocol,1,20260886,0.9285714285714286,1.0,139,0,1,1
0,known_protocol,1,20260887,0.8928571428571429,1.0,139,0,1,1
0,known_protocol,1,20260888,0.8928571428571429,1.0,139,0,1,1
0,known_protocol,1,20260889,0.9428571428571428,1.0,139,0,1,1
1,fixed_protocol,0,20260890,0.8428571428571429,1.542857142857143,139,0,1,2
1,fixed_protocol,0,20260891,0.85,1.4785714285714286,139,0,1,1
1,fixed_protocol,0,20260892,0.8714285714285714,1.5214285714285714,139,0,1,1
1,fixed_protocol,0,20260893,0.8928571428571429,1.5642857142857143,138,0,1,1
1,fixed_protocol,0,20260894,0.9285714285714286,1.4357142857142857,139,0,1,1
1,fixed_protocol,0,20260895,0.9142857142857143,1.45,139,0,1,2
1,fixed_protocol,0,20260896,0.8642857142857143,1.5142857142857142,138,0,1,2
1,fixed_protocol,0,20260897,0.8714285714285714,1.4785714285714286,138,0,1,2
1,fixed_protocol,0,20260898,0.85,1.4642857142857142,138,0,1,1
1,fixed_protocol,0,20260899,0.8857142857142857,1.4785714285714286,139,0,1,2
1,fixed_protocol,0,20260900,0.8142857142857143,1.5214285714285714,138,0,1,2
1,fixed_protocol,0,20260901,0.9214285714285714,1.5071428571428571,139,0,1,2
1,fixed_protocol,0,20260902,0.9285714285714286,1.4928571428571429,139,0,1,1
1,fixed_protocol,0,20260903,0.9142857142857143,1.5142857142857142,138,0,1,2
1,fixed_protocol,0,20260904,0.8357142857142857,1.5071428571428571,138,0,1,1
1,fixed_protocol,0,20260905,0.8571428571428571,1.4428571428571428,138,0,1,2
1,fixed_protocol,0,20260906,0.8285714285714286,1.4642857142857142,139,0,1,1
1,fixed_protocol,0,20260907,0.85,1.5857142857142856,138,0,1,1
1,fixed_protocol,0,20260908,0.9285714285714286,1.542857142857143,138,0,1,1
1,fixed_protocol,0,20260909,0.8714285714285714,1.542857142857143,138,0,1,2
1,fixed_protocol,1,20260910,0.15714285714285714,1.5642857142857143,138,0,1,2
1,fixed_protocol,1,20260911,0.1357142857142857,1.5285714285714285,139,0,1,1
1,fixed_protocol,1,20260912,0.14285714285714285,1.4714285714285715,138,0,1,1
1,fixed_protocol,1,20260913,0.17142857142857143,1.4285714285714286,138,0,1,1
1,fixed_protocol,1,20260914,0.15,1.55,139,0,1,2
1,fixed_protocol,1,20260915,0.12857142857142856,1.5714285714285714,139,0,1,2
1,fixed_protocol,1,20260916,0.14285714285714285,1.5357142857142858,138,0,1,1
1,fixed_protocol,1,20260917,0.17142857142857143,1.45,138,0,1,2
1,fixed_protocol,1,20260918,0.11428571428571428,1.5357142857142858,139,0,1,2
1,fixed_protocol,1,20260919,0.07857142857142857,1.5214285714285714,138,0,1,2
1,fixed_protocol,1,20260920,0.11428571428571428,1.5071428571428571,138,0,1,2
1,fixed_protocol,1,20260921,0.1357142857142857,1.5214285714285714,139,0,1,1
1,fixed_protocol,1,20260922,0.10714285714285714,1.5214285714285714,138,0,1,1
1,fixed_protocol,1,20260923,0.05,1.4857142857142858,138,0,1,1
1,fixed_protocol,1,20260924,0.15714285714285714,1.5785714285714285,138,0,1,1
1,fixed_protocol,1,20260925,0.11428571428571428,1.4857142857142858,139,0,1,2
1,fixed_protocol,1,20260926,0.12857142857142856,1.4357142857142857,138,0,1,1
1,fixed_protocol,1,20260927,0.15,1.542857142857143,138,0,1,1
1,fixed_protocol,1,20260928,0.1,1.5285714285714285,139,0,1,1
1,fixed_protocol,1,20260929,0.1357142857142857,1.5285714285714285,139,0,1,2
1,delay_blind_adaptive,0,20260930,0.8642857142857143,1.9214285714285715,138,12,1,2
1,delay_blind_adaptive,0,20260931,0.7857142857142857,1.95,137,20,1,3
1,delay_blind_adaptive,0,20260932,0.9142857142857143,1.9357142857142857,138,9,1,2
1,delay_blind_adaptive,0,20260933,0.75,1.9071428571428573,136,22,1,3
1,delay_blind_adaptive,0,20260934,0.9,1.8642857142857143,137,8,1,3
1,delay_blind_adaptive,0,20260935,0.8857142857142857,1.7642857142857142,137,11,1,3
1,delay_blind_adaptive,0,20260936,0.8714285714285714,1.95,139,10,1,2
1,delay_blind_adaptive,0,20260937,0.9142857142857143,1.85,137,7,1,3
1,delay_blind_adaptive,0,20260938,0.85,1.9285714285714286,137,12,1,3
1,delay_blind_adaptive,0,20260939,0.8142857142857143,1.9428571428571428,138,17,1,2
1,delay_blind_adaptive,0,20260940,0.7714285714285715,1.7428571428571429,138,16,1,2
1,delay_blind_adaptive,0,20260941,0.7785714285714286,1.8142857142857143,137,17,1,3
1,delay_blind_adaptive,0,20260942,0.8642857142857143,1.7857142857142858,138,13,1,2
1,delay_blind_adaptive,0,20260943,0.7857142857142857,1.8214285714285714,139,12,1,2
1,delay_blind_adaptive,0,20260944,0.8214285714285714,1.8071428571428572,138,12,1,2
1,delay_blind_adaptive,0,20260945,0.7642857142857142,1.9142857142857144,137,17,1,3
1,delay_blind_adaptive,0,20260946,0.8071428571428572,1.9928571428571429,138,16,1,3
1,delay_blind_adaptive,0,20260947,0.7785714285714286,1.85,138,18,1,3
1,delay_blind_adaptive,0,20260948,0.7857142857142857,1.9714285714285715,138,18,1,3
1,delay_blind_adaptive,0,20260949,0.75,1.9,137,19,1,3
1,delay_blind_adaptive,1,20260950,0.8642857142857143,1.8571428571428572,137,12,1,2
1,delay_blind_adaptive,1,20260951,0.8714285714285714,1.8142857142857143,138,10,1,2
1,delay_blind_adaptive,1,20260952,0.7928571428571428,1.7857142857142858,137,15,1,3
1,delay_blind_adaptive,1,20260953,0.8,1.8285714285714285,138,12,1,3
1,delay_blind_adaptive,1,20260954,0.85,1.8071428571428572,138,13,1,2
1,delay_blind_adaptive,1,20260955,0.8071428571428572,1.9428571428571428,138,12,1,2
1,delay_blind_adaptive,1,20260956,0.8214285714285714,1.8,137,13,1,3
1,delay_blind_adaptive,1,20260957,0.8,1.8428571428571427,138,14,1,2
1,delay_blind_adaptive,1,20260958,0.8285714285714286,1.9857142857142858,138,15,1,3
1,delay_blind_adaptive,1,20260959,0.8214285714285714,1.9928571428571429,137,14,1,4
1,delay_blind_adaptive,1,20260960,0.7357142857142858,1.7142857142857142,138,23,1,2
1,delay_blind_adaptive,1,20260961,0.7714285714285715,1.9928571428571429,139,20,1,2
1,delay_blind_adaptive,1,20260962,0.8214285714285714,1.7785714285714285,136,15,1,4
1,delay_blind_adaptive,1,20260963,0.8214285714285714,1.792857142857143,137,17,1,3
1,delay_blind_adaptive,1,20260964,0.75,1.9,138,19,1,2
1,delay_blind_adaptive,1,20260965,0.7428571428571429,1.7714285714285714,137,19,1,2
1,delay_blind_adaptive,1,20260966,0.8,1.957142857142857,138,15,1,2
1,delay_blind_adaptive,1,20260967,0.8928571428571429,2.0,138,8,1,2
1,delay_blind_adaptive,1,20260968,0.85,1.8,137,11,1,3
1,delay_blind_adaptive,1,20260969,0.9071428571428571,1.9428571428571428,139,8,1,2
1,queue_aware_adaptive,0,20260970,0.8642857142857143,1.4214285714285715,139,0,1,2
1,queue_aware_adaptive,0,20260971,0.8928571428571429,1.5357142857142858,138,0,1,1
1,queue_aware_adaptive,0,20260972,0.9142857142857143,1.4,139,0,1,1
1,queue_aware_adaptive,0,20260973,0.9285714285714286,1.4785714285714286,138,0,1,1
1,queue_aware_adaptive,0,20260974,0.9,1.4357142857142857,138,0,1,2
1,queue_aware_adaptive,0,20260975,0.8714285714285714,1.5714285714285714,139,0,1,2
1,queue_aware_adaptive,0,20260976,0.8785714285714286,1.5285714285714285,139,0,1,2
1,queue_aware_adaptive,0,20260977,0.8142857142857143,1.4714285714285715,139,0,1,2
1,queue_aware_adaptive,0,20260978,0.8571428571428571,1.457142857142857,138,0,1,2
1,queue_aware_adaptive,0,20260979,0.8642857142857143,1.4428571428571428,138,0,1,2
1,queue_aware_adaptive,0,20260980,0.95,1.5071428571428571,139,0,1,1
1,queue_aware_adaptive,0,20260981,0.8428571428571429,1.5285714285714285,139,0,1,2
1,queue_aware_adaptive,0,20260982,0.8428571428571429,1.6357142857142857,138,0,1,1
1,queue_aware_adaptive,0,20260983,0.85,1.5285714285714285,138,0,1,1
1,queue_aware_adaptive,0,20260984,0.8214285714285714,1.5714285714285714,139,0,1,2
1,queue_aware_adaptive,0,20260985,0.8785714285714286,1.5071428571428571,138,0,1,2
1,queue_aware_adaptive,0,20260986,0.9142857142857143,1.5214285714285714,139,0,1,2
1,queue_aware_adaptive,0,20260987,0.85,1.4785714285714286,139,0,1,1
1,queue_aware_adaptive,0,20260988,0.8714285714285714,1.4071428571428573,138,0,1,2
1,queue_aware_adaptive,0,20260989,0.8285714285714286,1.5142857142857142,138,0,1,1
1,queue_aware_adaptive,1,20260990,0.8714285714285714,1.457142857142857,139,0,1,1
1,queue_aware_adaptive,1,20260991,0.8357142857142857,1.4928571428571429,138,0,1,2
1,queue_aware_adaptive,1,20260992,0.9428571428571428,1.4714285714285715,138,0,1,1
1,queue_aware_adaptive,1,20260993,0.8714285714285714,1.5357142857142858,139,0,1,1
1,queue_aware_adaptive,1,20260994,0.8857142857142857,1.4642857142857142,139,0,1,1
1,queue_aware_adaptive,1,20260995,0.8928571428571429,1.4642857142857142,139,0,1,1
1,queue_aware_adaptive,1,20260996,0.8928571428571429,1.5071428571428571,139,0,1,1
1,queue_aware_adaptive,1,20260997,0.8857142857142857,1.45,138,0,1,1
1,queue_aware_adaptive,1,20260998,0.8857142857142857,1.457142857142857,138,0,1,2
1,queue_aware_adaptive,1,20260999,0.9214285714285714,1.4785714285714286,139,0,1,2
1,queue_aware_adaptive,1,20261000,0.8928571428571429,1.5071428571428571,139,0,1,1
1,queue_aware_adaptive,1,20261001,0.8785714285714286,1.5642857142857143,138,0,1,1
1,queue_aware_adaptive,1,20261002,0.9,1.5785714285714285,139,0,1,2
1,queue_aware_adaptive,1,20261003,0.9142857142857143,1.5142857142857142,138,0,1,2
1,queue_aware_adaptive,1,20261004,0.9,1.5714285714285714,138,0,1,2
1,queue_aware_adaptive,1,20261005,0.85,1.5571428571428572,139,0,1,1
1,queue_aware_adaptive,1,20261006,0.85,1.4214285714285715,138,0,1,2
1,queue_aware_adaptive,1,20261007,0.9,1.5071428571428571,138,0,1,1
1,queue_aware_adaptive,1,20261008,0.8357142857142857,1.5214285714285714,139,0,1,1
1,queue_aware_adaptive,1,20261009,0.8928571428571429,1.5785714285714285,139,0,1,2
1,known_protocol,0,20261010,0.8642857142857143,1.5214285714285714,139,0,1,2
1,known_protocol,0,20261011,0.8714285714285714,1.542857142857143,138,0,1,2
1,known_protocol,0,20261012,0.9357142857142857,1.4785714285714286,138,0,1,1
1,known_protocol,0,20261013,0.8857142857142857,1.5714285714285714,138,0,1,2
1,known_protocol,0,20261014,0.8857142857142857,1.5214285714285714,139,0,1,2
1,known_protocol,0,20261015,0.8428571428571429,1.45,138,0,1,1
1,known_protocol,0,20261016,0.8785714285714286,1.542857142857143,138,0,1,2
1,known_protocol,0,20261017,0.9428571428571428,1.5714285714285714,138,0,1,1
1,known_protocol,0,20261018,0.8785714285714286,1.5142857142857142,139,0,1,2
1,known_protocol,0,20261019,0.8285714285714286,1.5,138,0,1,1
1,known_protocol,0,20261020,0.8857142857142857,1.4714285714285715,138,0,1,1
1,known_protocol,0,20261021,0.9,1.5214285714285714,139,0,1,2
1,known_protocol,0,20261022,0.8714285714285714,1.5214285714285714,139,0,1,1
1,known_protocol,0,20261023,0.8928571428571429,1.4714285714285715,138,0,1,2
1,known_protocol,0,20261024,0.9071428571428571,1.4642857142857142,139,0,1,1
1,known_protocol,0,20261025,0.8857142857142857,1.5,138,0,1,1
1,known_protocol,0,20261026,0.8857142857142857,1.5357142857142858,139,0,1,2
1,known_protocol,0,20261027,0.9285714285714286,1.5,139,0,1,1
1,known_protocol,0,20261028,0.9071428571428571,1.5285714285714285,139,0,1,1
1,known_protocol,0,20261029,0.9142857142857143,1.5142857142857142,138,0,1,2
1,known_protocol,1,20261030,0.8714285714285714,1.4357142857142857,139,0,1,1
1,known_protocol,1,20261031,0.8928571428571429,1.4428571428571428,138,0,1,1
1,known_protocol,1,20261032,0.8357142857142857,1.6,138,0,1,2
1,known_protocol,1,20261033,0.9071428571428571,1.5071428571428571,138,0,1,1
1,known_protocol,1,20261034,0.8642857142857143,1.5357142857142858,139,0,1,1
1,known_protocol,1,20261035,0.9142857142857143,1.5285714285714285,138,0,1,2
1,known_protocol,1,20261036,0.9142857142857143,1.4357142857142857,139,0,1,1
1,known_protocol,1,20261037,0.9214285714285714,1.5357142857142858,138,0,1,2
1,known_protocol,1,20261038,0.9,1.5714285714285714,138,0,1,2
1,known_protocol,1,20261039,0.8857142857142857,1.4857142857142858,138,0,1,2
1,known_protocol,1,20261040,0.9642857142857143,1.5357142857142858,138,0,1,2
1,known_protocol,1,20261041,0.9,1.4285714285714286,139,0,1,2
1,known_protocol,1,20261042,0.8928571428571429,1.5928571428571427,138,0,1,2
1,known_protocol,1,20261043,0.85,1.5285714285714285,139,0,1,2
1,known_protocol,1,20261044,0.7642857142857142,1.65,139,0,1,1
1,known_protocol,1,20261045,0.9142857142857143,1.5214285714285714,138,0,1,1
1,known_protocol,1,20261046,0.8928571428571429,1.4857142857142858,138,0,1,2
1,known_protocol,1,20261047,0.9214285714285714,1.4214285714285715,138,0,1,2
1,known_protocol,1,20261048,0.8785714285714286,1.4928571428571429,139,0,1,2
1,known_protocol,1,20261049,0.9,1.6,139,0,1,1
2,fixed_protocol,0,20261050,0.85,2.5642857142857145,138,0,1,2
2,fixed_protocol,0,20261051,0.8071428571428572,2.4857142857142858,137,0,1,2
2,fixed_protocol,0,20261052,0.85,2.442857142857143,138,0,1,2
2,fixed_protocol,0,20261053,0.7571428571428571,2.5642857142857145,137,0,1,3
2,fixed_protocol,0,20261054,0.8785714285714286,2.414285714285714,138,0,1,2
2,fixed_protocol,0,20261055,0.7642857142857142,2.492857142857143,138,0,1,3
2,fixed_protocol,0,20261056,0.8571428571428571,2.5,137,0,1,3
2,fixed_protocol,0,20261057,0.8071428571428572,2.4714285714285715,137,0,1,3
2,fixed_protocol,0,20261058,0.7571428571428571,2.5214285714285714,137,0,1,3
2,fixed_protocol,0,20261059,0.6785714285714286,2.5,137,0,1,2
2,fixed_protocol,0,20261060,0.8285714285714286,2.5214285714285714,138,0,1,3
2,fixed_protocol,0,20261061,0.7785714285714286,2.5357142857142856,137,0,1,2
2,fixed_protocol,0,20261062,0.85,2.5,138,0,1,3
2,fixed_protocol,0,20261063,0.8571428571428571,2.4571428571428573,137,0,1,3
2,fixed_protocol,0,20261064,0.8857142857142857,2.5357142857142856,137,0,1,2
2,fixed_protocol,0,20261065,0.8714285714285714,2.55,137,0,1,2
2,fixed_protocol,0,20261066,0.8142857142857143,2.585714285714286,138,0,1,3
2,fixed_protocol,0,20261067,0.9214285714285714,2.5,137,0,1,3
2,fixed_protocol,0,20261068,0.8,2.5142857142857142,137,0,1,3
2,fixed_protocol,0,20261069,0.8428571428571429,2.5642857142857145,137,0,1,3
2,fixed_protocol,1,20261070,0.15714285714285714,2.4571428571428573,138,0,1,3
2,fixed_protocol,1,20261071,0.12857142857142856,2.55,138,0,1,3
2,fixed_protocol,1,20261072,0.3,2.5142857142857142,138,0,1,3
2,fixed_protocol,1,20261073,0.17142857142857143,2.5357142857142856,137,0,1,3
2,fixed_protocol,1,20261074,0.17857142857142858,2.5142857142857142,138,0,1,2
2,fixed_protocol,1,20261075,0.16428571428571428,2.5285714285714285,137,0,1,2
2,fixed_protocol,1,20261076,0.2,2.55,138,0,1,2
2,fixed_protocol,1,20261077,0.12142857142857143,2.4714285714285715,138,0,1,3
2,fixed_protocol,1,20261078,0.16428571428571428,2.4357142857142855,138,0,1,2
2,fixed_protocol,1,20261079,0.25,2.55,137,0,1,2
2,fixed_protocol,1,20261080,0.24285714285714285,2.492857142857143,137,0,1,2
2,fixed_protocol,1,20261081,0.1357142857142857,2.5285714285714285,137,0,1,2
2,fixed_protocol,1,20261082,0.14285714285714285,2.5428571428571427,137,0,1,3
2,fixed_protocol,1,20261083,0.1,2.4357142857142855,137,0,1,3
2,fixed_protocol,1,20261084,0.07142857142857142,2.442857142857143,137,0,1,2
2,fixed_protocol,1,20261085,0.2,2.5428571428571427,137,0,1,3
2,fixed_protocol,1,20261086,0.18571428571428572,2.557142857142857,137,0,1,3
2,fixed_protocol,1,20261087,0.25,2.5428571428571427,137,0,1,2
2,fixed_protocol,1,20261088,0.18571428571428572,2.55,137,0,1,3
2,fixed_protocol,1,20261089,0.12142857142857143,2.492857142857143,137,0,1,2
2,delay_blind_adaptive,0,20261090,0.6428571428571429,2.8,138,19,1,3
2,delay_blind_adaptive,0,20261091,0.7214285714285714,2.857142857142857,136,16,1,4
2,delay_blind_adaptive,0,20261092,0.7428571428571429,2.9214285714285713,135,20,1,5
2,delay_blind_adaptive,0,20261093,0.7357142857142858,2.835714285714286,137,18,1,3
2,delay_blind_adaptive,0,20261094,0.7857142857142857,2.9214285714285713,136,13,1,4
2,delay_blind_adaptive,0,20261095,0.7071428571428572,2.7714285714285714,136,17,1,3
2,delay_blind_adaptive,0,20261096,0.7857142857142857,2.8142857142857145,136,13,1,4
2,delay_blind_adaptive,0,20261097,0.8785714285714286,2.907142857142857,136,6,1,4
2,delay_blind_adaptive,0,20261098,0.8928571428571429,2.7642857142857142,138,5,1,3
2,delay_blind_adaptive,0,20261099,0.7928571428571428,2.85,137,15,1,4
2,delay_blind_adaptive,0,20261100,0.8071428571428572,2.8714285714285714,137,9,1,3
2,delay_blind_adaptive,0,20261101,0.8142857142857143,2.892857142857143,136,13,1,4
2,delay_blind_adaptive,0,20261102,0.7357142857142858,2.942857142857143,135,18,1,5
2,delay_blind_adaptive,0,20261103,0.8071428571428572,2.807142857142857,136,15,1,3
2,delay_blind_adaptive,0,20261104,0.8142857142857143,2.7857142857142856,135,13,1,5
2,delay_blind_adaptive,0,20261105,0.8,2.9357142857142855,137,11,1,4
2,delay_blind_adaptive,0,20261106,0.8,2.942857142857143,137,11,1,4
2,delay_blind_adaptive,0,20261107,0.75,2.807142857142857,137,11,1,3
2,delay_blind_adaptive,0,20261108,0.6857142857142857,2.9857142857142858,137,15,1,3
2,delay_blind_adaptive,0,20261109,0.8071428571428572,2.8714285714285714,135,7,1,4
2,delay_blind_adaptive,1,20261110,0.7428571428571429,2.8642857142857143,136,15,1,4
2,delay_blind_adaptive,1,20261111,0.8571428571428571,2.9214285714285713,136,7,1,4
2,delay_blind_adaptive,1,20261112,0.7357142857142858,2.742857142857143,138,13,1,3
2,delay_blind_adaptive,1,20261113,0.7714285714285715,2.757142857142857,137,11,1,3
2,delay_blind_adaptive,1,20261114,0.9214285714285714,3.007142857142857,135,4,1,4
2,delay_blind_adaptive,1,20261115,0.8357142857142857,2.7785714285714285,138,7,1,3
2,delay_blind_adaptive,1,20261116,0.7428571428571429,2.8285714285714287,135,13,1,5
2,delay_blind_adaptive,1,20261117,0.8357142857142857,2.8214285714285716,137,6,1,3
2,delay_blind_adaptive,1,20261118,0.7571428571428571,2.757142857142857,136,12,1,4
2,delay_blind_adaptive,1,20261119,0.85,3.0142857142857142,136,6,1,4
2,delay_blind_adaptive,1,20261120,0.75,2.9357142857142855,136,16,1,4
2,delay_blind_adaptive,1,20261121,0.7,2.992857142857143,137,22,1,3
2,delay_blind_adaptive,1,20261122,0.7928571428571428,2.807142857142857,136,12,1,3
2,delay_blind_adaptive,1,20261123,0.7428571428571429,2.9571428571428573,137,16,1,3
2,delay_blind_adaptive,1,20261124,0.7571428571428571,2.9357142857142855,136,24,1,4
2,delay_blind_adaptive,1,20261125,0.75,2.9357142857142855,137,12,1,4
2,delay_blind_adaptive,1,20261126,0.7214285714285714,2.892857142857143,138,18,1,3
2,delay_blind_adaptive,1,20261127,0.6714285714285714,2.7928571428571427,135,21,1,4
2,delay_blind_adaptive,1,20261128,0.9142857142857143,2.835714285714286,136,3,1,4
2,delay_blind_adaptive,1,20261129,0.7214285714285714,2.9714285714285715,136,23,1,4
2,queue_aware_adaptive,0,20261130,0.8,2.4857142857142858,138,0,1,3
2,queue_aware_adaptive,0,20261131,0.7857142857142857,2.507142857142857,138,0,1,2
2,queue_aware_adaptive,0,20261132,0.8285714285714286,2.5,138,0,1,2
2,queue_aware_adaptive,0,20261133,0.75,2.5357142857142856,138,0,1,2
2,queue_aware_adaptive,0,20261134,0.8857142857142857,2.4714285714285715,137,0,1,2
2,queue_aware_adaptive,0,20261135,0.8142857142857143,2.492857142857143,138,0,1,2
2,queue_aware_adaptive,0,20261136,0.8142857142857143,2.5285714285714285,138,0,1,3
2,queue_aware_adaptive,0,20261137,0.8285714285714286,2.5285714285714285,138,0,1,3
2,queue_aware_adaptive,0,20261138,0.8928571428571429,2.557142857142857,138,0,1,2
2,queue_aware_adaptive,0,20261139,0.8071428571428572,2.592857142857143,137,0,1,2
2,queue_aware_adaptive,0,20261140,0.8142857142857143,2.5642857142857145,137,0,1,3
2,queue_aware_adaptive,0,20261141,0.8,2.4714285714285715,137,0,1,3
2,queue_aware_adaptive,0,20261142,0.8642857142857143,2.4571428571428573,137,0,1,3
2,queue_aware_adaptive,0,20261143,0.8357142857142857,2.507142857142857,137,0,1,3
2,queue_aware_adaptive,0,20261144,0.8428571428571429,2.5,138,0,1,3
2,queue_aware_adaptive,0,20261145,0.8214285714285714,2.557142857142857,137,0,1,3
2,queue_aware_adaptive,0,20261146,0.7928571428571428,2.5357142857142856,137,0,1,2
2,queue_aware_adaptive,0,20261147,0.7642857142857142,2.6,138,0,1,3
2,queue_aware_adaptive,0,20261148,0.8357142857142857,2.5214285714285714,137,0,1,2
2,queue_aware_adaptive,0,20261149,0.8428571428571429,2.5285714285714285,137,0,1,3
2,queue_aware_adaptive,1,20261150,0.75,2.4571428571428573,138,0,1,2
2,queue_aware_adaptive,1,20261151,0.8071428571428572,2.4714285714285715,138,0,1,3
2,queue_aware_adaptive,1,20261152,0.8928571428571429,2.4785714285714286,138,0,1,2
2,queue_aware_adaptive,1,20261153,0.7928571428571428,2.55,138,0,1,3
2,queue_aware_adaptive,1,20261154,0.95,2.4785714285714286,137,0,1,2
2,queue_aware_adaptive,1,20261155,0.7857142857142857,2.4571428571428573,137,0,1,2
2,queue_aware_adaptive,1,20261156,0.7928571428571428,2.4642857142857144,138,0,1,3
2,queue_aware_adaptive,1,20261157,0.9357142857142857,2.5142857142857142,138,0,1,2
2,queue_aware_adaptive,1,20261158,0.8428571428571429,2.4285714285714284,138,0,1,2
2,queue_aware_adaptive,1,20261159,0.75,2.442857142857143,138,0,1,3
2,queue_aware_adaptive,1,20261160,0.7642857142857142,2.45,138,0,1,2
2,queue_aware_adaptive,1,20261161,0.8142857142857143,2.557142857142857,137,0,1,3
2,queue_aware_adaptive,1,20261162,0.8714285714285714,2.5428571428571427,137,0,1,3
2,queue_aware_adaptive,1,20261163,0.85,2.5428571428571427,138,0,1,3
2,queue_aware_adaptive,1,20261164,0.8142857142857143,2.507142857142857,137,0,1,2
2,queue_aware_adaptive,1,20261165,0.8285714285714286,2.507142857142857,138,0,1,2
2,queue_aware_adaptive,1,20261166,0.9,2.5642857142857145,138,0,1,3
2,queue_aware_adaptive,1,20261167,0.8928571428571429,2.492857142857143,138,0,1,3
2,queue_aware_adaptive,1,20261168,0.8142857142857143,2.5142857142857142,138,0,1,3
2,queue_aware_adaptive,1,20261169,0.8071428571428572,2.5285714285714285,137,0,1,2
2,known_protocol,0,20261170,0.7571428571428571,2.4857142857142858,137,0,1,3
2,known_protocol,0,20261171,0.8428571428571429,2.45,137,0,1,3
2,known_protocol,0,20261172,0.8142857142857143,2.5428571428571427,137,0,1,3
2,known_protocol,0,20261173,0.8071428571428572,2.492857142857143,137,0,1,3
2,known_protocol,0,20261174,0.8214285714285714,2.5,137,0,1,3
2,known_protocol,0,20261175,0.7214285714285714,2.45,137,0,1,3
2,known_protocol,0,20261176,0.8357142857142857,2.4714285714285715,138,0,1,2
2,known_protocol,0,20261177,0.7714285714285715,2.5642857142857145,138,0,1,2
2,known_protocol,0,20261178,0.8285714285714286,2.5428571428571427,137,0,1,3
2,known_protocol,0,20261179,0.8285714285714286,2.4857142857142858,137,0,1,3
2,known_protocol,0,20261180,0.7428571428571429,2.5,138,0,1,3
2,known_protocol,0,20261181,0.8571428571428571,2.5428571428571427,138,0,1,3
2,known_protocol,0,20261182,0.85,2.45,138,0,1,2
2,known_protocol,0,20261183,0.8142857142857143,2.5142857142857142,138,0,1,2
2,known_protocol,0,20261184,0.7857142857142857,2.492857142857143,138,0,1,2
2,known_protocol,0,20261185,0.8428571428571429,2.5142857142857142,138,0,1,2
2,known_protocol,0,20261186,0.8071428571428572,2.5285714285714285,138,0,1,2
2,known_protocol,0,20261187,0.8285714285714286,2.5142857142857142,138,0,1,2
2,known_protocol,0,20261188,0.8857142857142857,2.55,138,0,1,3
2,known_protocol,0,20261189,0.7785714285714286,2.5285714285714285,138,0,1,2
2,known_protocol,1,20261190,0.8071428571428572,2.5,137,0,1,3
2,known_protocol,1,20261191,0.7714285714285715,2.4857142857142858,138,0,1,3
2,known_protocol,1,20261192,0.8357142857142857,2.4571428571428573,137,0,1,2
2,known_protocol,1,20261193,0.8142857142857143,2.5142857142857142,137,0,1,3
2,known_protocol,1,20261194,0.8714285714285714,2.4857142857142858,137,0,1,2
2,known_protocol,1,20261195,0.8857142857142857,2.55,137,0,1,3
2,known_protocol,1,20261196,0.8571428571428571,2.507142857142857,137,0,1,3
2,known_protocol,1,20261197,0.8142857142857143,2.4857142857142858,138,0,1,3
2,known_protocol,1,20261198,0.8857142857142857,2.5428571428571427,137,0,1,2
2,known_protocol,1,20261199,0.85,2.5142857142857142,137,0,1,2
2,known_protocol,1,20261200,0.8857142857142857,2.55,137,0,1,3
2,known_protocol,1,20261201,0.8857142857142857,2.5142857142857142,137,0,1,2
2,known_protocol,1,20261202,0.7642857142857142,2.5428571428571427,138,0,1,2
2,known_protocol,1,20261203,0.7928571428571428,2.4285714285714284,137,0,1,3
2,known_protocol,1,20261204,0.8142857142857143,2.4714285714285715,138,0,1,2
2,known_protocol,1,20261205,0.75,2.4785714285714286,138,0,1,2
2,known_protocol,1,20261206,0.8071428571428572,2.4714285714285715,137,0,1,3
2,known_protocol,1,20261207,0.8214285714285714,2.4714285714285715,138,0,1,2
2,known_protocol,1,20261208,0.8428571428571429,2.4714285714285715,137,0,1,3
2,known_protocol,1,20261209,0.8214285714285714,2.5642857142857145,137,0,1,3
3,fixed_protocol,0,20261210,0.6714285714285714,3.5357142857142856,136,0,1,3
3,fixed_protocol,0,20261211,0.7642857142857142,3.4357142857142855,136,0,1,4
3,fixed_protocol,0,20261212,0.6928571428571428,3.592857142857143,136,0,1,3
3,fixed_protocol,0,20261213,0.6928571428571428,3.4857142857142858,137,0,1,4
3,fixed_protocol,0,20261214,0.8,3.4785714285714286,137,0,1,3
3,fixed_protocol,0,20261215,0.8142857142857143,3.5214285714285714,137,0,1,4
3,fixed_protocol,0,20261216,0.7357142857142858,3.5357142857142856,137,0,1,4
3,fixed_protocol,0,20261217,0.9,3.5142857142857142,136,0,1,3
3,fixed_protocol,0,20261218,0.7714285714285715,3.492857142857143,137,0,1,4
3,fixed_protocol,0,20261219,0.6428571428571429,3.5428571428571427,137,0,1,3
3,fixed_protocol,0,20261220,0.6785714285714286,3.5,136,0,1,4
3,fixed_protocol,0,20261221,0.8071428571428572,3.4642857142857144,137,0,1,3
3,fixed_protocol,0,20261222,0.7857142857142857,3.4857142857142858,136,0,1,3
3,fixed_protocol,0,20261223,0.7928571428571428,3.4571428571428573,136,0,1,3
3,fixed_protocol,0,20261224,0.75,3.5357142857142856,136,0,1,4
3,fixed_protocol,0,20261225,0.7785714285714286,3.507142857142857,137,0,1,4
3,fixed_protocol,0,20261226,0.75,3.5357142857142856,136,0,1,4
3,fixed_protocol,0,20261227,0.7285714285714285,3.4857142857142858,137,0,1,3
3,fixed_protocol,0,20261228,0.7785714285714286,3.4714285714285715,136,0,1,4
3,fixed_protocol,0,20261229,0.7142857142857143,3.4571428571428573,137,0,1,3
3,fixed_protocol,1,20261230,0.2857142857142857,3.557142857142857,137,0,1,3
3,fixed_protocol,1,20261231,0.20714285714285716,3.5214285714285714,137,0,1,4
3,fixed_protocol,1,20261232,0.24285714285714285,3.5357142857142856,137,0,1,4
3,fixed_protocol,1,20261233,0.25,3.507142857142857,137,0,1,3
3,fixed_protocol,1,20261234,0.2357142857142857,3.4785714285714286,137,0,1,3
3,fixed_protocol,1,20261235,0.12857142857142856,3.5142857142857142,137,0,1,3
3,fixed_protocol,1,20261236,0.32142857142857145,3.5,137,0,1,3
3,fixed_protocol,1,20261237,0.2714285714285714,3.4714285714285715,137,0,1,4
3,fixed_protocol,1,20261238,0.15714285714285714,3.5142857142857142,137,0,1,4
3,fixed_protocol,1,20261239,0.3,3.5357142857142856,137,0,1,4
3,fixed_protocol,1,20261240,0.22857142857142856,3.5285714285714285,136,0,1,3
3,fixed_protocol,1,20261241,0.2857142857142857,3.4642857142857144,137,0,1,3
3,fixed_protocol,1,20261242,0.20714285714285716,3.4785714285714286,137,0,1,3
3,fixed_protocol,1,20261243,0.2571428571428571,3.5357142857142856,137,0,1,4
3,fixed_protocol,1,20261244,0.2857142857142857,3.5285714285714285,137,0,1,4
3,fixed_protocol,1,20261245,0.2642857142857143,3.4785714285714286,136,0,1,4
3,fixed_protocol,1,20261246,0.3,3.5785714285714287,137,0,1,4
3,fixed_protocol,1,20261247,0.18571428571428572,3.5,137,0,1,4
3,fixed_protocol,1,20261248,0.3357142857142857,3.5214285714285714,137,0,1,3
3,fixed_protocol,1,20261249,0.2,3.5142857142857142,136,0,1,4
3,delay_blind_adaptive,0,20261250,0.6285714285714286,3.907142857142857,137,9,1,4
3,delay_blind_adaptive,0,20261251,0.7357142857142858,3.907142857142857,135,18,1,5
3,delay_blind_adaptive,0,20261252,0.7285714285714285,3.7214285714285715,135,12,1,6
3,delay_blind_adaptive,0,20261253,0.65,3.8714285714285714,134,16,1,6
3,delay_blind_adaptive,0,20261254,0.7142857142857143,3.8285714285714287,135,12,1,5
3,delay_blind_adaptive,0,20261255,0.7142857142857143,3.8785714285714286,135,14,1,6
3,delay_blind_adaptive,0,20261256,0.7071428571428572,3.857142857142857,136,5,1,5
3,delay_blind_adaptive,0,20261257,0.8142857142857143,3.9857142857142858,135,8,1,5
3,delay_blind_adaptive,0,20261258,0.6214285714285714,3.8857142857142857,135,20,1,5
3,delay_blind_adaptive,0,20261259,0.7428571428571429,3.7857142857142856,135,19,1,4
3,delay_blind_adaptive,0,20261260,0.7214285714285714,3.7714285714285714,136,15,1,4
3,delay_blind_adaptive,0,20261261,0.7928571428571428,3.8714285714285714,135,14,1,5
3,delay_blind_adaptive,0,20261262,0.8142857142857143,3.8714285714285714,136,10,1,4
3,delay_blind_adaptive,0,20261263,0.7714285714285715,3.907142857142857,136,9,1,5
3,delay_blind_adaptive,0,20261264,0.7928571428571428,3.9357142857142855,135,12,1,4
3,delay_blind_adaptive,0,20261265,0.8,3.95,136,11,1,5
3,delay_blind_adaptive,0,20261266,0.7642857142857142,3.8,136,11,1,4
3,delay_blind_adaptive,0,20261267,0.7357142857142858,3.8285714285714287,136,12,1,5
3,delay_blind_adaptive,0,20261268,0.7142857142857143,3.8285714285714287,136,12,1,5
3,delay_blind_adaptive,0,20261269,0.7071428571428572,3.914285714285714,136,13,1,5
3,delay_blind_adaptive,1,20261270,0.7428571428571429,3.892857142857143,135,15,1,5
3,delay_blind_adaptive,1,20261271,0.6714285714285714,3.7928571428571427,136,14,1,4
3,delay_blind_adaptive,1,20261272,0.5928571428571429,3.85,135,23,1,5
3,delay_blind_adaptive,1,20261273,0.65,3.9285714285714284,136,27,1,4
3,delay_blind_adaptive,1,20261274,0.7071428571428572,3.857142857142857,135,22,1,5
3,delay_blind_adaptive,1,20261275,0.6357142857142857,3.9285714285714284,135,19,1,5
3,delay_blind_adaptive,1,20261276,0.6857142857142857,3.807142857142857,135,15,1,6
3,delay_blind_adaptive,1,20261277,0.6428571428571429,3.842857142857143,136,20,1,5
3,delay_blind_adaptive,1,20261278,0.7214285714285714,3.835714285714286,136,11,1,4
3,delay_blind_adaptive,1,20261279,0.7571428571428571,3.7928571428571427,136,14,1,4
3,delay_blind_adaptive,1,20261280,0.6,3.9,135,15,1,5
3,delay_blind_adaptive,1,20261281,0.7642857142857142,3.857142857142857,136,10,1,4
3,delay_blind_adaptive,1,20261282,0.8142857142857143,3.95,137,8,1,4
3,delay_blind_adaptive,1,20261283,0.7928571428571428,3.9571428571428573,137,8,1,4
3,delay_blind_adaptive,1,20261284,0.7428571428571429,3.842857142857143,137,9,1,4
3,delay_blind_adaptive,1,20261285,0.7285714285714285,3.835714285714286,135,14,1,5
3,delay_blind_adaptive,1,20261286,0.65,3.8714285714285714,135,16,1,5
3,delay_blind_adaptive,1,20261287,0.65,4.021428571428571,134,21,1,6
3,delay_blind_adaptive,1,20261288,0.6571428571428571,3.9714285714285715,136,24,1,4
3,delay_blind_adaptive,1,20261289,0.7428571428571429,3.7785714285714285,136,13,1,5
3,queue_aware_adaptive,0,20261290,0.8,3.442857142857143,136,0,1,4
3,queue_aware_adaptive,0,20261291,0.7714285714285715,3.5142857142857142,136,0,1,4
3,queue_aware_adaptive,0,20261292,0.7357142857142858,3.4785714285714286,137,0,1,4
3,queue_aware_adaptive,0,20261293,0.7571428571428571,3.5285714285714285,136,0,1,3
3,queue_aware_adaptive,0,20261294,0.7857142857142857,3.4785714285714286,137,0,1,4
3,queue_aware_adaptive,0,20261295,0.6642857142857143,3.55,137,0,1,4
3,queue_aware_adaptive,0,20261296,0.7571428571428571,3.5357142857142856,136,0,1,4
3,queue_aware_adaptive,0,20261297,0.6428571428571429,3.5285714285714285,137,0,1,4
3,queue_aware_adaptive,0,20261298,0.8214285714285714,3.492857142857143,137,0,1,3
3,queue_aware_adaptive,0,20261299,0.8071428571428572,3.4642857142857144,137,0,1,3
3,queue_aware_adaptive,0,20261300,0.75,3.4714285714285715,137,0,1,4
3,queue_aware_adaptive,0,20261301,0.8214285714285714,3.4857142857142858,137,0,1,3
3,queue_aware_adaptive,0,20261302,0.6785714285714286,3.5214285714285714,136,0,1,4
3,queue_aware_adaptive,0,20261303,0.7785714285714286,3.5142857142857142,136,0,1,4
3,queue_aware_adaptive,0,20261304,0.7857142857142857,3.5357142857142856,137,0,1,4
3,queue_aware_adaptive,0,20261305,0.7571428571428571,3.5357142857142856,137,0,1,3
3,queue_aware_adaptive,0,20261306,0.8357142857142857,3.4642857142857144,136,0,1,4
3,queue_aware_adaptive,0,20261307,0.7642857142857142,3.442857142857143,136,0,1,3
3,queue_aware_adaptive,0,20261308,0.8714285714285714,3.5,136,0,1,4
3,queue_aware_adaptive,0,20261309,0.8785714285714286,3.4714285714285715,136,0,1,4
3,queue_aware_adaptive,1,20261310,0.8285714285714286,3.507142857142857,136,0,1,4
3,queue_aware_adaptive,1,20261311,0.7857142857142857,3.5428571428571427,136,0,1,4
3,queue_aware_adaptive,1,20261312,0.7785714285714286,3.5785714285714287,137,0,1,3
3,queue_aware_adaptive,1,20261313,0.6357142857142857,3.55,136,0,1,3
3,queue_aware_adaptive,1,20261314,0.6714285714285714,3.4785714285714286,136,0,1,4
3,queue_aware_adaptive,1,20261315,0.7,3.5357142857142856,136,0,1,3
3,queue_aware_adaptive,1,20261316,0.8714285714285714,3.492857142857143,136,0,1,3
3,queue_aware_adaptive,1,20261317,0.8071428571428572,3.45,136,0,1,4
3,queue_aware_adaptive,1,20261318,0.7928571428571428,3.492857142857143,136,0,1,4
3,queue_aware_adaptive,1,20261319,0.8214285714285714,3.5142857142857142,136,0,1,3
3,queue_aware_adaptive,1,20261320,0.7,3.557142857142857,137,0,1,4
3,queue_aware_adaptive,1,20261321,0.75,3.492857142857143,136,0,1,4
3,queue_aware_adaptive,1,20261322,0.7214285714285714,3.4285714285714284,136,0,1,4
3,queue_aware_adaptive,1,20261323,0.7,3.5642857142857145,137,0,1,3
3,queue_aware_adaptive,1,20261324,0.6785714285714286,3.5142857142857142,137,0,1,4
3,queue_aware_adaptive,1,20261325,0.7642857142857142,3.4857142857142858,137,0,1,4
3,queue_aware_adaptive,1,20261326,0.8,3.557142857142857,137,0,1,3
3,queue_aware_adaptive,1,20261327,0.7571428571428571,3.5785714285714287,137,0,1,4
3,queue_aware_adaptive,1,20261328,0.7428571428571429,3.492857142857143,136,0,1,4
3,queue_aware_adaptive,1,20261329,0.7357142857142858,3.5285714285714285,136,0,1,3
3,known_protocol,0,20261330,0.65,3.5142857142857142,136,0,1,3
3,known_protocol,0,20261331,0.8071428571428572,3.5214285714285714,136,0,1,4
3,known_protocol,0,20261332,0.7785714285714286,3.4642857142857144,137,0,1,4
3,known_protocol,0,20261333,0.7642857142857142,3.5642857142857145,137,0,1,3
3,known_protocol,0,20261334,0.75,3.592857142857143,136,0,1,4
3,known_protocol,0,20261335,0.7214285714285714,3.585714285714286,137,0,1,3
3,known_protocol,0,20261336,0.75,3.4785714285714286,136,0,1,3
3,known_protocol,0,20261337,0.7071428571428572,3.5142857142857142,137,0,1,3
3,known_protocol,0,20261338,0.7928571428571428,3.4642857142857144,137,0,1,3
3,known_protocol,0,20261339,0.75,3.55,137,0,1,3
3,known_protocol,0,20261340,0.6928571428571428,3.492857142857143,137,0,1,4
3,known_protocol,0,20261341,0.8214285714285714,3.585714285714286,136,0,1,4
3,known_protocol,0,20261342,0.8142857142857143,3.5357142857142856,136,0,1,3
3,known_protocol,0,20261343,0.8285714285714286,3.4285714285714284,137,0,1,4
3,known_protocol,0,20261344,0.6785714285714286,3.5428571428571427,136,0,1,3
3,known_protocol,0,20261345,0.8142857142857143,3.4571428571428573,137,0,1,3
3,known_protocol,0,20261346,0.7142857142857143,3.6142857142857143,136,0,1,3
3,known_protocol,0,20261347,0.9071428571428571,3.4357142857142855,137,0,1,3
3,known_protocol,0,20261348,0.7642857142857142,3.557142857142857,136,0,1,3
3,known_protocol,0,20261349,0.6642857142857143,3.492857142857143,137,0,1,4
3,known_protocol,1,20261350,0.6571428571428571,3.5,136,0,1,3
3,known_protocol,1,20261351,0.7071428571428572,3.442857142857143,136,0,1,4
3,known_protocol,1,20261352,0.75,3.5357142857142856,137,0,1,3
3,known_protocol,1,20261353,0.8071428571428572,3.642857142857143,136,0,1,4
3,known_protocol,1,20261354,0.8071428571428572,3.4642857142857144,136,0,1,3
3,known_protocol,1,20261355,0.7428571428571429,3.585714285714286,137,0,1,3
3,known_protocol,1,20261356,0.6785714285714286,3.5142857142857142,137,0,1,4
3,known_protocol,1,20261357,0.7071428571428572,3.55,136,0,1,4
3,known_protocol,1,20261358,0.8285714285714286,3.5285714285714285,136,0,1,4
3,known_protocol,1,20261359,0.7928571428571428,3.4857142857142858,137,0,1,4
3,known_protocol,1,20261360,0.7857142857142857,3.6,136,0,1,3
3,known_protocol,1,20261361,0.8214285714285714,3.5357142857142856,136,0,1,3
3,known_protocol,1,20261362,0.7642857142857142,3.4857142857142858,136,0,1,3
3,known_protocol,1,20261363,0.8571428571428571,3.507142857142857,137,0,1,3
3,known_protocol,1,20261364,0.8142857142857143,3.5357142857142856,137,0,1,4
3,known_protocol,1,20261365,0.7857142857142857,3.4785714285714286,136,0,1,4
3,known_protocol,1,20261366,0.8571428571428571,3.4785714285714286,137,0,1,3
3,known_protocol,1,20261367,0.7,3.5428571428571427,137,0,1,3
3,known_protocol,1,20261368,0.7785714285714286,3.4857142857142858,136,0,1,4
3,known_protocol,1,20261369,0.7428571428571429,3.4857142857142858,137,0,1,4
5,fixed_protocol,0,20261370,0.4928571428571429,5.55,135,0,1,5
5,fixed_protocol,0,20261371,0.6785714285714286,5.5285714285714285,135,0,1,6
5,fixed_protocol,0,20261372,0.6785714285714286,5.571428571428571,135,0,1,6
5,fixed_protocol,0,20261373,0.5285714285714286,5.514285714285714,134,0,1,6
5,fixed_protocol,0,20261374,0.6428571428571429,5.535714285714286,135,0,1,5
5,fixed_protocol,0,20261375,0.7642857142857142,5.535714285714286,135,0,1,6
5,fixed_protocol,0,20261376,0.6714285714285714,5.55,134,0,1,5
5,fixed_protocol,0,20261377,0.85,5.535714285714286,135,0,1,6
5,fixed_protocol,0,20261378,0.8285714285714286,5.571428571428571,135,0,1,6
5,fixed_protocol,0,20261379,0.6857142857142857,5.6,134,0,1,5
5,fixed_protocol,0,20261380,0.7071428571428572,5.5285714285714285,135,0,1,6
5,fixed_protocol,0,20261381,0.7428571428571429,5.5285714285714285,134,0,1,6
5,fixed_protocol,0,20261382,0.6785714285714286,5.485714285714286,134,0,1,5
5,fixed_protocol,0,20261383,0.6571428571428571,5.6,135,0,1,5
5,fixed_protocol,0,20261384,0.6928571428571428,5.5,134,0,1,6
5,fixed_protocol,0,20261385,0.6857142857142857,5.507142857142857,135,0,1,6
5,fixed_protocol,0,20261386,0.6857142857142857,5.457142857142857,134,0,1,5
5,fixed_protocol,0,20261387,0.6071428571428571,5.478571428571429,134,0,1,6
5,fixed_protocol,0,20261388,0.7785714285714286,5.571428571428571,134,0,1,6
5,fixed_protocol,0,20261389,0.6357142857142857,5.478571428571429,135,0,1,5
5,fixed_protocol,1,20261390,0.32857142857142857,5.514285714285714,135,0,1,6
5,fixed_protocol,1,20261391,0.2714285714285714,5.478571428571429,135,0,1,6
5,fixed_protocol,1,20261392,0.30714285714285716,5.45,134,0,1,5
5,fixed_protocol,1,20261393,0.36428571428571427,5.507142857142857,134,0,1,6
5,fixed_protocol,1,20261394,0.32857142857142857,5.571428571428571,135,0,1,6
5,fixed_protocol,1,20261395,0.34285714285714286,5.5928571428571425,135,0,1,5
5,fixed_protocol,1,20261396,0.3142857142857143,5.578571428571428,134,0,1,5
5,fixed_protocol,1,20261397,0.37142857142857144,5.542857142857143,135,0,1,5
5,fixed_protocol,1,20261398,0.2571428571428571,5.557142857142857,135,0,1,6
5,fixed_protocol,1,20261399,0.3357142857142857,5.55,135,0,1,6
5,fixed_protocol,1,20261400,0.2714285714285714,5.5,134,0,1,5
5,fixed_protocol,1,20261401,0.25,5.521428571428571,134,0,1,6
5,fixed_protocol,1,20261402,0.25,5.621428571428571,134,0,1,5
5,fixed_protocol,1,20261403,0.2,5.457142857142857,135,0,1,6
5,fixed_protocol,1,20261404,0.36428571428571427,5.55,135,0,1,5
5,fixed_protocol,1,20261405,0.30714285714285716,5.485714285714286,134,0,1,6
5,fixed_protocol,1,20261406,0.44285714285714284,5.464285714285714,134,0,1,6
5,fixed_protocol,1,20261407,0.32857142857142857,5.4714285714285715,134,0,1,5
5,fixed_protocol,1,20261408,0.42142857142857143,5.564285714285714,135,0,1,5
5,fixed_protocol,1,20261409,0.38571428571428573,5.571428571428571,135,0,1,6
5,delay_blind_adaptive,0,20261410,0.7642857142857142,5.9,133,9,1,7
5,delay_blind_adaptive,0,20261411,0.7,5.928571428571429,133,16,1,6
5,delay_blind_adaptive,0,20261412,0.8,5.928571428571429,135,11,1,6
5,delay_blind_adaptive,0,20261413,0.6642857142857143,6.0928571428571425,134,26,1,6
5,delay_blind_adaptive,0,20261414,0.6857142857142857,5.771428571428571,134,13,1,6
5,delay_blind_adaptive,0,20261415,0.7571428571428571,5.835714285714285,135,13,1,6
5,delay_blind_adaptive,0,20261416,0.6,5.814285714285714,134,15,1,7
5,delay_blind_adaptive,0,20261417,0.6357142857142857,5.871428571428571,132,12,1,7
5,delay_blind_adaptive,0,20261418,0.5285714285714286,5.835714285714285,133,12,1,8
5,delay_blind_adaptive,0,20261419,0.6714285714285714,5.864285714285714,134,13,1,7
5,delay_blind_adaptive,0,20261420,0.5714285714285714,5.957142857142857,132,14,1,7
5,delay_blind_adaptive,0,20261421,0.6642857142857143,6.035714285714286,132,23,1,8
5,delay_blind_adaptive,0,20261422,0.7357142857142858,5.871428571428571,135,10,1,6
5,delay_blind_adaptive,0,20261423,0.6642857142857143,5.7785714285714285,133,10,1,7
5,delay_blind_adaptive,0,20261424,0.6,6.0,134,14,1,6
5,delay_blind_adaptive,0,20261425,0.7214285714285714,5.857142857142857,134,8,1,6
5,delay_blind_adaptive,0,20261426,0.6285714285714286,5.807142857142857,132,18,1,8
5,delay_blind_adaptive,0,20261427,0.7071428571428572,5.864285714285714,134,11,1,7
5,delay_blind_adaptive,0,20261428,0.7428571428571429,5.935714285714286,134,9,1,7
5,delay_blind_adaptive,0,20261429,0.6785714285714286,5.928571428571429,133,9,1,7
5,delay_blind_adaptive,1,20261430,0.6571428571428571,5.7214285714285715,134,15,1,7
5,delay_blind_adaptive,1,20261431,0.7357142857142858,5.964285714285714,133,10,1,8
5,delay_blind_adaptive,1,20261432,0.6714285714285714,5.828571428571428,133,9,1,7
5,delay_blind_adaptive,1,20261433,0.65,5.792857142857143,134,10,1,7
5,delay_blind_adaptive,1,20261434,0.5857142857142857,5.885714285714286,133,15,1,6
5,delay_blind_adaptive,1,20261435,0.7642857142857142,5.9,132,16,1,7
5,delay_blind_adaptive,1,20261436,0.6357142857142857,5.9,133,14,1,7
5,delay_blind_adaptive,1,20261437,0.6642857142857143,5.7214285714285715,133,13,1,8
5,delay_blind_adaptive,1,20261438,0.6142857142857143,5.9,133,15,1,7
5,delay_blind_adaptive,1,20261439,0.6928571428571428,5.957142857142857,133,11,1,7
5,delay_blind_adaptive,1,20261440,0.6714285714285714,5.828571428571428,134,10,1,6
5,delay_blind_adaptive,1,20261441,0.55,5.885714285714286,134,13,1,7
5,delay_blind_adaptive,1,20261442,0.5642857142857143,5.807142857142857,134,16,1,7
5,delay_blind_adaptive,1,20261443,0.6857142857142857,6.021428571428571,134,13,1,6
5,delay_blind_adaptive,1,20261444,0.7142857142857143,5.821428571428571,134,14,1,6
5,delay_blind_adaptive,1,20261445,0.6,5.857142857142857,133,17,1,7
5,delay_blind_adaptive,1,20261446,0.7285714285714285,5.9071428571428575,134,14,1,7
5,delay_blind_adaptive,1,20261447,0.5714285714285714,5.871428571428571,133,16,1,8
5,delay_blind_adaptive,1,20261448,0.6,5.714285714285714,134,11,1,7
5,delay_blind_adaptive,1,20261449,0.6714285714285714,5.771428571428571,135,12,1,6
5,queue_aware_adaptive,0,20261450,0.6571428571428571,5.557142857142857,134,0,1,5
5,queue_aware_adaptive,0,20261451,0.6857142857142857,5.435714285714286,134,0,1,5
5,queue_aware_adaptive,0,20261452,0.6214285714285714,5.492857142857143,135,0,1,6
5,queue_aware_adaptive,0,20261453,0.7928571428571428,5.5,135,0,1,5
5,queue_aware_adaptive,0,20261454,0.65,5.571428571428571,135,0,1,6
5,queue_aware_adaptive,0,20261455,0.8071428571428572,5.514285714285714,134,0,1,6
5,queue_aware_adaptive,0,20261456,0.65,5.507142857142857,135,0,1,5
5,queue_aware_adaptive,0,20261457,0.7214285714285714,5.564285714285714,134,0,1,6
5,queue_aware_adaptive,0,20261458,0.7571428571428571,5.542857142857143,135,0,1,5
5,queue_aware_adaptive,0,20261459,0.8857142857142857,5.45,135,0,1,6
5,queue_aware_adaptive,0,20261460,0.6571428571428571,5.514285714285714,135,0,1,5
5,queue_aware_adaptive,0,20261461,0.6642857142857143,5.55,135,0,1,5
5,queue_aware_adaptive,0,20261462,0.6642857142857143,5.485714285714286,135,0,1,5
5,queue_aware_adaptive,0,20261463,0.7214285714285714,5.5285714285714285,134,0,1,6
5,queue_aware_adaptive,0,20261464,0.6357142857142857,5.464285714285714,134,0,1,6
5,queue_aware_adaptive,0,20261465,0.7142857142857143,5.514285714285714,134,0,1,6
5,queue_aware_adaptive,0,20261466,0.6071428571428571,5.542857142857143,134,0,1,6
5,queue_aware_adaptive,0,20261467,0.6571428571428571,5.542857142857143,134,0,1,6
5,queue_aware_adaptive,0,20261468,0.7714285714285715,5.521428571428571,135,0,1,6
5,queue_aware_adaptive,0,20261469,0.6857142857142857,5.564285714285714,135,0,1,5
5,queue_aware_adaptive,1,20261470,0.7071428571428572,5.507142857142857,134,0,1,6
5,queue_aware_adaptive,1,20261471,0.6571428571428571,5.492857142857143,134,0,1,6
5,queue_aware_adaptive,1,20261472,0.6071428571428571,5.521428571428571,134,0,1,6
5,queue_aware_adaptive,1,20261473,0.8214285714285714,5.485714285714286,135,0,1,6
5,queue_aware_adaptive,1,20261474,0.65,5.485714285714286,134,0,1,6
5,queue_aware_adaptive,1,20261475,0.7214285714285714,5.485714285714286,134,0,1,5
5,queue_aware_adaptive,1,20261476,0.6071428571428571,5.4071428571428575,135,0,1,6
5,queue_aware_adaptive,1,20261477,0.6285714285714286,5.514285714285714,135,0,1,6
5,queue_aware_adaptive,1,20261478,0.7214285714285714,5.4714285714285715,134,0,1,6
5,queue_aware_adaptive,1,20261479,0.7142857142857143,5.478571428571429,134,0,1,5
5,queue_aware_adaptive,1,20261480,0.65,5.535714285714286,134,0,1,6
5,queue_aware_adaptive,1,20261481,0.7071428571428572,5.485714285714286,135,0,1,5
5,queue_aware_adaptive,1,20261482,0.8214285714285714,5.578571428571428,135,0,1,6
5,queue_aware_adaptive,1,20261483,0.7,5.507142857142857,135,0,1,5
5,queue_aware_adaptive,1,20261484,0.6285714285714286,5.535714285714286,134,0,1,5
5,queue_aware_adaptive,1,20261485,0.6857142857142857,5.542857142857143,135,0,1,6
5,queue_aware_adaptive,1,20261486,0.6142857142857143,5.521428571428571,135,0,1,5
5,queue_aware_adaptive,1,20261487,0.6285714285714286,5.514285714285714,134,0,1,5
5,queue_aware_adaptive,1,20261488,0.7642857142857142,5.492857142857143,135,0,1,5
5,queue_aware_adaptive,1,20261489,0.6357142857142857,5.557142857142857,134,0,1,6
5,known_protocol,0,20261490,0.5785714285714286,5.507142857142857,134,0,1,6
5,known_protocol,0,20261491,0.7285714285714285,5.542857142857143,134,0,1,6
5,known_protocol,0,20261492,0.5857142857142857,5.514285714285714,134,0,1,6
5,known_protocol,0,20261493,0.6642857142857143,5.507142857142857,134,0,1,6
5,known_protocol,0,20261494,0.7071428571428572,5.4714285714285715,135,0,1,5
5,known_protocol,0,20261495,0.8,5.571428571428571,135,0,1,6
5,known_protocol,0,20261496,0.7428571428571429,5.621428571428571,134,0,1,6
5,known_protocol,0,20261497,0.5785714285714286,5.464285714285714,134,0,1,5
5,known_protocol,0,20261498,0.6571428571428571,5.607142857142857,134,0,1,5
5,known_protocol,0,20261499,0.8,5.464285714285714,135,0,1,5
5,known_protocol,0,20261500,0.6714285714285714,5.478571428571429,135,0,1,6
5,known_protocol,0,20261501,0.55,5.571428571428571,135,0,1,5
5,known_protocol,0,20261502,0.7,5.5285714285714285,135,0,1,5
5,known_protocol,0,20261503,0.6928571428571428,5.585714285714285,135,0,1,5
5,known_protocol,0,20261504,0.7,5.55,135,0,1,6
5,known_protocol,0,20261505,0.6714285714285714,5.507142857142857,135,0,1,6
5,known_protocol,0,20261506,0.5857142857142857,5.492857142857143,134,0,1,5
5,known_protocol,0,20261507,0.7142857142857143,5.507142857142857,135,0,1,6
5,known_protocol,0,20261508,0.8642857142857143,5.492857142857143,135,0,1,5
5,known_protocol,0,20261509,0.6714285714285714,5.5285714285714285,135,0,1,5
5,known_protocol,1,20261510,0.6857142857142857,5.5,135,0,1,6
5,known_protocol,1,20261511,0.6214285714285714,5.5,134,0,1,5
5,known_protocol,1,20261512,0.5071428571428571,5.535714285714286,135,0,1,5
5,known_protocol,1,20261513,0.6571428571428571,5.507142857142857,134,0,1,5
5,known_protocol,1,20261514,0.6571428571428571,5.464285714285714,135,0,1,5
5,known_protocol,1,20261515,0.7285714285714285,5.557142857142857,134,0,1,5
5,known_protocol,1,20261516,0.7714285714285715,5.45,135,0,1,5
5,known_protocol,1,20261517,0.6214285714285714,5.571428571428571,134,0,1,5
5,known_protocol,1,20261518,0.7857142857142857,5.5285714285714285,135,0,1,5
5,known_protocol,1,20261519,0.6428571428571429,5.514285714285714,134,0,1,6
5,known_protocol,1,20261520,0.6428571428571429,5.5285714285714285,134,0,1,5
5,known_protocol,1,20261521,0.6857142857142857,5.5928571428571425,134,0,1,5
5,known_protocol,1,20261522,0.6642857142857143,5.514285714285714,135,0,1,5
5,known_protocol,1,20261523,0.7714285714285715,5.5285714285714285,135,0,1,5
5,known_protocol,1,20261524,0.7714285714285715,5.564285714285714,135,0,1,5
5,known_protocol,1,20261525,0.5714285714285714,5.45,135,0,1,5
5,known_protocol,1,20261526,0.7142857142857143,5.55,135,0,1,6
5,known_protocol,1,20261527,0.6071428571428571,5.578571428571428,134,0,1,5
5,known_protocol,1,20261528,0.7357142857142858,5.507142857142857,135,0,1,6
5,known_protocol,1,20261529,0.6785714285714286,5.5,134,0,1,5
