delay,policy,seed,agents,rounds,mean_min_modulus,min_modulus,mean_sector_margin,min_sector_margin,mean_pair_separation,min_pair_separation,branch_crossing_samples
0,blind_delay,2026073700,24,120,0.9339530298383613,0.9125839090835608,-0.2061605503838209,-0.3782881068472085,0.0016832144191627008,1.7159924189223962e-05,3652
0,queue_aware,2026073700,24,120,0.9339530298383613,0.9125839090835608,-0.2061605503838209,-0.3782881068472085,0.0016832144191627008,1.7159924189223962e-05,3652
0,blind_delay,2026073701,24,120,0.9579817257323886,0.8972461582607443,-0.19156660799271855,-0.38004685393592297,0.0023099922308977244,0.00011044720203763605,3636
0,queue_aware,2026073701,24,120,0.9579817257323886,0.8972461582607443,-0.19156660799271855,-0.38004685393592297,0.0023099922308977244,0.00011044720203763605,3636
0,blind_delay,2026073702,24,120,0.9623526090663245,0.9347676689267066,-0.16499337071351897,-0.32672688640277314,0.001470923990436821,4.5245119070471845e-06,3631
0,queue_aware,2026073702,24,120,0.9623526090663245,0.9347676689267066,-0.16499337071351897,-0.32672688640277314,0.001470923990436821,4.5245119070471845e-06,3631
0,blind_delay,2026073703,24,120,0.9401399060499107,0.9167234058102451,-0.18465230027696983,-0.3769763442923072,0.0020048491174963607,7.220057710739613e-05,3629
0,queue_aware,2026073703,24,120,0.9401399060499107,0.9167234058102451,-0.18465230027696983,-0.3769763442923072,0.0020048491174963607,7.220057710739613e-05,3629
0,blind_delay,2026073704,24,120,0.955025368605819,0.9507450267865979,-0.1803362205585505,-0.3749115832702359,0.0008416153830080553,3.258655511542586e-05,3594
0,queue_aware,2026073704,24,120,0.955025368605819,0.9507450267865979,-0.1803362205585505,-0.3749115832702359,0.0008416153830080553,3.258655511542586e-05,3594
0,blind_delay,2026073705,24,120,0.9578132498223669,0.9509327173269099,-0.16920886042586905,-0.35363746602234813,0.0009834946865183844,5.7678876040236086e-05,3589
0,queue_aware,2026073705,24,120,0.9578132498223669,0.9509327173269099,-0.16920886042586905,-0.35363746602234813,0.0009834946865183844,5.7678876040236086e-05,3589
0,blind_delay,2026073706,24,120,0.9219205795457549,0.8653070634227111,-0.19925068051184242,-0.3882475731071912,0.0020197634200873993,5.444904611143209e-05,3637
0,queue_aware,2026073706,24,120,0.9219205795457549,0.8653070634227111,-0.19925068051184242,-0.3882475731071912,0.0020197634200873993,5.444904611143209e-05,3637
0,blind_delay,2026073707,24,120,0.9177300166872553,0.9014464246648526,-0.15175993645122385,-0.31735894537587905,0.0005473077132844401,4.042434410025395e-06,3578
0,queue_aware,2026073707,24,120,0.9177300166872553,0.9014464246648526,-0.15175993645122385,-0.31735894537587905,0.0005473077132844401,4.042434410025395e-06,3578
0,blind_delay,2026073708,24,120,0.9247693150307221,0.8498853301329059,-0.18484842574066937,-0.37842040892661144,0.0020481725729757866,7.896158032558055e-05,3603
0,queue_aware,2026073708,24,120,0.9247693150307221,0.8498853301329059,-0.18484842574066937,-0.37842040892661144,0.0020481725729757866,7.896158032558055e-05,3603
0,blind_delay,2026073709,24,120,0.9722687696450449,0.9595478706006337,-0.20247893457518223,-0.39875768516367904,0.0013422150058326763,5.2552473906599714e-05,3654
0,queue_aware,2026073709,24,120,0.9722687696450449,0.9595478706006337,-0.20247893457518223,-0.39875768516367904,0.0013422150058326763,5.2552473906599714e-05,3654
0,blind_delay,2026073710,24,120,0.9381539357770533,0.9318353242498904,-0.19867596422740472,-0.39416430434596594,0.0009502010467442802,3.625056724750815e-05,3672
0,queue_aware,2026073710,24,120,0.9381539357770533,0.9318353242498904,-0.19867596422740472,-0.39416430434596594,0.0009502010467442802,3.625056724750815e-05,3672
0,blind_delay,2026073711,24,120,0.9559381745195046,0.9316523718771962,-0.17421395902471287,-0.36234171889460426,0.001767235209610875,6.098292277236828e-05,3545
0,queue_aware,2026073711,24,120,0.9559381745195046,0.9316523718771962,-0.17421395902471287,-0.36234171889460426,0.001767235209610875,6.098292277236828e-05,3545
0,blind_delay,2026073712,24,120,0.9524826859718177,0.8932484459399397,-0.18703470311624126,-0.3759321999306189,0.0006702189753956444,4.008839029948279e-05,3631
0,queue_aware,2026073712,24,120,0.9524826859718177,0.8932484459399397,-0.18703470311624126,-0.3759321999306189,0.0006702189753956444,4.008839029948279e-05,3631
0,blind_delay,2026073713,24,120,0.9586948492111103,0.907491817931939,-0.1790507893224935,-0.34217441392363324,0.0011157729560321281,2.2294828615427128e-05,3653
0,queue_aware,2026073713,24,120,0.9586948492111103,0.907491817931939,-0.1790507893224935,-0.34217441392363324,0.0011157729560321281,2.2294828615427128e-05,3653
0,blind_delay,2026073714,24,120,0.9292782161747585,0.9048939968230459,-0.17202471842663675,-0.35281969988921263,0.0019141618880034598,8.098278564138285e-05,3613
0,queue_aware,2026073714,24,120,0.9292782161747585,0.9048939968230459,-0.17202471842663675,-0.35281969988921263,0.0019141618880034598,8.098278564138285e-05,3613
0,blind_delay,2026073715,24,120,0.9565419266139857,0.9254412436826402,-0.192479451005532,-0.38252615612324764,0.0020215098166435916,3.3220193706074005e-05,3656
0,queue_aware,2026073715,24,120,0.9565419266139857,0.9254412436826402,-0.192479451005532,-0.38252615612324764,0.0020215098166435916,3.3220193706074005e-05,3656
0,blind_delay,2026073716,24,120,0.9639272535087222,0.953431009211696,-0.16542882660999342,-0.34417751782134764,0.0010760286826502058,3.0818061703023925e-05,3583
0,queue_aware,2026073716,24,120,0.9639272535087222,0.953431009211696,-0.16542882660999342,-0.34417751782134764,0.0010760286826502058,3.0818061703023925e-05,3583
0,blind_delay,2026073717,24,120,0.9447046700766454,0.9252014740451459,-0.173123328361687,-0.33320321554238086,0.0014206998002139735,1.2726638309695796e-05,3696
0,queue_aware,2026073717,24,120,0.9447046700766454,0.9252014740451459,-0.173123328361687,-0.33320321554238086,0.0014206998002139735,1.2726638309695796e-05,3696
0,blind_delay,2026073718,24,120,0.9449893834945703,0.9367019061979829,-0.19265633673809723,-0.3944206290187924,0.0014552801632742069,2.142337246601511e-05,3599
0,queue_aware,2026073718,24,120,0.9449893834945703,0.9367019061979829,-0.19265633673809723,-0.3944206290187924,0.0014552801632742069,2.142337246601511e-05,3599
0,blind_delay,2026073719,24,120,0.9327628313204737,0.9179257447600733,-0.1784047517183915,-0.3715470540083489,0.0010222566670277454,1.5009099352281876e-05,3564
0,queue_aware,2026073719,24,120,0.9327628313204737,0.9179257447600733,-0.1784047517183915,-0.3715470540083489,0.0010222566670277454,1.5009099352281876e-05,3564
0,blind_delay,2026073720,24,120,0.9400192270144335,0.9202752233045687,-0.14230473857064443,-0.29258385551301064,0.0017356374758821249,1.5217628854175422e-05,3574
0,queue_aware,2026073720,24,120,0.9400192270144335,0.9202752233045687,-0.14230473857064443,-0.29258385551301064,0.0017356374758821249,1.5217628854175422e-05,3574
0,blind_delay,2026073721,24,120,0.937910210112777,0.9311217623641814,-0.18125066909085472,-0.3773621321749549,0.0011575019004517893,4.68403235182942e-05,3588
0,queue_aware,2026073721,24,120,0.937910210112777,0.9311217623641814,-0.18125066909085472,-0.3773621321749549,0.0011575019004517893,4.68403235182942e-05,3588
0,blind_delay,2026073722,24,120,0.9368203443553077,0.8906478676571141,-0.2109658209320675,-0.4034631223373644,0.0032025370915710126,1.8531643095817358e-05,3665
0,queue_aware,2026073722,24,120,0.9368203443553077,0.8906478676571141,-0.2109658209320675,-0.4034631223373644,0.0032025370915710126,1.8531643095817358e-05,3665
0,blind_delay,2026073723,24,120,0.9337696068031375,0.9201639755618402,-0.15466349488306003,-0.3268262383704044,0.0018324674269009106,3.637640792351264e-05,3585
0,queue_aware,2026073723,24,120,0.9337696068031375,0.9201639755618402,-0.15466349488306003,-0.3268262383704044,0.0018324674269009106,3.637640792351264e-05,3585
0,blind_delay,2026073724,24,120,0.947896835478046,0.9022053202896247,-0.18257733483743405,-0.37175249357679485,0.0012494670613162303,6.278084576432985e-05,3611
0,queue_aware,2026073724,24,120,0.947896835478046,0.9022053202896247,-0.18257733483743405,-0.37175249357679485,0.0012494670613162303,6.278084576432985e-05,3611
0,blind_delay,2026073725,24,120,0.923139442199312,0.9158944592673144,-0.21200093427713781,-0.3830522668922244,0.001315863587812413,2.9064689899635356e-05,3691
0,queue_aware,2026073725,24,120,0.923139442199312,0.9158944592673144,-0.21200093427713781,-0.3830522668922244,0.001315863587812413,2.9064689899635356e-05,3691
0,blind_delay,2026073726,24,120,0.9298798374968791,0.9100476316837937,-0.18429802846155083,-0.3726732886307699,0.0018244018832787709,4.7570024452619874e-05,3631
0,queue_aware,2026073726,24,120,0.9298798374968791,0.9100476316837937,-0.18429802846155083,-0.3726732886307699,0.0018244018832787709,4.7570024452619874e-05,3631
0,blind_delay,2026073727,24,120,0.9357980541527852,0.9179867743905361,-0.1607432396923299,-0.3426148656210175,0.001022263291116871,4.6665974327372744e-05,3559
0,queue_aware,2026073727,24,120,0.9357980541527852,0.9179867743905361,-0.1607432396923299,-0.3426148656210175,0.001022263291116871,4.6665974327372744e-05,3559
0,blind_delay,2026073728,24,120,0.9721859966196983,0.9168504177909426,-0.1612851257462585,-0.3221320386219625,0.0014055953543415595,4.542060270450066e-05,3594
0,queue_aware,2026073728,24,120,0.9721859966196983,0.9168504177909426,-0.1612851257462585,-0.3221320386219625,0.0014055953543415595,4.542060270450066e-05,3594
0,blind_delay,2026073729,24,120,0.9636562148949224,0.9568166869103679,-0.1713238039527754,-0.3471413774051293,0.0014334007258732467,3.8763348564740976e-05,3624
0,queue_aware,2026073729,24,120,0.9636562148949224,0.9568166869103679,-0.1713238039527754,-0.3471413774051293,0.0014334007258732467,3.8763348564740976e-05,3624
1,blind_delay,2026083700,24,120,0.9474091478551024,0.9253576173436917,-0.22461452598647025,-0.4276719580533621,0.0022553905977063166,8.485766753049023e-05,3643
1,queue_aware,2026083700,24,120,0.9474091478551024,0.9253576173436917,-0.22461452598647025,-0.4276719580533621,0.0022553905977063166,8.485766753049023e-05,3643
1,blind_delay,2026083701,24,120,0.9183534269332497,0.891608464833259,-0.16834126262787558,-0.3514901105605426,0.0010522099441704577,7.874187598659512e-06,3600
1,queue_aware,2026083701,24,120,0.9183534269332497,0.891608464833259,-0.16834126262787558,-0.3514901105605426,0.0010522099441704577,7.874187598659512e-06,3600
1,blind_delay,2026083702,24,120,0.9770155467421695,0.9059470249667222,-0.23176114151840913,-0.4265731899869652,0.0011690262659406557,2.565251761732126e-05,3654
1,queue_aware,2026083702,24,120,0.9770155467421695,0.9059470249667222,-0.23176114151840913,-0.4265731899869652,0.0011690262659406557,2.565251761732126e-05,3654
1,blind_delay,2026083703,24,120,0.9665008725056176,0.9581707936391645,-0.1818796426359622,-0.3573523878298586,0.000640261830965712,1.263188685836244e-05,3660
1,queue_aware,2026083703,24,120,0.9665008725056176,0.9581707936391645,-0.1818796426359622,-0.3573523878298586,0.000640261830965712,1.263188685836244e-05,3660
1,blind_delay,2026083704,24,120,0.9638118480752097,0.9430308245199089,-0.1705387373950493,-0.35028408916084847,0.0009568875874910091,1.0435236930355637e-05,3595
1,queue_aware,2026083704,24,120,0.9638118480752097,0.9430308245199089,-0.1705387373950493,-0.35028408916084847,0.0009568875874910091,1.0435236930355637e-05,3595
1,blind_delay,2026083705,24,120,0.94241813506955,0.9188773492035848,-0.16370581287398026,-0.33248571298469015,0.0011150512203434494,3.5923495849310255e-05,3629
1,queue_aware,2026083705,24,120,0.94241813506955,0.9188773492035848,-0.16370581287398026,-0.33248571298469015,0.0011150512203434494,3.5923495849310255e-05,3629
1,blind_delay,2026083706,24,120,0.9907415223326095,0.9815449652305975,-0.18681638780271023,-0.37416068803302394,0.0015753897623335066,4.447471424176681e-05,3634
1,queue_aware,2026083706,24,120,0.9907415223326095,0.9815449652305975,-0.18681638780271023,-0.37416068803302394,0.0015753897623335066,4.447471424176681e-05,3634
1,blind_delay,2026083707,24,120,0.9666798018389289,0.9583983522774983,-0.19421284987512583,-0.39508248016731207,0.001049825438234803,3.365455301305853e-05,3598
1,queue_aware,2026083707,24,120,0.9666798018389289,0.9583983522774983,-0.19421284987512583,-0.39508248016731207,0.001049825438234803,3.365455301305853e-05,3598
1,blind_delay,2026083708,24,120,0.9356210221206818,0.9143184171150008,-0.1904172544825232,-0.3794108071795409,0.0021690047620645555,2.847330561219092e-05,3665
1,queue_aware,2026083708,24,120,0.9356210221206818,0.9143184171150008,-0.1904172544825232,-0.3794108071795409,0.0021690047620645555,2.847330561219092e-05,3665
1,blind_delay,2026083709,24,120,0.941836945405422,0.9207152413621581,-0.1599737645553634,-0.34285439990768013,0.0011075156958954059,5.4241112618301e-05,3553
1,queue_aware,2026083709,24,120,0.941836945405422,0.9207152413621581,-0.1599737645553634,-0.34285439990768013,0.0011075156958954059,5.4241112618301e-05,3553
1,blind_delay,2026083710,24,120,0.9216020701987662,0.9058923692081856,-0.1505856809301325,-0.31699828767549104,0.001373438255337066,3.24382371220525e-05,3566
1,queue_aware,2026083710,24,120,0.9216020701987662,0.9058923692081856,-0.1505856809301325,-0.31699828767549104,0.001373438255337066,3.24382371220525e-05,3566
1,blind_delay,2026083711,24,120,0.940701482351385,0.8944076466721057,-0.17772299995660068,-0.3628448783774952,0.0010633554596192467,2.4107420018175813e-05,3614
1,queue_aware,2026083711,24,120,0.940701482351385,0.8944076466721057,-0.17772299995660068,-0.3628448783774952,0.0010633554596192467,2.4107420018175813e-05,3614
1,blind_delay,2026083712,24,120,0.9145579023374443,0.8952360372659867,-0.2074604743666394,-0.3748916531412536,0.00118427597281032,4.6851218041581544e-05,3693
1,queue_aware,2026083712,24,120,0.9145579023374443,0.8952360372659867,-0.2074604743666394,-0.3748916531412536,0.00118427597281032,4.6851218041581544e-05,3693
1,blind_delay,2026083713,24,120,0.9593491431594787,0.9096960825672784,-0.16658271829390708,-0.34538220566732186,0.0008704181432594081,5.236420285177738e-05,3588
1,queue_aware,2026083713,24,120,0.9593491431594787,0.9096960825672784,-0.16658271829390708,-0.34538220566732186,0.0008704181432594081,5.236420285177738e-05,3588
1,blind_delay,2026083714,24,120,0.9201992595029377,0.9131552000746586,-0.17703222260201462,-0.36720205486582513,0.0010924222851098249,8.364555215915223e-05,3604
1,queue_aware,2026083714,24,120,0.9201992595029377,0.9131552000746586,-0.17703222260201462,-0.36720205486582513,0.0010924222851098249,8.364555215915223e-05,3604
1,blind_delay,2026083715,24,120,0.9469899800664672,0.9333766349117173,-0.18292302525207965,-0.37434952028655266,0.0015264361048219974,4.3945443575583837e-05,3618
1,queue_aware,2026083715,24,120,0.9469899800664672,0.9333766349117173,-0.18292302525207965,-0.37434952028655266,0.0015264361048219974,4.3945443575583837e-05,3618
1,blind_delay,2026083716,24,120,0.943545185432073,0.9276394985517735,-0.16191231659584618,-0.327011769642363,0.0010777276495660712,5.431130986886168e-05,3659
1,queue_aware,2026083716,24,120,0.943545185432073,0.9276394985517735,-0.16191231659584618,-0.327011769642363,0.0010777276495660712,5.431130986886168e-05,3659
1,blind_delay,2026083717,24,120,0.9502708949478454,0.941155120941876,-0.17739394433886096,-0.35583933085222114,0.0011041876699413567,2.9661640405224608e-05,3642
1,queue_aware,2026083717,24,120,0.9502708949478454,0.941155120941876,-0.17739394433886096,-0.35583933085222114,0.0011041876699413567,2.9661640405224608e-05,3642
1,blind_delay,2026083718,24,120,0.9714507391569858,0.9485007433059476,-0.19851787697290024,-0.39397430305870923,0.0007084082200239962,3.400550829470606e-05,3638
1,queue_aware,2026083718,24,120,0.9714507391569858,0.9485007433059476,-0.19851787697290024,-0.39397430305870923,0.0007084082200239962,3.400550829470606e-05,3638
1,blind_delay,2026083719,24,120,0.9584128860161484,0.932413358062423,-0.18540466157999108,-0.36532830752068957,0.0013651661113960188,3.257269159926448e-05,3664
1,queue_aware,2026083719,24,120,0.9584128860161484,0.932413358062423,-0.18540466157999108,-0.36532830752068957,0.0013651661113960188,3.257269159926448e-05,3664
1,blind_delay,2026083720,24,120,0.9550711699446417,0.9449206277821045,-0.18814812483726306,-0.3825493045424979,0.0009862425531583208,2.6593399506193383e-05,3613
1,queue_aware,2026083720,24,120,0.9550711699446417,0.9449206277821045,-0.18814812483726306,-0.3825493045424979,0.0009862425531583208,2.6593399506193383e-05,3613
1,blind_delay,2026083721,24,120,0.9231919365534172,0.8707349209325855,-0.15549295637175115,-0.32207080591550263,0.0010604486724099906,1.9796238915724666e-05,3576
1,queue_aware,2026083721,24,120,0.9231919365534172,0.8707349209325855,-0.15549295637175115,-0.32207080591550263,0.0010604486724099906,1.9796238915724666e-05,3576
1,blind_delay,2026083722,24,120,0.9377841167493302,0.8939761804166054,-0.16401648231819,-0.3421938753046583,0.001086897071369437,1.2576321054740664e-05,3592
1,queue_aware,2026083722,24,120,0.9377841167493302,0.8939761804166054,-0.16401648231819,-0.3421938753046583,0.001086897071369437,1.2576321054740664e-05,3592
1,blind_delay,2026083723,24,120,0.931365795239216,0.8897522820905809,-0.199508158878392,-0.39725686416779876,0.00097511459819102,3.717118947401124e-05,3622
1,queue_aware,2026083723,24,120,0.931365795239216,0.8897522820905809,-0.199508158878392,-0.39725686416779876,0.00097511459819102,3.717118947401124e-05,3622
1,blind_delay,2026083724,24,120,0.9265904382075123,0.907673897991769,-0.16811357404053281,-0.34749448709944547,0.002149246021121569,7.358770805423956e-05,3622
1,queue_aware,2026083724,24,120,0.9265904382075123,0.907673897991769,-0.16811357404053281,-0.34749448709944547,0.002149246021121569,7.358770805423956e-05,3622
1,blind_delay,2026083725,24,120,0.9649206988849686,0.95420172826685,-0.21594480093302426,-0.4082101684501978,0.0006324421044220423,3.794181624771843e-06,3692
1,queue_aware,2026083725,24,120,0.9649206988849686,0.95420172826685,-0.21594480093302426,-0.4082101684501978,0.0006324421044220423,3.794181624771843e-06,3692
1,blind_delay,2026083726,24,120,0.9061382128333463,0.8578053691993874,-0.15998000374383323,-0.32877114986180855,0.0008964644430591846,1.1392911597235571e-05,3623
1,queue_aware,2026083726,24,120,0.9061382128333463,0.8578053691993874,-0.15998000374383323,-0.32877114986180855,0.0008964644430591846,1.1392911597235571e-05,3623
1,blind_delay,2026083727,24,120,0.9228080866923968,0.8730916201385551,-0.16911559552491415,-0.3488065346568119,0.001781046254885968,7.857841721531326e-05,3601
1,queue_aware,2026083727,24,120,0.9228080866923968,0.8730916201385551,-0.16911559552491415,-0.3488065346568119,0.001781046254885968,7.857841721531326e-05,3601
1,blind_delay,2026083728,24,120,0.9376955754796161,0.8515148973154457,-0.2069603682734974,-0.4021214947135613,0.0018740433577423255,5.126289399878054e-05,3645
1,queue_aware,2026083728,24,120,0.9376955754796161,0.8515148973154457,-0.2069603682734974,-0.4021214947135613,0.0018740433577423255,5.126289399878054e-05,3645
1,blind_delay,2026083729,24,120,0.9324664445394878,0.8987247234190814,-0.17770089897401548,-0.3773583906232137,0.0011002303084488472,3.265663658599413e-05,3560
1,queue_aware,2026083729,24,120,0.9324664445394878,0.8987247234190814,-0.17770089897401548,-0.3773583906232137,0.0011002303084488472,3.265663658599413e-05,3560
2,blind_delay,2026093700,24,120,0.9467293256281726,0.905225815065723,-0.10936590940550511,-0.2209047836792479,0.001738852488209565,7.78755747498438e-05,3608
2,queue_aware,2026093700,24,120,0.949628554363178,0.9249488172665308,-0.20424338570209866,-0.40987863860025464,0.0015625875027034432,4.641283041800306e-05,3589
2,blind_delay,2026093701,24,120,0.9540967539691194,0.9119366058283279,-0.06095945788102477,-0.13102259892910645,0.0015145387069018285,5.611996951545104e-05,3517
2,queue_aware,2026093701,24,120,0.9550267558977639,0.9386972237836596,-0.16372066394090146,-0.33290344659823257,0.0013499868095001493,6.429116556478387e-05,3639
2,blind_delay,2026093702,24,120,0.9437722311556058,0.8944697193809568,-0.10557981707343052,-0.21194303563358916,0.0014167526594282829,9.453513045880143e-06,3607
2,queue_aware,2026093702,24,120,0.9474446345870985,0.9302612237266907,-0.20090165832769782,-0.4016604693620707,0.0009122953521844043,2.8334155505503636e-05,3608
2,blind_delay,2026093703,24,120,0.9200391063443643,0.8976815789083512,-0.049370319266313786,-0.12224175480734507,0.0014988663691992985,3.020482744341791e-05,3353
2,queue_aware,2026093703,24,120,0.9236766794248934,0.9034206037448436,-0.15325612892433796,-0.3243795335563031,0.0007651813072078059,7.67669005031254e-06,3569
2,blind_delay,2026093704,24,120,0.9462840096347664,0.9268610965206443,-0.0847275484025011,-0.18741043027467927,0.0011435003696621596,6.55039161748631e-05,3567
2,queue_aware,2026093704,24,120,0.9493209448112528,0.9308278171905702,-0.1869319418213659,-0.3835398558069549,0.0006879901506154899,2.249888609129134e-05,3612
2,blind_delay,2026093705,24,120,0.9312970609350588,0.8800345615959111,-0.060301571412035446,-0.1481071086712663,0.0017753905680023751,0.00010091271692706716,3473
2,queue_aware,2026093705,24,120,0.9358533349957389,0.9084511762375079,-0.16471097117949618,-0.34697745560396903,0.000884799038127148,5.989530858388293e-05,3589
2,blind_delay,2026093706,24,120,0.9247727167087023,0.8858388147676594,-0.056330938631612495,-0.13905489505382768,0.0015656017606312117,5.304645095887025e-05,3474
2,queue_aware,2026093706,24,120,0.9254986638526617,0.9031325379811693,-0.15718511142103628,-0.33419786851082856,0.001232355033094925,6.360670481662724e-05,3574
2,blind_delay,2026093707,24,120,0.9840930989971832,0.9790805434728368,-0.07371566932205258,-0.172102313440291,0.00147341856544633,1.0931870480992637e-05,3471
2,queue_aware,2026093707,24,120,0.9851108374723834,0.9791072559278541,-0.17157752555700942,-0.36070614381601196,0.0010555901595155838,3.7780890655013115e-05,3550
2,blind_delay,2026093708,24,120,0.9445158912329303,0.9406619208848667,-0.1391210548967259,-0.2072884672319416,0.0015478610132965763,7.73183417920001e-05,3697
2,queue_aware,2026093708,24,120,0.9452176692499095,0.9396207606131767,-0.2274862837491676,-0.41077473941935494,0.0012207088282878554,2.555716632188759e-05,3697
2,blind_delay,2026093709,24,120,0.9566159060807133,0.9456782513522487,-0.12190420374616838,-0.1988940634240311,0.0012258013699123168,4.741032673759928e-05,3692
2,queue_aware,2026093709,24,120,0.9580351701338015,0.9438960865839464,-0.20669178646552908,-0.3768896753746909,0.000826481709643103,2.4024374641140626e-05,3694
2,blind_delay,2026093710,24,120,0.9557965188762002,0.9104942940993958,-0.09107639970715944,-0.18348840036183817,0.0010842400863545205,4.9726914149163896e-05,3584
2,queue_aware,2026093710,24,120,0.9584579761175165,0.9483301778273088,-0.19153050086079987,-0.38527978880114994,0.0010498586128263774,2.3864813489181993e-05,3620
2,blind_delay,2026093711,24,120,0.9356501150090798,0.9310487903374057,-0.07877531526515491,-0.1779505846008695,0.0030869690785577737,4.091055013907782e-06,3530
2,queue_aware,2026093711,24,120,0.9396209904086287,0.9322290905285018,-0.18387285957916052,-0.3761574856867975,0.0016924412892416131,1.628809113091231e-05,3610
2,blind_delay,2026093712,24,120,0.9427978532060398,0.9152940529559271,-0.10488743661792657,-0.19275388751103942,0.0015738913004514992,6.601343574459174e-05,3665
2,queue_aware,2026093712,24,120,0.9450135475520097,0.9328065110439729,-0.20276418406308583,-0.39535993703712485,0.0013699115621256394,1.5406494679287907e-05,3650
2,blind_delay,2026093713,24,120,0.9312336025410187,0.8844883118808751,-0.10126920914605458,-0.18708526504714795,0.002436219207220043,3.089412994882636e-05,3619
2,queue_aware,2026093713,24,120,0.9349278269863073,0.9124619133490562,-0.19764374938780271,-0.39022102643653866,0.0015835389749943073,4.710212441396217e-05,3638
2,blind_delay,2026093714,24,120,0.9278053089105622,0.8599236610798557,-0.07429435495760676,-0.17913041908217903,0.001984391651669707,6.380860118494219e-06,3506
2,queue_aware,2026093714,24,120,0.9355612702755655,0.8841792071479752,-0.17739936488381586,-0.3711352159377117,0.001482324873098556,2.5317354934527253e-05,3573
2,blind_delay,2026093715,24,120,0.9208212825107306,0.8995354055362247,-0.07847055986977154,-0.1470323008041576,0.002936488191380938,0.00040417946086989293,3652
2,queue_aware,2026093715,24,120,0.924633825097906,0.9068412720595123,-0.17611238120391398,-0.34785528562169205,0.001611747891832503,3.091000639900611e-05,3687
2,blind_delay,2026093716,24,120,0.9480020861312245,0.9193317460434588,-0.07421213158977598,-0.15984492388110755,0.0011604654021218138,3.719033099121007e-05,3581
2,queue_aware,2026093716,24,120,0.9499061355675532,0.9385421397344212,-0.16929371344101452,-0.3495303195700685,0.0011497233181665205,4.953385054857321e-05,3589
2,blind_delay,2026093717,24,120,0.9514152627572611,0.8894069469956146,-0.09197575720786011,-0.18045282020317735,0.0010403439779268229,2.79189010671227e-05,3619
2,queue_aware,2026093717,24,120,0.9549853339772661,0.8897272575719196,-0.19172079661262717,-0.37953424693790216,0.0007087104599092533,9.50571927705363e-06,3639
2,blind_delay,2026093718,24,120,0.9509262068161785,0.8824482411982363,-0.06562912067221974,-0.159580243998254,0.0014259879459815362,5.602988983543487e-05,3491
2,queue_aware,2026093718,24,120,0.9548657267005419,0.9178851345084813,-0.1712001911607449,-0.3586705241241587,0.0010495712396319868,1.7684483743720688e-05,3591
2,blind_delay,2026093719,24,120,0.923350024841446,0.878348928678692,-0.07712020973292162,-0.15291466669441672,0.001683990992422242,5.524386900864677e-05,3618
2,queue_aware,2026093719,24,120,0.9297103812361287,0.8888552206203676,-0.17306808143149385,-0.3414389348124441,0.001847286182050097,1.988746457175755e-05,3638
2,blind_delay,2026093720,24,120,0.9551733242942084,0.9142935875342261,-0.06402842020390452,-0.14151534596482562,0.0015287541165976161,7.498191344911688e-05,3552
2,queue_aware,2026093720,24,120,0.9596550337508507,0.9417613045086192,-0.16541993012734063,-0.3375601994268336,0.0008717804914624302,4.904755624403662e-05,3604
2,blind_delay,2026093721,24,120,0.9294359168675796,0.9185021787369666,-0.07230565781583072,-0.16903671063070588,0.002529366580445001,0.00011053702022690564,3545
2,queue_aware,2026093721,24,120,0.9337551854580907,0.9233897310713849,-0.17683763374650938,-0.3669714247671546,0.0015150732856823743,7.457783320252064e-05,3628
2,blind_delay,2026093722,24,120,0.9292798166608587,0.8705408428935353,-0.09148994294232024,-0.19068395781044337,0.0017041854215549517,4.1072241771041795e-05,3581
2,queue_aware,2026093722,24,120,0.9344291541960811,0.9190482112332522,-0.18933042786462875,-0.3872289657011638,0.0010662262172809478,2.5348330753927158e-05,3609
2,blind_delay,2026093723,24,120,0.9222895054010528,0.8584754553089429,-0.05524344243783852,-0.12147771054367859,0.0018127467943985676,6.636644709626806e-05,3420
2,queue_aware,2026093723,24,120,0.9269510418105675,0.8974388341452914,-0.15165050979802813,-0.31350994045495306,0.0014564878155202481,4.326772845265348e-05,3552
2,blind_delay,2026093724,24,120,0.9358628165534041,0.9174792551619994,-0.0816703881052671,-0.17359743395811264,0.001107115870548275,4.5359282260608086e-05,3583
2,queue_aware,2026093724,24,120,0.9374145841943189,0.9321555090033996,-0.18197071622889807,-0.3697593538453443,0.000570434087351612,1.2958417493835449e-05,3629
2,blind_delay,2026093725,24,120,0.9091986506504964,0.8410976392877683,-0.07725354253646323,-0.18103397791834266,0.002326581911159941,3.916949627213516e-05,3548
2,queue_aware,2026093725,24,120,0.9177738054855973,0.8725032175924078,-0.17800179187280368,-0.37468497298615566,0.0009078507046772796,3.2334991910170393e-05,3585
2,blind_delay,2026093726,24,120,0.919847347002631,0.8902760007524835,-0.08407988411860859,-0.18420999056744117,0.001472943846179801,1.4300540763275715e-05,3512
2,queue_aware,2026093726,24,120,0.9217944313615403,0.8949365068932233,-0.1868305316052699,-0.3837931531708966,0.0008465926094853939,1.5095057778095661e-05,3606
2,blind_delay,2026093727,24,120,0.9416195181459384,0.931678609217193,-0.07542055619004666,-0.16900259199603573,0.0014793332497524093,4.400384225255124e-05,3506
2,queue_aware,2026093727,24,120,0.9422979655736852,0.9156378738642661,-0.17043686215557402,-0.35867964873541014,0.0015007809964382114,6.080600223245442e-05,3558
2,blind_delay,2026093728,24,120,0.9625634083605306,0.9462451209522428,-0.08108708244898927,-0.1633533965762369,0.0013131628823020438,3.8835909919263306e-05,3677
2,queue_aware,2026093728,24,120,0.965225396564171,0.9525455281251785,-0.18374174606385,-0.3621999437840491,0.0008187949619478813,4.214848622515167e-05,3663
2,blind_delay,2026093729,24,120,0.968760393399382,0.9083102424014635,-0.06674607924184157,-0.14287705533757408,0.0009647871047753067,1.642992175930963e-05,3508
2,queue_aware,2026093729,24,120,0.9709639829940803,0.9358601213949235,-0.16984234018876154,-0.34487377269023106,0.0004528249946341645,5.257338362519684e-06,3601
3,blind_delay,2026103700,24,120,0.9428379634707703,0.91909725691798,-0.025231241590804344,-0.08520082588102267,0.0015074842409132547,8.744630435969903e-05,3431
3,queue_aware,2026103700,24,120,0.9461771814831859,0.9393539125844012,-0.14677867437186856,-0.2959423571786456,0.000587423018406036,3.2412382034638015e-05,3567
3,blind_delay,2026103701,24,120,0.9169766443813485,0.8999934604466222,-0.03012768617535837,-0.0952765432808563,0.004609173381648147,0.0001729860343279069,3284
3,queue_aware,2026103701,24,120,0.9293987425324618,0.9105793490412961,-0.1712454454431769,-0.36166437242681865,0.0018498674884598505,0.00012248536721626434,3572
3,blind_delay,2026103702,24,120,0.9538398763728658,0.8851548921536517,-0.08117639916500077,-0.15815329594272257,0.0014143960761386664,7.81725616095683e-05,3579
3,queue_aware,2026103702,24,120,0.9584842594433532,0.9196934665083023,-0.20948307329850913,-0.41445743475138935,0.0010435909740916466,1.6110652843947372e-05,3600
3,blind_delay,2026103703,24,120,0.9617439079399905,0.9554018297518885,-0.0971876450971037,-0.16110153851379078,0.0029630629150255916,0.00018409938813679943,3667
3,queue_aware,2026103703,24,120,0.9631282415100332,0.9556590191269445,-0.22150974685681646,-0.41533945471980244,0.0012389486300062702,3.300762658575911e-05,3695
3,blind_delay,2026103704,24,120,0.9223696122184006,0.8749029477915171,-0.03457096177595683,-0.09739981900383637,0.0025731902660944346,0.00014894716199292845,3345
3,queue_aware,2026103704,24,120,0.9314982970005741,0.8972035753549509,-0.17159855387907538,-0.35973360641843655,0.0007202062989199099,2.014352320981204e-05,3587
3,blind_delay,2026103705,24,120,0.9413429260769455,0.8816525428927542,-0.054805244332588245,-0.11097327663011317,0.002609947566619572,5.266864879191683e-05,3503
3,queue_aware,2026103705,24,120,0.9542410897982944,0.8816525428927542,-0.19278103886785644,-0.3838362766853456,0.0009462055328999255,5.001504194065866e-05,3629
3,blind_delay,2026103706,24,120,0.9451611727406956,0.8927832322055375,-0.02801739213705672,-0.08983153667155083,0.0016656772695846874,2.5465609172288314e-05,3285
3,queue_aware,2026103706,24,120,0.9518778204363614,0.9396064706828449,-0.17566565001820436,-0.36448732049829646,0.0009773792468388462,2.718116368040739e-05,3605
3,blind_delay,2026103707,24,120,0.9488063749058938,0.8893090819973223,-0.0914879997407456,-0.1613740047902135,0.001772230564493228,4.780097022788078e-05,3640
3,queue_aware,2026103707,24,120,0.954824333043612,0.9272332477391315,-0.22086454810150624,-0.42313821382966654,0.001011503516314807,3.7114860515606095e-05,3640
3,blind_delay,2026103708,24,120,0.9223543611138727,0.8891609031769061,-0.015356912162302018,-0.06295373728916707,0.0036521293275309417,0.0001687413857866456,3118
3,queue_aware,2026103708,24,120,0.9288747731445804,0.9035605547069784,-0.15274328329575168,-0.32644974058559934,0.0016117852793686804,3.4313506001042744e-05,3571
3,blind_delay,2026103709,24,120,0.898653735135832,0.8309099617582432,-0.022936106881034753,-0.08638782047273894,0.002995026507788101,0.00011912571081742663,3126
3,queue_aware,2026103709,24,120,0.9095966461955166,0.8817043280608394,-0.16581661426581012,-0.34365975218561684,0.0011976492231865062,1.0901181696531536e-05,3601
3,blind_delay,2026103710,24,120,0.9209819213276774,0.9116782696042479,-0.018126877320547678,-0.060009789597897586,0.0027734095087259447,0.00019983005357525566,3113
3,queue_aware,2026103710,24,120,0.9266511786599431,0.911405273848295,-0.15823875263744192,-0.31644758085837216,0.0012379187098490372,2.0606185050464487e-05,3637
3,blind_delay,2026103711,24,120,0.9250492673002543,0.9161673222877098,-0.08141033393549456,-0.13268555767054668,0.002287286274471464,7.912395921589525e-05,3690
3,queue_aware,2026103711,24,120,0.9269672926417741,0.9145321786864937,-0.20338066868711172,-0.382459419594559,0.0008916719626230953,5.27064582885684e-06,3690
3,blind_delay,2026103712,24,120,0.938883238129762,0.9210589637185889,-0.049460632132072954,-0.12159322674347735,0.004042183322544512,0.0003740017811638179,3358
3,queue_aware,2026103712,24,120,0.9516203001468531,0.927729492519213,-0.19575088308180127,-0.3956201425914211,0.0021124219338263094,4.063180031874581e-05,3600
3,blind_delay,2026103713,24,120,0.9114488785106106,0.8612951931245604,-0.0428395315230144,-0.12852508794251077,0.002526143354410019,2.8797317050301715e-05,3495
3,queue_aware,2026103713,24,120,0.9189926326337488,0.8865714311936631,-0.17431209139192233,-0.36114385652428693,0.0010303578450256005,5.4916603949226744e-05,3599
3,blind_delay,2026103714,24,120,0.9178634901860803,0.8758771829441719,-0.0621539990922271,-0.14249443320797756,0.003273827812578876,6.097347197831513e-05,3493
3,queue_aware,2026103714,24,120,0.92592361514779,0.8926190537606502,-0.19931023714004786,-0.40309410859302663,0.0016165299963223588,3.374962785253412e-05,3608
3,blind_delay,2026103715,24,120,0.9533308638308002,0.8770866432359455,-0.025466828832523485,-0.0762118352485035,0.001409352039789888,1.4553965572256836e-05,3309
3,queue_aware,2026103715,24,120,0.9569158948357371,0.902152355890276,-0.16774378359198297,-0.34700362366818266,0.0009698607745200142,1.9838683049605164e-05,3585
3,blind_delay,2026103716,24,120,0.924260890685,0.8246427793288928,-0.03842546173751247,-0.10336658942868954,0.0018890956807481993,3.9129134308666433e-05,3410
3,queue_aware,2026103716,24,120,0.9358270941514623,0.8645333386492972,-0.18085236226346885,-0.3709412937999258,0.0010507743798710014,8.682071293140024e-06,3613
3,blind_delay,2026103717,24,120,0.9626879102023568,0.9276174612881503,-0.0734921335873078,-0.14480733990612377,0.0019684386649033935,1.438312411412829e-05,3602
3,queue_aware,2026103717,24,120,0.9696053462826654,0.9436609382509489,-0.209594468663408,-0.4061060227284574,0.0011465541843148107,2.3244392727028923e-05,3648
3,blind_delay,2026103718,24,120,0.9288671097040474,0.8492694605951445,-0.04288784104692992,-0.11224445586688742,0.004093129527711919,0.00010085464790512133,3475
3,queue_aware,2026103718,24,120,0.9433122984965602,0.8864310450616553,-0.184167906181067,-0.37891952695618214,0.0016143802456584134,1.9811837003871012e-05,3609
3,blind_delay,2026103719,24,120,0.9355238483159665,0.9096936392535353,-0.030541150456714697,-0.15486579467883133,0.0012333302264543155,1.3948450893950314e-05,3278
3,queue_aware,2026103719,24,120,0.9350007220822039,0.9220584547269617,-0.1702784064408632,-0.3617213101160436,0.000704964554173065,2.962627048777362e-05,3568
3,blind_delay,2026103720,24,120,0.9151005938517909,0.8949286630446167,-0.03579296879269764,-0.12588529597060372,0.003532071692950972,0.00031194897622098175,3313
3,queue_aware,2026103720,24,120,0.9253317640482935,0.9010323017617126,-0.17587839262829336,-0.3613518206610152,0.0015095082641151762,4.422517298956699e-05,3630
3,blind_delay,2026103721,24,120,0.9189057505906059,0.847960490910468,-0.056675875984321854,-0.11750005214510004,0.003745103017827245,0.00011136518855764705,3564
3,queue_aware,2026103721,24,120,0.9334325382462699,0.8969719206890244,-0.19316686703477454,-0.38365495994246096,0.0015012369085009793,1.399738036612105e-05,3634
3,blind_delay,2026103722,24,120,0.916720663721415,0.8475492325712528,-0.06735007576303496,-0.14620249298083532,0.0025444799238541907,4.565423666365938e-05,3558
3,queue_aware,2026103722,24,120,0.9234150304981308,0.8705733550177482,-0.1991995455846092,-0.40486746456745953,0.0015608070870997048,6.048645752521494e-05,3592
3,blind_delay,2026103723,24,120,0.9512619124318806,0.913093017730687,-0.028404046289035458,-0.09549703087136843,0.0025944037538086144,5.3445746910432816e-05,3144
3,queue_aware,2026103723,24,120,0.9576622781746698,0.9469463408637838,-0.17104567362469605,-0.3538556941140409,0.0014010511124567962,2.021200639958872e-05,3588
3,blind_delay,2026103724,24,120,0.947217835514071,0.9310028356931365,-0.07813351545397443,-0.13273084176177602,0.002469658483155292,5.1761383043102805e-05,3612
3,queue_aware,2026103724,24,120,0.9564508616333491,0.9444277423271622,-0.21215130788941614,-0.4064689720735711,0.0007280097762046307,6.146044491993753e-05,3654
3,blind_delay,2026103725,24,120,0.9347486509163716,0.8939311751551647,-0.026817888018984746,-0.08047330627504116,0.003363336332384348,3.095037806336965e-05,3129
3,queue_aware,2026103725,24,120,0.9454223171313653,0.9134280776859156,-0.1705770450053906,-0.3546848089335733,0.0015831109254784749,3.3288028810941714e-05,3612
3,blind_delay,2026103726,24,120,0.9184357874657544,0.8607118675893342,-0.08722060177567822,-0.1619233971237749,0.00291742779964539,0.00020574432605974195,3617
3,queue_aware,2026103726,24,120,0.9262862705951896,0.9130369241915705,-0.207737725606714,-0.4110564696266438,0.0010090002949344648,1.9069198592217232e-05,3629
3,blind_delay,2026103727,24,120,0.9092459990759738,0.8269113458060502,-0.04337207924866089,-0.11417722057306787,0.0037389900064042415,0.0002139390183211969,3449
3,queue_aware,2026103727,24,120,0.9211502822796152,0.8852707207750434,-0.1812734249252738,-0.3779887017899043,0.001612257944439622,4.648553201932754e-05,3582
3,blind_delay,2026103728,24,120,0.9508562613582973,0.8669085760416363,-0.02908143339969694,-0.08531940322782838,0.0018601077211844268,8.799534205415362e-05,3320
3,queue_aware,2026103728,24,120,0.9576596462730756,0.9286220280447812,-0.16999402472417877,-0.3527020989643754,0.0007894217824478295,5.1887071170725176e-05,3606
3,blind_delay,2026103729,24,120,0.9224128990845146,0.8715070412951125,-0.02202475780219576,-0.07199894643381469,0.0016756281597951927,8.231553089020863e-05,3256
3,queue_aware,2026103729,24,120,0.9322333796866396,0.892358619110061,-0.16323302347600774,-0.3410454932546154,0.0009174966637070498,9.442897206457922e-06,3598
5,blind_delay,2026123700,24,120,0.9629710719292288,0.9449628306395055,-0.018912000927061287,-0.0901920257968083,0.00387555214635221,7.042952016506254e-05,2813
5,queue_aware,2026123700,24,120,0.959746575760587,0.926000518216747,-0.14900430850676027,-0.30673516950766544,0.0017223703445410261,6.478485195715923e-05,3532
5,blind_delay,2026123701,24,120,0.9469819783340564,0.9029158094404485,-0.015859191057466058,-0.16036832859618785,0.002317945849965308,6.25799152352652e-05,2977
5,queue_aware,2026123701,24,120,0.9564843510329918,0.9374115713632788,-0.1806955614416203,-0.36677508834504646,0.000518666832102388,7.857551838193432e-06,3621
5,blind_delay,2026123702,24,120,0.9214370420179947,0.8294837669169027,-0.005393719446168107,-0.07738205767936363,0.004211434969443572,7.800935596659698e-05,2921
5,queue_aware,2026123702,24,120,0.9480471566878494,0.8898447967017796,-0.17114676067893744,-0.34718744289027687,0.0018085877234926496,3.421871820805454e-05,3603
5,blind_delay,2026123703,24,120,0.9323786745085,0.8894855831491939,-0.023052779707526443,-0.12990142484492734,0.0023651708498112307,1.7373906980624174e-05,3136
5,queue_aware,2026123703,24,120,0.9392805832762127,0.9202051734811748,-0.1924818629242019,-0.3897776900145459,0.0008256706064832868,1.908013028177947e-05,3629
5,blind_delay,2026123704,24,120,0.9352782853068372,0.9008290651980346,-0.023416607822115434,-0.14035789876351445,0.005088300152230974,0.0001669570867301466,2914
5,queue_aware,2026123704,24,120,0.9559023130121385,0.9179926432333146,-0.18708582290882259,-0.37517252383210853,0.0021299722335012586,1.1744925304779155e-05,3617
5,blind_delay,2026123705,24,120,0.9365231001328412,0.8906749998398865,0.0037109908576098134,-0.08869092230235932,0.0027732775567546586,1.936503077001828e-05,2562
5,queue_aware,2026123705,24,120,0.9457297578677429,0.9299899137490307,-0.1673309062470528,-0.34031703785484846,0.0012582189843618524,5.6372901534187555e-05,3622
5,blind_delay,2026123706,24,120,0.8990760243383418,0.8183254098966116,-0.0018630393663019043,-0.11662082527048814,0.006021234691974032,0.0004695763344289316,2643
5,queue_aware,2026123706,24,120,0.9370302714084834,0.8878764005872615,-0.1766360169489887,-0.3641196036832999,0.00151245484383569,5.837368604759751e-05,3604
5,blind_delay,2026123707,24,120,0.9431683482956097,0.9189851216863465,-0.029094041945646545,-0.08245280010337472,0.003906363392961676,6.35788199083495e-05,3520
5,queue_aware,2026123707,24,120,0.9495108402699566,0.932658282418781,-0.18587415905431648,-0.35667599743166295,0.000869216049529876,1.134971455084407e-05,3669
5,blind_delay,2026123708,24,120,0.9652611755814916,0.939235001303565,0.0029018929680410146,-0.05456011130559846,0.002585203013868115,3.0625464851542356e-05,2819
5,queue_aware,2026123708,24,120,0.9694238341446721,0.9531304192405663,-0.16822611592084394,-0.35417177416752743,0.0009331751341730837,2.671895012681859e-05,3557
5,blind_delay,2026123709,24,120,0.9322019020392938,0.8996221765719113,-0.021493029385952874,-0.17150495432896048,0.0029932257471412932,0.0001693372264014819,2987
5,queue_aware,2026123709,24,120,0.941280203403587,0.9067386393541922,-0.1878844309817172,-0.3803443520681262,0.0013233756365631155,9.686831769181798e-06,3645
5,blind_delay,2026123710,24,120,0.9396836435181035,0.9298750067920953,-0.05044609324111747,-0.20032381620494566,0.0024469373954839548,1.3786845728992455e-05,3387
5,queue_aware,2026123710,24,120,0.9360476351521615,0.9280766997679025,-0.20057801130535663,-0.3870877168306951,0.0011148319115494535,6.44388586102785e-05,3694
5,blind_delay,2026123711,24,120,0.9305459828452612,0.9211996332856441,-0.0035378362141332753,-0.12420901358016359,0.005370515856753946,0.0001690336169579545,2628
5,queue_aware,2026123711,24,120,0.9402469778618116,0.9223049753292895,-0.1727272758026421,-0.34975637698822526,0.0021230065520891125,6.950931757669785e-05,3629
5,blind_delay,2026123712,24,120,0.9227348589129006,0.908246198845002,0.001481591039591401,-0.13136403521101964,0.0028168692680482768,3.1567717962763844e-05,2386
5,queue_aware,2026123712,24,120,0.9306229752897529,0.9248386172466635,-0.1700525636113193,-0.35580844641419906,0.001052175649224967,5.352671697136706e-05,3593
5,blind_delay,2026123713,24,120,0.9137523868928847,0.8892616905477678,0.0047163422036003416,-0.10990091796139548,0.004945481543187592,5.626344534850278e-05,2517
5,queue_aware,2026123713,24,120,0.9317806190081193,0.9248475526855493,-0.1666537553280842,-0.35075399065733154,0.0008988262222270634,5.388371979871278e-05,3595
5,blind_delay,2026123714,24,120,0.9352707969158208,0.9032577728281341,-0.039945871776632925,-0.2188480620805916,0.003947769684734302,0.00027604970309102025,3263
5,queue_aware,2026123714,24,120,0.9506946001875849,0.9032577728281341,-0.19579435352327187,-0.3860019165040404,0.0011948879858298643,3.6859096624521475e-05,3652
5,blind_delay,2026123715,24,120,0.899766450321975,0.8787389083620857,-0.006846143910187433,-0.06889010611169548,0.005280704604292737,0.00013806698309929756,3016
5,queue_aware,2026123715,24,120,0.9159053294458442,0.8870795429903242,-0.14480137097261866,-0.3088803249768985,0.0014220459781976716,4.625586327883633e-05,3540
5,blind_delay,2026123716,24,120,0.9459996390551176,0.897988175686038,-0.027129898925942243,-0.12718158830205492,0.0040955090828283655,0.00022995408898941446,3120
5,queue_aware,2026123716,24,120,0.9611350233448807,0.9415410693648117,-0.19794883750428244,-0.3939504728794536,0.0011031067631457356,6.256585030678758e-05,3630
5,blind_delay,2026123717,24,120,0.9121379415175375,0.8831122226799836,-0.010282720727270413,-0.13918434980891092,0.00457099479686387,0.0001428942773098102,2746
5,queue_aware,2026123717,24,120,0.9286884751925203,0.919489336992454,-0.17127551523390055,-0.3596062265497276,0.0012964158956384904,2.2181646872965576e-05,3591
5,blind_delay,2026123718,24,120,0.9333547990330774,0.8948447851176753,-0.03232843778219066,-0.14050267748234702,0.00275732102670698,5.0802465773724486e-05,3146
5,queue_aware,2026123718,24,120,0.939938798752162,0.896159937844536,-0.20233338572578402,-0.39900004893109886,0.0019039995997534467,4.051509651259537e-05,3648
5,blind_delay,2026123719,24,120,0.9158458390627374,0.8546905797286538,-0.028210822386068438,-0.0965590759616839,0.003426828545298293,0.00012945405360931806,3122
5,queue_aware,2026123719,24,120,0.9334200363164497,0.8880261860590883,-0.19344682849984052,-0.38119791861798946,0.0010067768593423297,2.4625282060649643e-05,3636
5,blind_delay,2026123720,24,120,0.9273112110886607,0.8682400296135788,-0.004055250577031112,-0.059008227035296165,0.0032921150360314005,0.00010955950813998293,2785
5,queue_aware,2026123720,24,120,0.9400291946536986,0.9232025358944086,-0.18951094144559316,-0.38465894617137575,0.0018964774213252277,8.882405251031083e-05,3614
5,blind_delay,2026123721,24,120,0.919568577926281,0.8775956351039361,0.0012654730472042247,-0.09391238587973544,0.0034627643514427023,0.0003105969229371436,2559
5,queue_aware,2026123721,24,120,0.9453606905305053,0.9197634793161275,-0.1726561473967992,-0.3570781693864198,0.001461847197974387,3.3633947476956804e-05,3591
5,blind_delay,2026123722,24,120,0.9011477892309304,0.8513338355168205,0.009220208900884196,-0.050370918923900665,0.0032571800504767414,0.00010915348381670234,2548
5,queue_aware,2026123722,24,120,0.9141010996505493,0.8841572068248147,-0.1702437577520515,-0.3569014553261663,0.0010032138776017645,3.172670651671311e-05,3601
5,blind_delay,2026123723,24,120,0.9168606058024323,0.8939165882131296,-0.01932258346291409,-0.10743791159147753,0.0052751546069440235,0.00010419632735354557,3129
5,queue_aware,2026123723,24,120,0.9313285626035146,0.901252605901876,-0.17221515258187356,-0.35776507299590504,0.0017802891845335905,4.616530958166196e-05,3585
5,blind_delay,2026123724,24,120,0.9271354737314376,0.895074493910866,-0.058485708519229705,-0.16192833586662733,0.0025130758187438653,3.5012798634991496e-05,3413
5,queue_aware,2026123724,24,120,0.93359138676332,0.9205543088867318,-0.19601020245999273,-0.36409920208694657,0.0007363199932801284,1.4423069246361394e-05,3684
5,blind_delay,2026123725,24,120,0.9539377582244515,0.9410489731974193,-0.03270411219320393,-0.1607089346004819,0.002261000297988076,3.986246023917038e-05,3146
5,queue_aware,2026123725,24,120,0.9515107058736955,0.9338615263620207,-0.16938201673327935,-0.35306147343018507,0.0011287195230034281,3.903658250370345e-05,3558
5,blind_delay,2026123726,24,120,0.9562028496971844,0.9000282504179116,-0.03428640240927696,-0.14843977160638056,0.002113924529124397,5.4745316297901016e-05,3202
5,queue_aware,2026123726,24,120,0.9648406406954261,0.9400238859755073,-0.2000607609052875,-0.39494276780514564,0.0008481069717514809,1.8101860308084454e-05,3636
5,blind_delay,2026123727,24,120,0.9472019997585885,0.882033552760993,-0.027183958518038568,-0.12333555024782744,0.0025491148983166493,0.0001013587842407432,3200
5,queue_aware,2026123727,24,120,0.9667017255396257,0.9286370352336769,-0.20258234928324387,-0.401782742543962,0.0009662379519725553,4.0939871924349727e-05,3616
5,blind_delay,2026123728,24,120,0.94384954910029,0.9283520199512669,-0.06592236027568679,-0.1613544520233847,0.003957465353589532,0.00011862677714571478,3562
5,queue_aware,2026123728,24,120,0.9467384711487754,0.9318000451616893,-0.1895434003584582,-0.37953249801389305,0.0013126705741333456,4.422031436541893e-05,3624
5,blind_delay,2026123729,24,120,0.930851542869617,0.9066215888869992,0.0007831493842492284,-0.08700891539188833,0.004124977005411122,0.00010932984301961668,2600
5,queue_aware,2026123729,24,120,0.9460606357718555,0.9137092679440012,-0.15830055300333393,-0.3330382526272508,0.001269951390439318,1.2530134439426751e-05,3581
