topology,delay,policy,seed,agents,rounds,mean_spectral_edge,mean_loop_residual,mean_receipt_age,mean_disagreement
ring,0,blind_delay,2026073800,24,120,0.0,0.23529411764705888,0.0,0.3961939368582056
ring,0,queue_aware,2026073800,24,120,0.0,0.23529411764705888,0.0,0.3961939368582056
ring,0,blind_delay,2026073801,24,120,0.0,0.23529411764705888,0.0,0.38402594422832087
ring,0,queue_aware,2026073801,24,120,0.0,0.23529411764705888,0.0,0.38402594422832087
ring,0,blind_delay,2026073802,24,120,0.0,0.23529411764705888,0.0,0.3729615206881656
ring,0,queue_aware,2026073802,24,120,0.0,0.23529411764705888,0.0,0.3729615206881656
ring,0,blind_delay,2026073803,24,120,0.0,0.23529411764705888,0.0,0.3948426358937491
ring,0,queue_aware,2026073803,24,120,0.0,0.23529411764705888,0.0,0.3948426358937491
ring,0,blind_delay,2026073804,24,120,0.0,0.23529411764705888,0.0,0.3936446334900086
ring,0,queue_aware,2026073804,24,120,0.0,0.23529411764705888,0.0,0.3936446334900086
ring,0,blind_delay,2026073805,24,120,0.0,0.23529411764705888,0.0,0.3834771049245032
ring,0,queue_aware,2026073805,24,120,0.0,0.23529411764705888,0.0,0.3834771049245032
ring,0,blind_delay,2026073806,24,120,0.0,0.23529411764705888,0.0,0.37932869014131765
ring,0,queue_aware,2026073806,24,120,0.0,0.23529411764705888,0.0,0.37932869014131765
ring,0,blind_delay,2026073807,24,120,0.0,0.23529411764705888,0.0,0.39260896388915495
ring,0,queue_aware,2026073807,24,120,0.0,0.23529411764705888,0.0,0.39260896388915495
ring,0,blind_delay,2026073808,24,120,0.0,0.23529411764705888,0.0,0.3748798888457016
ring,0,queue_aware,2026073808,24,120,0.0,0.23529411764705888,0.0,0.3748798888457016
ring,0,blind_delay,2026073809,24,120,0.0,0.23529411764705888,0.0,0.3895817357331017
ring,0,queue_aware,2026073809,24,120,0.0,0.23529411764705888,0.0,0.3895817357331017
ring,0,blind_delay,2026073810,24,120,0.0,0.23529411764705888,0.0,0.38646802339804187
ring,0,queue_aware,2026073810,24,120,0.0,0.23529411764705888,0.0,0.38646802339804187
ring,0,blind_delay,2026073811,24,120,0.0,0.23529411764705888,0.0,0.3718292243939885
ring,0,queue_aware,2026073811,24,120,0.0,0.23529411764705888,0.0,0.3718292243939885
ring,0,blind_delay,2026073812,24,120,0.0,0.23529411764705888,0.0,0.39248273622285446
ring,0,queue_aware,2026073812,24,120,0.0,0.23529411764705888,0.0,0.39248273622285446
ring,0,blind_delay,2026073813,24,120,0.0,0.23529411764705888,0.0,0.3947166034449726
ring,0,queue_aware,2026073813,24,120,0.0,0.23529411764705888,0.0,0.3947166034449726
ring,0,blind_delay,2026073814,24,120,0.0,0.23529411764705888,0.0,0.3760603848014733
ring,0,queue_aware,2026073814,24,120,0.0,0.23529411764705888,0.0,0.3760603848014733
ring,1,blind_delay,2026083800,24,120,0.0,0.23529411764705888,0.0,0.3909579794057259
ring,1,queue_aware,2026083800,24,120,0.0,0.23529411764705888,0.0,0.3909579794057259
ring,1,blind_delay,2026083801,24,120,0.0,0.23529411764705888,0.0,0.3889992169425974
ring,1,queue_aware,2026083801,24,120,0.0,0.23529411764705888,0.0,0.3889992169425974
ring,1,blind_delay,2026083802,24,120,0.0,0.23529411764705888,0.0,0.3790296720786761
ring,1,queue_aware,2026083802,24,120,0.0,0.23529411764705888,0.0,0.3790296720786761
ring,1,blind_delay,2026083803,24,120,0.0,0.23529411764705888,0.0,0.3839519210174654
ring,1,queue_aware,2026083803,24,120,0.0,0.23529411764705888,0.0,0.3839519210174654
ring,1,blind_delay,2026083804,24,120,0.0,0.23529411764705888,0.0,0.38355996813427345
ring,1,queue_aware,2026083804,24,120,0.0,0.23529411764705888,0.0,0.38355996813427345
ring,1,blind_delay,2026083805,24,120,0.0,0.23529411764705888,0.0,0.36569115521518186
ring,1,queue_aware,2026083805,24,120,0.0,0.23529411764705888,0.0,0.36569115521518186
ring,1,blind_delay,2026083806,24,120,0.0,0.23529411764705888,0.0,0.38951066813254054
ring,1,queue_aware,2026083806,24,120,0.0,0.23529411764705888,0.0,0.38951066813254054
ring,1,blind_delay,2026083807,24,120,0.0,0.23529411764705888,0.0,0.3923027170699303
ring,1,queue_aware,2026083807,24,120,0.0,0.23529411764705888,0.0,0.3923027170699303
ring,1,blind_delay,2026083808,24,120,0.0,0.23529411764705888,0.0,0.3843138460526717
ring,1,queue_aware,2026083808,24,120,0.0,0.23529411764705888,0.0,0.3843138460526717
ring,1,blind_delay,2026083809,24,120,0.0,0.23529411764705888,0.0,0.3610024030561737
ring,1,queue_aware,2026083809,24,120,0.0,0.23529411764705888,0.0,0.3610024030561737
ring,1,blind_delay,2026083810,24,120,0.0,0.23529411764705888,0.0,0.36916717097917023
ring,1,queue_aware,2026083810,24,120,0.0,0.23529411764705888,0.0,0.36916717097917023
ring,1,blind_delay,2026083811,24,120,0.0,0.23529411764705888,0.0,0.39506999880465055
ring,1,queue_aware,2026083811,24,120,0.0,0.23529411764705888,0.0,0.39506999880465055
ring,1,blind_delay,2026083812,24,120,0.0,0.23529411764705888,0.0,0.36307621902477943
ring,1,queue_aware,2026083812,24,120,0.0,0.23529411764705888,0.0,0.36307621902477943
ring,1,blind_delay,2026083813,24,120,0.0,0.23529411764705888,0.0,0.3748712104590941
ring,1,queue_aware,2026083813,24,120,0.0,0.23529411764705888,0.0,0.3748712104590941
ring,1,blind_delay,2026083814,24,120,0.0,0.23529411764705888,0.0,0.3957947462462987
ring,1,queue_aware,2026083814,24,120,0.0,0.23529411764705888,0.0,0.3957947462462987
ring,2,blind_delay,2026093800,24,120,1.4503016459925278,0.05015025961162795,0.9916666666666667,0.2946869932931211
ring,2,queue_aware,2026093800,24,120,0.0,0.23529411764705888,0.0,0.38380597841029634
ring,2,blind_delay,2026093801,24,120,1.4503016459925278,0.05015025961162795,0.9916666666666667,0.3076615645277831
ring,2,queue_aware,2026093801,24,120,0.0,0.23529411764705888,0.0,0.3962927948019692
ring,2,blind_delay,2026093802,24,120,1.4503016459925278,0.05015025961162795,0.9916666666666667,0.2822292585102448
ring,2,queue_aware,2026093802,24,120,0.0,0.23529411764705888,0.0,0.3727850169133703
ring,2,blind_delay,2026093803,24,120,1.4503016459925278,0.05015025961162795,0.9916666666666667,0.2722935315339832
ring,2,queue_aware,2026093803,24,120,0.0,0.23529411764705888,0.0,0.3631112108092675
ring,2,blind_delay,2026093804,24,120,1.4503016459925278,0.05015025961162795,0.9916666666666667,0.2834631411251706
ring,2,queue_aware,2026093804,24,120,0.0,0.23529411764705888,0.0,0.3767397806060147
ring,2,blind_delay,2026093805,24,120,1.4503016459925278,0.05015025961162795,0.9916666666666667,0.28161007173266756
ring,2,queue_aware,2026093805,24,120,0.0,0.23529411764705888,0.0,0.37038536764092966
ring,2,blind_delay,2026093806,24,120,1.4503016459925278,0.05015025961162795,0.9916666666666667,0.29001327962008266
ring,2,queue_aware,2026093806,24,120,0.0,0.23529411764705888,0.0,0.3782668189664325
ring,2,blind_delay,2026093807,24,120,1.4503016459925278,0.05015025961162795,0.9916666666666667,0.2715971559284914
ring,2,queue_aware,2026093807,24,120,0.0,0.23529411764705888,0.0,0.3637401735947966
ring,2,blind_delay,2026093808,24,120,1.4503016459925278,0.05015025961162795,0.9916666666666667,0.29369305903752985
ring,2,queue_aware,2026093808,24,120,0.0,0.23529411764705888,0.0,0.3813983655891057
ring,2,blind_delay,2026093809,24,120,1.4503016459925278,0.05015025961162795,0.9916666666666667,0.266697460182874
ring,2,queue_aware,2026093809,24,120,0.0,0.23529411764705888,0.0,0.36430690808504124
ring,2,blind_delay,2026093810,24,120,1.4503016459925278,0.05015025961162795,0.9916666666666667,0.277249353187034
ring,2,queue_aware,2026093810,24,120,0.0,0.23529411764705888,0.0,0.3687644684440855
ring,2,blind_delay,2026093811,24,120,1.4503016459925278,0.05015025961162795,0.9916666666666667,0.2614273216811184
ring,2,queue_aware,2026093811,24,120,0.0,0.23529411764705888,0.0,0.3582078394329146
ring,2,blind_delay,2026093812,24,120,1.4503016459925278,0.05015025961162795,0.9916666666666667,0.2892003388886021
ring,2,queue_aware,2026093812,24,120,0.0,0.23529411764705888,0.0,0.38493826084759397
ring,2,blind_delay,2026093813,24,120,1.4503016459925278,0.05015025961162795,0.9916666666666667,0.27032994195968396
ring,2,queue_aware,2026093813,24,120,0.0,0.23529411764705888,0.0,0.362291172628764
ring,2,blind_delay,2026093814,24,120,1.4503016459925278,0.05015025961162795,0.9916666666666667,0.31104552674770125
ring,2,queue_aware,2026093814,24,120,0.0,0.23529411764705888,0.0,0.3985022943554972
ring,3,blind_delay,2026103800,24,120,1.4503016459925278,0.05015025961162795,1.975,0.2876435069076256
ring,3,queue_aware,2026103800,24,120,0.0,0.23529411764705888,0.0,0.3929570550131769
ring,3,blind_delay,2026103801,24,120,1.4503016459925278,0.05015025961162795,1.975,0.25043923808243845
ring,3,queue_aware,2026103801,24,120,0.0,0.23529411764705888,0.0,0.3624271538005184
ring,3,blind_delay,2026103802,24,120,1.4503016459925278,0.05015025961162795,1.975,0.2889243522005494
ring,3,queue_aware,2026103802,24,120,0.0,0.23529411764705888,0.0,0.39046096131728925
ring,3,blind_delay,2026103803,24,120,1.4503016459925278,0.05015025961162795,1.975,0.25763401849155326
ring,3,queue_aware,2026103803,24,120,0.0,0.23529411764705888,0.0,0.3618429500238211
ring,3,blind_delay,2026103804,24,120,1.4503016459925278,0.05015025961162795,1.975,0.29667791287019646
ring,3,queue_aware,2026103804,24,120,0.0,0.23529411764705888,0.0,0.39448031827672186
ring,3,blind_delay,2026103805,24,120,1.4503016459925278,0.05015025961162795,1.975,0.29918556437947763
ring,3,queue_aware,2026103805,24,120,0.0,0.23529411764705888,0.0,0.3965667834587104
ring,3,blind_delay,2026103806,24,120,1.4503016459925278,0.05015025961162795,1.975,0.2609181918415054
ring,3,queue_aware,2026103806,24,120,0.0,0.23529411764705888,0.0,0.37319866933262735
ring,3,blind_delay,2026103807,24,120,1.4503016459925278,0.05015025961162795,1.975,0.26760346270317253
ring,3,queue_aware,2026103807,24,120,0.0,0.23529411764705888,0.0,0.36691728945587504
ring,3,blind_delay,2026103808,24,120,1.4503016459925278,0.05015025961162795,1.975,0.2580838732838601
ring,3,queue_aware,2026103808,24,120,0.0,0.23529411764705888,0.0,0.3652343149835274
ring,3,blind_delay,2026103809,24,120,1.4503016459925278,0.05015025961162795,1.975,0.2923543325673815
ring,3,queue_aware,2026103809,24,120,0.0,0.23529411764705888,0.0,0.3933200145002785
ring,3,blind_delay,2026103810,24,120,1.4503016459925278,0.05015025961162795,1.975,0.2654986182446926
ring,3,queue_aware,2026103810,24,120,0.0,0.23529411764705888,0.0,0.3688754410105549
ring,3,blind_delay,2026103811,24,120,1.4503016459925278,0.05015025961162795,1.975,0.269935492537086
ring,3,queue_aware,2026103811,24,120,0.0,0.23529411764705888,0.0,0.36836524663669085
ring,3,blind_delay,2026103812,24,120,1.4503016459925278,0.05015025961162795,1.975,0.2935391140335502
ring,3,queue_aware,2026103812,24,120,0.0,0.23529411764705888,0.0,0.38937463515399756
ring,3,blind_delay,2026103813,24,120,1.4503016459925278,0.05015025961162795,1.975,0.2867567757356491
ring,3,queue_aware,2026103813,24,120,0.0,0.23529411764705888,0.0,0.3926290160873472
ring,3,blind_delay,2026103814,24,120,1.4503016459925278,0.05015025961162795,1.975,0.27007697195316743
ring,3,queue_aware,2026103814,24,120,0.0,0.23529411764705888,0.0,0.3709150568105227
ring,5,blind_delay,2026123800,24,120,1.4503016459925278,0.05015025961162795,3.9166666666666665,0.2648035795683115
ring,5,queue_aware,2026123800,24,120,0.0,0.23529411764705888,0.0,0.36954114763841245
ring,5,blind_delay,2026123801,24,120,1.4503016459925278,0.05015025961162795,3.9166666666666665,0.288989041827279
ring,5,queue_aware,2026123801,24,120,0.0,0.23529411764705888,0.0,0.3715352137974258
ring,5,blind_delay,2026123802,24,120,1.4503016459925278,0.05015025961162795,3.9166666666666665,0.2678985938280095
ring,5,queue_aware,2026123802,24,120,0.0,0.23529411764705888,0.0,0.37560995273156916
ring,5,blind_delay,2026123803,24,120,1.4503016459925278,0.05015025961162795,3.9166666666666665,0.29231222662282097
ring,5,queue_aware,2026123803,24,120,0.0,0.23529411764705888,0.0,0.3896220680713635
ring,5,blind_delay,2026123804,24,120,1.4503016459925278,0.05015025961162795,3.9166666666666665,0.30267449573698746
ring,5,queue_aware,2026123804,24,120,0.0,0.23529411764705888,0.0,0.3958646144549107
ring,5,blind_delay,2026123805,24,120,1.4503016459925278,0.05015025961162795,3.9166666666666665,0.29400319133819885
ring,5,queue_aware,2026123805,24,120,0.0,0.23529411764705888,0.0,0.38836593040669104
ring,5,blind_delay,2026123806,24,120,1.4503016459925278,0.05015025961162795,3.9166666666666665,0.2696720061863659
ring,5,queue_aware,2026123806,24,120,0.0,0.23529411764705888,0.0,0.3849712343181949
ring,5,blind_delay,2026123807,24,120,1.4503016459925278,0.05015025961162795,3.9166666666666665,0.26067002077378115
ring,5,queue_aware,2026123807,24,120,0.0,0.23529411764705888,0.0,0.3634204262661168
ring,5,blind_delay,2026123808,24,120,1.4503016459925278,0.05015025961162795,3.9166666666666665,0.3057164320870465
ring,5,queue_aware,2026123808,24,120,0.0,0.23529411764705888,0.0,0.3961492122413686
ring,5,blind_delay,2026123809,24,120,1.4503016459925278,0.05015025961162795,3.9166666666666665,0.26075126601328924
ring,5,queue_aware,2026123809,24,120,0.0,0.23529411764705888,0.0,0.362526075711042
ring,5,blind_delay,2026123810,24,120,1.4503016459925278,0.05015025961162795,3.9166666666666665,0.29215577889489325
ring,5,queue_aware,2026123810,24,120,0.0,0.23529411764705888,0.0,0.39131131724693785
ring,5,blind_delay,2026123811,24,120,1.4503016459925278,0.05015025961162795,3.9166666666666665,0.26137229411429846
ring,5,queue_aware,2026123811,24,120,0.0,0.23529411764705888,0.0,0.36130163312161573
ring,5,blind_delay,2026123812,24,120,1.4503016459925278,0.05015025961162795,3.9166666666666665,0.2943653984890492
ring,5,queue_aware,2026123812,24,120,0.0,0.23529411764705888,0.0,0.3830296818522158
ring,5,blind_delay,2026123813,24,120,1.4503016459925278,0.05015025961162795,3.9166666666666665,0.28513264075061734
ring,5,queue_aware,2026123813,24,120,0.0,0.23529411764705888,0.0,0.3792661461962439
ring,5,blind_delay,2026123814,24,120,1.4503016459925278,0.05015025961162795,3.9166666666666665,0.2967737647564924
ring,5,queue_aware,2026123814,24,120,0.0,0.23529411764705888,0.0,0.39375516787004966
random_4_regular,0,blind_delay,2026173800,24,120,0.0,0.23529411764705888,0.0,0.0905907997699711
random_4_regular,0,queue_aware,2026173800,24,120,0.0,0.23529411764705888,0.0,0.0905907997699711
random_4_regular,0,blind_delay,2026173801,24,120,0.0,0.23529411764705888,0.0,0.09203780541790803
random_4_regular,0,queue_aware,2026173801,24,120,0.0,0.23529411764705888,0.0,0.09203780541790803
random_4_regular,0,blind_delay,2026173802,24,120,0.0,0.23529411764705888,0.0,0.10995320466682842
random_4_regular,0,queue_aware,2026173802,24,120,0.0,0.23529411764705888,0.0,0.10995320466682842
random_4_regular,0,blind_delay,2026173803,24,120,0.0,0.23529411764705888,0.0,0.09162009942099812
random_4_regular,0,queue_aware,2026173803,24,120,0.0,0.23529411764705888,0.0,0.09162009942099812
random_4_regular,0,blind_delay,2026173804,24,120,0.0,0.23529411764705888,0.0,0.07525836391907686
random_4_regular,0,queue_aware,2026173804,24,120,0.0,0.23529411764705888,0.0,0.07525836391907686
random_4_regular,0,blind_delay,2026173805,24,120,0.0,0.23529411764705888,0.0,0.095357601628624
random_4_regular,0,queue_aware,2026173805,24,120,0.0,0.23529411764705888,0.0,0.095357601628624
random_4_regular,0,blind_delay,2026173806,24,120,0.0,0.23529411764705888,0.0,0.08704006639788268
random_4_regular,0,queue_aware,2026173806,24,120,0.0,0.23529411764705888,0.0,0.08704006639788268
random_4_regular,0,blind_delay,2026173807,24,120,0.0,0.23529411764705888,0.0,0.08694905132544921
random_4_regular,0,queue_aware,2026173807,24,120,0.0,0.23529411764705888,0.0,0.08694905132544921
random_4_regular,0,blind_delay,2026173808,24,120,0.0,0.23529411764705888,0.0,0.08068120959990287
random_4_regular,0,queue_aware,2026173808,24,120,0.0,0.23529411764705888,0.0,0.08068120959990287
random_4_regular,0,blind_delay,2026173809,24,120,0.0,0.23529411764705888,0.0,0.10174434587323153
random_4_regular,0,queue_aware,2026173809,24,120,0.0,0.23529411764705888,0.0,0.10174434587323153
random_4_regular,0,blind_delay,2026173810,24,120,0.0,0.23529411764705888,0.0,0.09500992075831136
random_4_regular,0,queue_aware,2026173810,24,120,0.0,0.23529411764705888,0.0,0.09500992075831136
random_4_regular,0,blind_delay,2026173811,24,120,0.0,0.23529411764705888,0.0,0.09170392955962386
random_4_regular,0,queue_aware,2026173811,24,120,0.0,0.23529411764705888,0.0,0.09170392955962386
random_4_regular,0,blind_delay,2026173812,24,120,0.0,0.23529411764705888,0.0,0.08031249001460793
random_4_regular,0,queue_aware,2026173812,24,120,0.0,0.23529411764705888,0.0,0.08031249001460793
random_4_regular,0,blind_delay,2026173813,24,120,0.0,0.23529411764705888,0.0,0.08557272858966757
random_4_regular,0,queue_aware,2026173813,24,120,0.0,0.23529411764705888,0.0,0.08557272858966757
random_4_regular,0,blind_delay,2026173814,24,120,0.0,0.23529411764705888,0.0,0.12656629352768975
random_4_regular,0,queue_aware,2026173814,24,120,0.0,0.23529411764705888,0.0,0.12656629352768975
random_4_regular,1,blind_delay,2026183800,24,120,0.0,0.23529411764705888,0.0,0.06467438301191841
random_4_regular,1,queue_aware,2026183800,24,120,0.0,0.23529411764705888,0.0,0.06467438301191841
random_4_regular,1,blind_delay,2026183801,24,120,0.0,0.23529411764705888,0.0,0.0761331893260742
random_4_regular,1,queue_aware,2026183801,24,120,0.0,0.23529411764705888,0.0,0.0761331893260742
random_4_regular,1,blind_delay,2026183802,24,120,0.0,0.23529411764705888,0.0,0.07274292859344984
random_4_regular,1,queue_aware,2026183802,24,120,0.0,0.23529411764705888,0.0,0.07274292859344984
random_4_regular,1,blind_delay,2026183803,24,120,0.0,0.23529411764705888,0.0,0.08346245228440191
random_4_regular,1,queue_aware,2026183803,24,120,0.0,0.23529411764705888,0.0,0.08346245228440191
random_4_regular,1,blind_delay,2026183804,24,120,0.0,0.23529411764705888,0.0,0.09166397911926626
random_4_regular,1,queue_aware,2026183804,24,120,0.0,0.23529411764705888,0.0,0.09166397911926626
random_4_regular,1,blind_delay,2026183805,24,120,0.0,0.23529411764705888,0.0,0.08302796741671635
random_4_regular,1,queue_aware,2026183805,24,120,0.0,0.23529411764705888,0.0,0.08302796741671635
random_4_regular,1,blind_delay,2026183806,24,120,0.0,0.23529411764705888,0.0,0.06833200425389149
random_4_regular,1,queue_aware,2026183806,24,120,0.0,0.23529411764705888,0.0,0.06833200425389149
random_4_regular,1,blind_delay,2026183807,24,120,0.0,0.23529411764705888,0.0,0.0926667867573074
random_4_regular,1,queue_aware,2026183807,24,120,0.0,0.23529411764705888,0.0,0.0926667867573074
random_4_regular,1,blind_delay,2026183808,24,120,0.0,0.23529411764705888,0.0,0.08922976893148515
random_4_regular,1,queue_aware,2026183808,24,120,0.0,0.23529411764705888,0.0,0.08922976893148515
random_4_regular,1,blind_delay,2026183809,24,120,0.0,0.23529411764705888,0.0,0.07363040441882654
random_4_regular,1,queue_aware,2026183809,24,120,0.0,0.23529411764705888,0.0,0.07363040441882654
random_4_regular,1,blind_delay,2026183810,24,120,0.0,0.23529411764705888,0.0,0.08226418770765746
random_4_regular,1,queue_aware,2026183810,24,120,0.0,0.23529411764705888,0.0,0.08226418770765746
random_4_regular,1,blind_delay,2026183811,24,120,0.0,0.23529411764705888,0.0,0.0806177266606604
random_4_regular,1,queue_aware,2026183811,24,120,0.0,0.23529411764705888,0.0,0.0806177266606604
random_4_regular,1,blind_delay,2026183812,24,120,0.0,0.23529411764705888,0.0,0.109377495714009
random_4_regular,1,queue_aware,2026183812,24,120,0.0,0.23529411764705888,0.0,0.109377495714009
random_4_regular,1,blind_delay,2026183813,24,120,0.0,0.23529411764705888,0.0,0.07178648492132782
random_4_regular,1,queue_aware,2026183813,24,120,0.0,0.23529411764705888,0.0,0.07178648492132782
random_4_regular,1,blind_delay,2026183814,24,120,0.0,0.23529411764705888,0.0,0.10257236244358946
random_4_regular,1,queue_aware,2026183814,24,120,0.0,0.23529411764705888,0.0,0.10257236244358946
random_4_regular,2,blind_delay,2026193800,24,120,1.6476077690650124,0.03631952369399945,0.9916666666666667,0.07251172888530787
random_4_regular,2,queue_aware,2026193800,24,120,0.0,0.23529411764705888,0.0,0.0746443770411986
random_4_regular,2,blind_delay,2026193801,24,120,1.707937375895844,0.017195466569406723,0.9916666666666667,0.08187382581042366
random_4_regular,2,queue_aware,2026193801,24,120,0.0,0.23529411764705888,0.0,0.08709660870179706
random_4_regular,2,blind_delay,2026193802,24,120,1.8171092049916264,0.0131774837001489,0.9916666666666667,0.08612099023955552
random_4_regular,2,queue_aware,2026193802,24,120,0.0,0.23529411764705888,0.0,0.09307068423200221
random_4_regular,2,blind_delay,2026193803,24,120,1.605575813046616,0.04283168212339502,0.9916666666666667,0.08537432713686081
random_4_regular,2,queue_aware,2026193803,24,120,0.0,0.23529411764705888,0.0,0.0883642034895843
random_4_regular,2,blind_delay,2026193804,24,120,1.6963973690928753,0.011898081945218875,0.9916666666666667,0.09046649088423114
random_4_regular,2,queue_aware,2026193804,24,120,0.0,0.23529411764705888,0.0,0.0976543810966559
random_4_regular,2,blind_delay,2026193805,24,120,1.6133087441924165,0.04663388647948712,0.9916666666666667,0.0817499320301383
random_4_regular,2,queue_aware,2026193805,24,120,0.0,0.23529411764705888,0.0,0.08298740877500779
random_4_regular,2,blind_delay,2026193806,24,120,1.894227826020873,0.06600477988816428,0.9916666666666667,0.09176572769376244
random_4_regular,2,queue_aware,2026193806,24,120,0.0,0.23529411764705888,0.0,0.10307555463238358
random_4_regular,2,blind_delay,2026193807,24,120,1.6471126993723155,0.03392219714485611,0.9916666666666667,0.09178484307969068
random_4_regular,2,queue_aware,2026193807,24,120,0.0,0.23529411764705888,0.0,0.09804331385540184
random_4_regular,2,blind_delay,2026193808,24,120,1.6840212887837467,0.022731078320316792,0.9916666666666667,0.09030301778270422
random_4_regular,2,queue_aware,2026193808,24,120,0.0,0.23529411764705888,0.0,0.09606197737075368
random_4_regular,2,blind_delay,2026193809,24,120,1.7280651607488198,0.018451681819585636,0.9916666666666667,0.08016084932808375
random_4_regular,2,queue_aware,2026193809,24,120,0.0,0.23529411764705888,0.0,0.08292388615875929
random_4_regular,2,blind_delay,2026193810,24,120,1.7409146162561797,0.012429845423608542,0.9916666666666667,0.10477205172660316
random_4_regular,2,queue_aware,2026193810,24,120,0.0,0.23529411764705888,0.0,0.11507566579419164
random_4_regular,2,blind_delay,2026193811,24,120,1.756192920415266,0.005511661045509301,0.9916666666666667,0.09433754146601712
random_4_regular,2,queue_aware,2026193811,24,120,0.0,0.23529411764705888,0.0,0.10944631906978
random_4_regular,2,blind_delay,2026193812,24,120,1.6691290424647467,0.029568254878420176,0.9916666666666667,0.06821804948874609
random_4_regular,2,queue_aware,2026193812,24,120,0.0,0.23529411764705888,0.0,0.06966586068605089
random_4_regular,2,blind_delay,2026193813,24,120,1.8458732247152028,0.019061110546577522,0.9916666666666667,0.08957568113704774
random_4_regular,2,queue_aware,2026193813,24,120,0.0,0.23529411764705888,0.0,0.09708520998017588
random_4_regular,2,blind_delay,2026193814,24,120,1.8507869973937308,0.025347033946367843,0.9916666666666667,0.09270858366368899
random_4_regular,2,queue_aware,2026193814,24,120,0.0,0.23529411764705888,0.0,0.10582555747454674
random_4_regular,3,blind_delay,2026203800,24,120,1.7685661830780135,0.014952292161923807,1.975,0.0718166133646589
random_4_regular,3,queue_aware,2026203800,24,120,0.0,0.23529411764705888,0.0,0.07478834676642084
random_4_regular,3,blind_delay,2026203801,24,120,1.6186197307727221,0.02214837377778365,1.975,0.07182391333696758
random_4_regular,3,queue_aware,2026203801,24,120,0.0,0.23529411764705888,0.0,0.07965565627450569
random_4_regular,3,blind_delay,2026203802,24,120,1.7735158439663452,0.013431456053196874,1.975,0.07942701675158016
random_4_regular,3,queue_aware,2026203802,24,120,0.0,0.23529411764705888,0.0,0.089433683849702
random_4_regular,3,blind_delay,2026203803,24,120,1.8594784915565123,0.016236296606401076,1.975,0.0673710772324077
random_4_regular,3,queue_aware,2026203803,24,120,0.0,0.23529411764705888,0.0,0.07114496515716179
random_4_regular,3,blind_delay,2026203804,24,120,1.7015038580128485,0.018036563199399534,1.975,0.08377503060829379
random_4_regular,3,queue_aware,2026203804,24,120,0.0,0.23529411764705888,0.0,0.09442655652469295
random_4_regular,3,blind_delay,2026203805,24,120,1.6933356043104026,0.01899862729698587,1.975,0.08521038078883188
random_4_regular,3,queue_aware,2026203805,24,120,0.0,0.23529411764705888,0.0,0.09486988045642092
random_4_regular,3,blind_delay,2026203806,24,120,1.6820980055592236,0.02399783160323417,1.975,0.08706228173955174
random_4_regular,3,queue_aware,2026203806,24,120,0.0,0.23529411764705888,0.0,0.09716650169699609
random_4_regular,3,blind_delay,2026203807,24,120,1.637630594802306,0.03118220576718401,1.975,0.088806698978745
random_4_regular,3,queue_aware,2026203807,24,120,0.0,0.23529411764705888,0.0,0.09824822605342311
random_4_regular,3,blind_delay,2026203808,24,120,1.6506765700071948,0.026883066970379565,1.975,0.07726601549411412
random_4_regular,3,queue_aware,2026203808,24,120,0.0,0.23529411764705888,0.0,0.08185855533134458
random_4_regular,3,blind_delay,2026203809,24,120,1.5531619878376195,0.04826008500405968,1.975,0.08306672662268412
random_4_regular,3,queue_aware,2026203809,24,120,0.0,0.23529411764705888,0.0,0.09294169017485933
random_4_regular,3,blind_delay,2026203810,24,120,1.7187685808874014,0.012437829674989048,1.975,0.08338799805760053
random_4_regular,3,queue_aware,2026203810,24,120,0.0,0.23529411764705888,0.0,0.08858126730941253
random_4_regular,3,blind_delay,2026203811,24,120,1.901363962844733,0.030147744797433304,1.975,0.07397503282608651
random_4_regular,3,queue_aware,2026203811,24,120,0.0,0.23529411764705888,0.0,0.08266268738994915
random_4_regular,3,blind_delay,2026203812,24,120,1.721949184583494,0.022936315162876968,1.975,0.08178465865460918
random_4_regular,3,queue_aware,2026203812,24,120,0.0,0.23529411764705888,0.0,0.09061116061803004
random_4_regular,3,blind_delay,2026203813,24,120,1.7211462242618365,0.01667368425575472,1.975,0.07155873251410678
random_4_regular,3,queue_aware,2026203813,24,120,0.0,0.23529411764705888,0.0,0.08015000466947736
random_4_regular,3,blind_delay,2026203814,24,120,1.7054197272467866,0.021895462738002136,1.975,0.07991764768512631
random_4_regular,3,queue_aware,2026203814,24,120,0.0,0.23529411764705888,0.0,0.08533250721062637
random_4_regular,5,blind_delay,2026223800,24,120,1.621745960989754,0.033756074081116715,3.9166666666666665,0.0806992363635571
random_4_regular,5,queue_aware,2026223800,24,120,0.0,0.23529411764705888,0.0,0.08788684138989936
random_4_regular,5,blind_delay,2026223801,24,120,1.6421283993626816,0.03663942498432073,3.9166666666666665,0.08485014329799948
random_4_regular,5,queue_aware,2026223801,24,120,0.0,0.23529411764705888,0.0,0.0982362240182498
random_4_regular,5,blind_delay,2026223802,24,120,1.6362967190978963,0.03595407823432173,3.9166666666666665,0.07865941120583887
random_4_regular,5,queue_aware,2026223802,24,120,0.0,0.23529411764705888,0.0,0.09300620558961319
random_4_regular,5,blind_delay,2026223803,24,120,1.641267732672282,0.029456511977107584,3.9166666666666665,0.06926994359228202
random_4_regular,5,queue_aware,2026223803,24,120,0.0,0.23529411764705888,0.0,0.0750633489484923
random_4_regular,5,blind_delay,2026223804,24,120,1.6745599677958667,0.013657061469754856,3.9166666666666665,0.08226037777469157
random_4_regular,5,queue_aware,2026223804,24,120,0.0,0.23529411764705888,0.0,0.08720030086973705
random_4_regular,5,blind_delay,2026223805,24,120,1.8283807610859824,0.026447564974238637,3.9166666666666665,0.09043960717622121
random_4_regular,5,queue_aware,2026223805,24,120,0.0,0.23529411764705888,0.0,0.14000854807816623
random_4_regular,5,blind_delay,2026223806,24,120,1.7261018295702466,0.019385706066392887,3.9166666666666665,0.07167975480693721
random_4_regular,5,queue_aware,2026223806,24,120,0.0,0.23529411764705888,0.0,0.07862428025915831
random_4_regular,5,blind_delay,2026223807,24,120,1.7341502529263855,0.015966285207944783,3.9166666666666665,0.07801867621617846
random_4_regular,5,queue_aware,2026223807,24,120,0.0,0.23529411764705888,0.0,0.08422483144829732
random_4_regular,5,blind_delay,2026223808,24,120,1.6734945024839187,0.025871228064758483,3.9166666666666665,0.07178322549169727
random_4_regular,5,queue_aware,2026223808,24,120,0.0,0.23529411764705888,0.0,0.07251379618715045
random_4_regular,5,blind_delay,2026223809,24,120,1.693015216664063,0.01952535294251093,3.9166666666666665,0.08487564886663078
random_4_regular,5,queue_aware,2026223809,24,120,0.0,0.23529411764705888,0.0,0.11811566119027489
random_4_regular,5,blind_delay,2026223810,24,120,1.5655915914260872,0.05864701722667474,3.9166666666666665,0.07351768109316385
random_4_regular,5,queue_aware,2026223810,24,120,0.0,0.23529411764705888,0.0,0.08063554493895704
random_4_regular,5,blind_delay,2026223811,24,120,1.6584748700644836,0.03638508733201632,3.9166666666666665,0.07245327025648816
random_4_regular,5,queue_aware,2026223811,24,120,0.0,0.23529411764705888,0.0,0.07572304497767159
random_4_regular,5,blind_delay,2026223812,24,120,1.6300416212510171,0.028432183356086528,3.9166666666666665,0.08166090008683989
random_4_regular,5,queue_aware,2026223812,24,120,0.0,0.23529411764705888,0.0,0.09330375945808492
random_4_regular,5,blind_delay,2026223813,24,120,1.5881097515934082,0.03490183417526938,3.9166666666666665,0.07954459662737372
random_4_regular,5,queue_aware,2026223813,24,120,0.0,0.23529411764705888,0.0,0.09968147373059659
random_4_regular,5,blind_delay,2026223814,24,120,1.7897938029339144,0.00749520364431554,3.9166666666666665,0.08363132799304149
random_4_regular,5,queue_aware,2026223814,24,120,0.0,0.23529411764705888,0.0,0.09694823735450434
two_block,0,blind_delay,2026273800,24,120,0.0,0.23529411764705888,0.0,0.13596906538160006
two_block,0,queue_aware,2026273800,24,120,0.0,0.23529411764705888,0.0,0.13596906538160006
two_block,0,blind_delay,2026273801,24,120,0.0,0.23529411764705888,0.0,0.13882585073447512
two_block,0,queue_aware,2026273801,24,120,0.0,0.23529411764705888,0.0,0.13882585073447512
two_block,0,blind_delay,2026273802,24,120,0.0,0.23529411764705888,0.0,0.14015065552626726
two_block,0,queue_aware,2026273802,24,120,0.0,0.23529411764705888,0.0,0.14015065552626726
two_block,0,blind_delay,2026273803,24,120,0.0,0.23529411764705888,0.0,0.13872531472656363
two_block,0,queue_aware,2026273803,24,120,0.0,0.23529411764705888,0.0,0.13872531472656363
two_block,0,blind_delay,2026273804,24,120,0.0,0.23529411764705888,0.0,0.13720196459852127
two_block,0,queue_aware,2026273804,24,120,0.0,0.23529411764705888,0.0,0.13720196459852127
two_block,0,blind_delay,2026273805,24,120,0.0,0.23529411764705888,0.0,0.13819950365894976
two_block,0,queue_aware,2026273805,24,120,0.0,0.23529411764705888,0.0,0.13819950365894976
two_block,0,blind_delay,2026273806,24,120,0.0,0.23529411764705888,0.0,0.13953366482291066
two_block,0,queue_aware,2026273806,24,120,0.0,0.23529411764705888,0.0,0.13953366482291066
two_block,0,blind_delay,2026273807,24,120,0.0,0.23529411764705888,0.0,0.13725939037985782
two_block,0,queue_aware,2026273807,24,120,0.0,0.23529411764705888,0.0,0.13725939037985782
two_block,0,blind_delay,2026273808,24,120,0.0,0.23529411764705888,0.0,0.14020082290824393
two_block,0,queue_aware,2026273808,24,120,0.0,0.23529411764705888,0.0,0.14020082290824393
two_block,0,blind_delay,2026273809,24,120,0.0,0.23529411764705888,0.0,0.13595642332495514
two_block,0,queue_aware,2026273809,24,120,0.0,0.23529411764705888,0.0,0.13595642332495514
two_block,0,blind_delay,2026273810,24,120,0.0,0.23529411764705888,0.0,0.1385703065073426
two_block,0,queue_aware,2026273810,24,120,0.0,0.23529411764705888,0.0,0.1385703065073426
two_block,0,blind_delay,2026273811,24,120,0.0,0.23529411764705888,0.0,0.14087715691155864
two_block,0,queue_aware,2026273811,24,120,0.0,0.23529411764705888,0.0,0.14087715691155864
two_block,0,blind_delay,2026273812,24,120,0.0,0.23529411764705888,0.0,0.13863187383189976
two_block,0,queue_aware,2026273812,24,120,0.0,0.23529411764705888,0.0,0.13863187383189976
two_block,0,blind_delay,2026273813,24,120,0.0,0.23529411764705888,0.0,0.13720096068596951
two_block,0,queue_aware,2026273813,24,120,0.0,0.23529411764705888,0.0,0.13720096068596951
two_block,0,blind_delay,2026273814,24,120,0.0,0.23529411764705888,0.0,0.13873475265704566
two_block,0,queue_aware,2026273814,24,120,0.0,0.23529411764705888,0.0,0.13873475265704566
two_block,1,blind_delay,2026283800,24,120,0.0,0.23529411764705888,0.0,0.14074143835352437
two_block,1,queue_aware,2026283800,24,120,0.0,0.23529411764705888,0.0,0.14074143835352437
two_block,1,blind_delay,2026283801,24,120,0.0,0.23529411764705888,0.0,0.13499603670848917
two_block,1,queue_aware,2026283801,24,120,0.0,0.23529411764705888,0.0,0.13499603670848917
two_block,1,blind_delay,2026283802,24,120,0.0,0.23529411764705888,0.0,0.13608027411625065
two_block,1,queue_aware,2026283802,24,120,0.0,0.23529411764705888,0.0,0.13608027411625065
two_block,1,blind_delay,2026283803,24,120,0.0,0.23529411764705888,0.0,0.14064549351114022
two_block,1,queue_aware,2026283803,24,120,0.0,0.23529411764705888,0.0,0.14064549351114022
two_block,1,blind_delay,2026283804,24,120,0.0,0.23529411764705888,0.0,0.13636384878547622
two_block,1,queue_aware,2026283804,24,120,0.0,0.23529411764705888,0.0,0.13636384878547622
two_block,1,blind_delay,2026283805,24,120,0.0,0.23529411764705888,0.0,0.13617157866165333
two_block,1,queue_aware,2026283805,24,120,0.0,0.23529411764705888,0.0,0.13617157866165333
two_block,1,blind_delay,2026283806,24,120,0.0,0.23529411764705888,0.0,0.140931985980136
two_block,1,queue_aware,2026283806,24,120,0.0,0.23529411764705888,0.0,0.140931985980136
two_block,1,blind_delay,2026283807,24,120,0.0,0.23529411764705888,0.0,0.1368158709803966
two_block,1,queue_aware,2026283807,24,120,0.0,0.23529411764705888,0.0,0.1368158709803966
two_block,1,blind_delay,2026283808,24,120,0.0,0.23529411764705888,0.0,0.1393891185134372
two_block,1,queue_aware,2026283808,24,120,0.0,0.23529411764705888,0.0,0.1393891185134372
two_block,1,blind_delay,2026283809,24,120,0.0,0.23529411764705888,0.0,0.14077362550377268
two_block,1,queue_aware,2026283809,24,120,0.0,0.23529411764705888,0.0,0.14077362550377268
two_block,1,blind_delay,2026283810,24,120,0.0,0.23529411764705888,0.0,0.13936439692421204
two_block,1,queue_aware,2026283810,24,120,0.0,0.23529411764705888,0.0,0.13936439692421204
two_block,1,blind_delay,2026283811,24,120,0.0,0.23529411764705888,0.0,0.1393919843287863
two_block,1,queue_aware,2026283811,24,120,0.0,0.23529411764705888,0.0,0.1393919843287863
two_block,1,blind_delay,2026283812,24,120,0.0,0.23529411764705888,0.0,0.1403423384621753
two_block,1,queue_aware,2026283812,24,120,0.0,0.23529411764705888,0.0,0.1403423384621753
two_block,1,blind_delay,2026283813,24,120,0.0,0.23529411764705888,0.0,0.13579643216964038
two_block,1,queue_aware,2026283813,24,120,0.0,0.23529411764705888,0.0,0.13579643216964038
two_block,1,blind_delay,2026283814,24,120,0.0,0.23529411764705888,0.0,0.14137284693251703
two_block,1,queue_aware,2026283814,24,120,0.0,0.23529411764705888,0.0,0.14137284693251703
two_block,2,blind_delay,2026293800,24,120,1.9382171338603509,0.13008232474206036,0.9916666666666667,0.12349450110461234
two_block,2,queue_aware,2026293800,24,120,0.0,0.23529411764705888,0.0,0.13887662119714025
two_block,2,blind_delay,2026293801,24,120,1.9382171338603509,0.13008232474206036,0.9916666666666667,0.1260262809599956
two_block,2,queue_aware,2026293801,24,120,0.0,0.23529411764705888,0.0,0.13640521092293506
two_block,2,blind_delay,2026293802,24,120,1.9382171338603509,0.13008232474206036,0.9916666666666667,0.1257425260391587
two_block,2,queue_aware,2026293802,24,120,0.0,0.23529411764705888,0.0,0.13635702069020147
two_block,2,blind_delay,2026293803,24,120,1.9382171338603509,0.13008232474206036,0.9916666666666667,0.12580878525708875
two_block,2,queue_aware,2026293803,24,120,0.0,0.23529411764705888,0.0,0.14036825953196158
two_block,2,blind_delay,2026293804,24,120,1.9382171338603509,0.13008232474206036,0.9916666666666667,0.12368550583257096
two_block,2,queue_aware,2026293804,24,120,0.0,0.23529411764705888,0.0,0.1390234631595633
two_block,2,blind_delay,2026293805,24,120,1.9382171338603509,0.13008232474206036,0.9916666666666667,0.12753755547356257
two_block,2,queue_aware,2026293805,24,120,0.0,0.23529411764705888,0.0,0.13827227922292076
two_block,2,blind_delay,2026293806,24,120,1.9382171338603509,0.13008232474206036,0.9916666666666667,0.12336023913486821
two_block,2,queue_aware,2026293806,24,120,0.0,0.23529411764705888,0.0,0.13887081136750468
two_block,2,blind_delay,2026293807,24,120,1.9382171338603509,0.13008232474206036,0.9916666666666667,0.1279706226067124
two_block,2,queue_aware,2026293807,24,120,0.0,0.23529411764705888,0.0,0.1387622711437812
two_block,2,blind_delay,2026293808,24,120,1.9382171338603509,0.13008232474206036,0.9916666666666667,0.12885728940843993
two_block,2,queue_aware,2026293808,24,120,0.0,0.23529411764705888,0.0,0.14004057928335142
two_block,2,blind_delay,2026293809,24,120,1.9382171338603509,0.13008232474206036,0.9916666666666667,0.1245328200440588
two_block,2,queue_aware,2026293809,24,120,0.0,0.23529411764705888,0.0,0.1395625821191103
two_block,2,blind_delay,2026293810,24,120,1.9382171338603509,0.13008232474206036,0.9916666666666667,0.12750158595630307
two_block,2,queue_aware,2026293810,24,120,0.0,0.23529411764705888,0.0,0.14091459452409832
two_block,2,blind_delay,2026293811,24,120,1.9382171338603509,0.13008232474206036,0.9916666666666667,0.12350193219750698
two_block,2,queue_aware,2026293811,24,120,0.0,0.23529411764705888,0.0,0.13603237798390685
two_block,2,blind_delay,2026293812,24,120,1.9382171338603509,0.13008232474206036,0.9916666666666667,0.12428933100884465
two_block,2,queue_aware,2026293812,24,120,0.0,0.23529411764705888,0.0,0.1355759258124173
two_block,2,blind_delay,2026293813,24,120,1.9382171338603509,0.13008232474206036,0.9916666666666667,0.12394216915401003
two_block,2,queue_aware,2026293813,24,120,0.0,0.23529411764705888,0.0,0.1392206349439123
two_block,2,blind_delay,2026293814,24,120,1.9382171338603509,0.13008232474206036,0.9916666666666667,0.12672512137976613
two_block,2,queue_aware,2026293814,24,120,0.0,0.23529411764705888,0.0,0.1408728168221714
two_block,3,blind_delay,2026303800,24,120,1.9382171338603509,0.13008232474206036,1.975,0.11722579908976197
two_block,3,queue_aware,2026303800,24,120,0.0,0.23529411764705888,0.0,0.1375492519278536
two_block,3,blind_delay,2026303801,24,120,1.9382171338603509,0.13008232474206036,1.975,0.11562768614616135
two_block,3,queue_aware,2026303801,24,120,0.0,0.23529411764705888,0.0,0.13619624642129166
two_block,3,blind_delay,2026303802,24,120,1.9382171338603509,0.13008232474206036,1.975,0.10877539606925792
two_block,3,queue_aware,2026303802,24,120,0.0,0.23529411764705888,0.0,0.1381694887244031
two_block,3,blind_delay,2026303803,24,120,1.9382171338603509,0.13008232474206036,1.975,0.1087390370709749
two_block,3,queue_aware,2026303803,24,120,0.0,0.23529411764705888,0.0,0.13858464397221573
two_block,3,blind_delay,2026303804,24,120,1.9382171338603509,0.13008232474206036,1.975,0.10836742440403783
two_block,3,queue_aware,2026303804,24,120,0.0,0.23529411764705888,0.0,0.13804763369726655
two_block,3,blind_delay,2026303805,24,120,1.9382171338603509,0.13008232474206036,1.975,0.11410176712122039
two_block,3,queue_aware,2026303805,24,120,0.0,0.23529411764705888,0.0,0.14048457272245798
two_block,3,blind_delay,2026303806,24,120,1.9382171338603509,0.13008232474206036,1.975,0.116637559089285
two_block,3,queue_aware,2026303806,24,120,0.0,0.23529411764705888,0.0,0.1376097734955506
two_block,3,blind_delay,2026303807,24,120,1.9382171338603509,0.13008232474206036,1.975,0.11634520661828898
two_block,3,queue_aware,2026303807,24,120,0.0,0.23529411764705888,0.0,0.14042162653596169
two_block,3,blind_delay,2026303808,24,120,1.9382171338603509,0.13008232474206036,1.975,0.1173443808506747
two_block,3,queue_aware,2026303808,24,120,0.0,0.23529411764705888,0.0,0.1383241339592384
two_block,3,blind_delay,2026303809,24,120,1.9382171338603509,0.13008232474206036,1.975,0.11794440217682894
two_block,3,queue_aware,2026303809,24,120,0.0,0.23529411764705888,0.0,0.13831969015175424
two_block,3,blind_delay,2026303810,24,120,1.9382171338603509,0.13008232474206036,1.975,0.11121636340821842
two_block,3,queue_aware,2026303810,24,120,0.0,0.23529411764705888,0.0,0.13989048682802133
two_block,3,blind_delay,2026303811,24,120,1.9382171338603509,0.13008232474206036,1.975,0.10714045267520171
two_block,3,queue_aware,2026303811,24,120,0.0,0.23529411764705888,0.0,0.13673228800263415
two_block,3,blind_delay,2026303812,24,120,1.9382171338603509,0.13008232474206036,1.975,0.11188117121771105
two_block,3,queue_aware,2026303812,24,120,0.0,0.23529411764705888,0.0,0.14020969834870042
two_block,3,blind_delay,2026303813,24,120,1.9382171338603509,0.13008232474206036,1.975,0.11697739492204177
two_block,3,queue_aware,2026303813,24,120,0.0,0.23529411764705888,0.0,0.14062797521459025
two_block,3,blind_delay,2026303814,24,120,1.9382171338603509,0.13008232474206036,1.975,0.11741409885807252
two_block,3,queue_aware,2026303814,24,120,0.0,0.23529411764705888,0.0,0.14124784257975997
two_block,5,blind_delay,2026323800,24,120,1.9382171338603509,0.13008232474206036,3.9166666666666665,0.08926799961651452
two_block,5,queue_aware,2026323800,24,120,0.0,0.23529411764705888,0.0,0.13731199495014196
two_block,5,blind_delay,2026323801,24,120,1.9382171338603509,0.13008232474206036,3.9166666666666665,0.10168258369341873
two_block,5,queue_aware,2026323801,24,120,0.0,0.23529411764705888,0.0,0.1399958799890608
two_block,5,blind_delay,2026323802,24,120,1.9382171338603509,0.13008232474206036,3.9166666666666665,0.10288259038051455
two_block,5,queue_aware,2026323802,24,120,0.0,0.23529411764705888,0.0,0.13903474313457817
two_block,5,blind_delay,2026323803,24,120,1.9382171338603509,0.13008232474206036,3.9166666666666665,0.09898529305946614
two_block,5,queue_aware,2026323803,24,120,0.0,0.23529411764705888,0.0,0.13560216999136818
two_block,5,blind_delay,2026323804,24,120,1.9382171338603509,0.13008232474206036,3.9166666666666665,0.09358392600087526
two_block,5,queue_aware,2026323804,24,120,0.0,0.23529411764705888,0.0,0.14088669080354338
two_block,5,blind_delay,2026323805,24,120,1.9382171338603509,0.13008232474206036,3.9166666666666665,0.09855739161329703
two_block,5,queue_aware,2026323805,24,120,0.0,0.23529411764705888,0.0,0.13543424874519855
two_block,5,blind_delay,2026323806,24,120,1.9382171338603509,0.13008232474206036,3.9166666666666665,0.08869883168475685
two_block,5,queue_aware,2026323806,24,120,0.0,0.23529411764705888,0.0,0.1378857769309335
two_block,5,blind_delay,2026323807,24,120,1.9382171338603509,0.13008232474206036,3.9166666666666665,0.09671506706093283
two_block,5,queue_aware,2026323807,24,120,0.0,0.23529411764705888,0.0,0.1353586546726166
two_block,5,blind_delay,2026323808,24,120,1.9382171338603509,0.13008232474206036,3.9166666666666665,0.10126829134167718
two_block,5,queue_aware,2026323808,24,120,0.0,0.23529411764705888,0.0,0.14090188372186935
two_block,5,blind_delay,2026323809,24,120,1.9382171338603509,0.13008232474206036,3.9166666666666665,0.10048182278571802
two_block,5,queue_aware,2026323809,24,120,0.0,0.23529411764705888,0.0,0.1360871515333334
two_block,5,blind_delay,2026323810,24,120,1.9382171338603509,0.13008232474206036,3.9166666666666665,0.09765934870800176
two_block,5,queue_aware,2026323810,24,120,0.0,0.23529411764705888,0.0,0.13528397679703597
two_block,5,blind_delay,2026323811,24,120,1.9382171338603509,0.13008232474206036,3.9166666666666665,0.09955736172918117
two_block,5,queue_aware,2026323811,24,120,0.0,0.23529411764705888,0.0,0.14034158793701046
two_block,5,blind_delay,2026323812,24,120,1.9382171338603509,0.13008232474206036,3.9166666666666665,0.10001837176218838
two_block,5,queue_aware,2026323812,24,120,0.0,0.23529411764705888,0.0,0.13934795900166508
two_block,5,blind_delay,2026323813,24,120,1.9382171338603509,0.13008232474206036,3.9166666666666665,0.10186508433723773
two_block,5,queue_aware,2026323813,24,120,0.0,0.23529411764705888,0.0,0.14058747277869615
two_block,5,blind_delay,2026323814,24,120,1.9382171338603509,0.13008232474206036,3.9166666666666665,0.08969420906275269
two_block,5,queue_aware,2026323814,24,120,0.0,0.23529411764705888,0.0,0.13932924657308068
