delay,policy,seed,agents,rounds,mean_spectral_edge,p95_spectral_edge,mean_abs_spectral_edge,mean_loop_residual,p95_loop_residual,mean_resolvent_norm,mean_single_entry_delta_m,mean_stability_proxy,mean_delta_to_proxy_ratio,mean_derivative_relative_error,mean_receipt_age,mean_disagreement,max_disagreement,spectral_edge_exceedance_rate,state_overshoot_count,high_age_tail,high_loop_tail,high_disagreement_tail
0,blind_delay,2026073600,24,180,0.0,0.0,0.0,0.23529411764705885,0.23529411764705888,0.48507125007266605,0.0,0.0,0.0,0.0,0.0,0.35872971347032395,0.6714516285353318,0.0,0,0,1,0
0,queue_aware,2026073600,24,180,0.0,0.0,0.0,0.23529411764705885,0.23529411764705888,0.48507125007266605,0.0,0.0,0.0,0.0,0.0,0.35872971347032395,0.6714516285353318,0.0,0,0,1,0
0,blind_delay,2026073601,24,180,0.0,0.0,0.0,0.23529411764705885,0.23529411764705888,0.48507125007266605,0.0,0.0,0.0,0.0,0.0,0.35367998193034567,0.6133926272942987,0.0,0,0,1,0
0,queue_aware,2026073601,24,180,0.0,0.0,0.0,0.23529411764705885,0.23529411764705888,0.48507125007266605,0.0,0.0,0.0,0.0,0.0,0.35367998193034567,0.6133926272942987,0.0,0,0,1,0
0,blind_delay,2026073602,24,180,0.0,0.0,0.0,0.23529411764705885,0.23529411764705888,0.48507125007266605,0.0,0.0,0.0,0.0,0.0,0.37135641631685146,0.812168917201046,0.0,0,0,1,0
0,queue_aware,2026073602,24,180,0.0,0.0,0.0,0.23529411764705885,0.23529411764705888,0.48507125007266605,0.0,0.0,0.0,0.0,0.0,0.37135641631685146,0.812168917201046,0.0,0,0,1,0
0,blind_delay,2026073603,24,180,0.0,0.0,0.0,0.23529411764705885,0.23529411764705888,0.48507125007266605,0.0,0.0,0.0,0.0,0.0,0.3671813218626593,0.7895160819400067,0.0,0,0,1,0
0,queue_aware,2026073603,24,180,0.0,0.0,0.0,0.23529411764705885,0.23529411764705888,0.48507125007266605,0.0,0.0,0.0,0.0,0.0,0.3671813218626593,0.7895160819400067,0.0,0,0,1,0
0,blind_delay,2026073604,24,180,0.0,0.0,0.0,0.23529411764705885,0.23529411764705888,0.48507125007266605,0.0,0.0,0.0,0.0,0.0,0.3539776062761565,0.7174390078388769,0.0,0,0,1,0
0,queue_aware,2026073604,24,180,0.0,0.0,0.0,0.23529411764705885,0.23529411764705888,0.48507125007266605,0.0,0.0,0.0,0.0,0.0,0.3539776062761565,0.7174390078388769,0.0,0,0,1,0
0,blind_delay,2026073605,24,180,0.0,0.0,0.0,0.23529411764705885,0.23529411764705888,0.48507125007266605,0.0,0.0,0.0,0.0,0.0,0.36532256310302924,0.7503802283124278,0.0,0,0,1,0
0,queue_aware,2026073605,24,180,0.0,0.0,0.0,0.23529411764705885,0.23529411764705888,0.48507125007266605,0.0,0.0,0.0,0.0,0.0,0.36532256310302924,0.7503802283124278,0.0,0,0,1,0
0,blind_delay,2026073606,24,180,0.0,0.0,0.0,0.23529411764705885,0.23529411764705888,0.48507125007266605,0.0,0.0,0.0,0.0,0.0,0.3611904454892139,0.7733458026493589,0.0,0,0,1,0
0,queue_aware,2026073606,24,180,0.0,0.0,0.0,0.23529411764705885,0.23529411764705888,0.48507125007266605,0.0,0.0,0.0,0.0,0.0,0.3611904454892139,0.7733458026493589,0.0,0,0,1,0
0,blind_delay,2026073607,24,180,0.0,0.0,0.0,0.23529411764705885,0.23529411764705888,0.48507125007266605,0.0,0.0,0.0,0.0,0.0,0.367298712821269,0.8028095945097755,0.0,0,0,1,0
0,queue_aware,2026073607,24,180,0.0,0.0,0.0,0.23529411764705885,0.23529411764705888,0.48507125007266605,0.0,0.0,0.0,0.0,0.0,0.367298712821269,0.8028095945097755,0.0,0,0,1,0
0,blind_delay,2026073608,24,180,0.0,0.0,0.0,0.23529411764705885,0.23529411764705888,0.48507125007266605,0.0,0.0,0.0,0.0,0.0,0.3538548989355379,0.6047413738627921,0.0,0,0,1,0
0,queue_aware,2026073608,24,180,0.0,0.0,0.0,0.23529411764705885,0.23529411764705888,0.48507125007266605,0.0,0.0,0.0,0.0,0.0,0.3538548989355379,0.6047413738627921,0.0,0,0,1,0
0,blind_delay,2026073609,24,180,0.0,0.0,0.0,0.23529411764705885,0.23529411764705888,0.48507125007266605,0.0,0.0,0.0,0.0,0.0,0.36639754193463975,0.7645010070612939,0.0,0,0,1,0
0,queue_aware,2026073609,24,180,0.0,0.0,0.0,0.23529411764705885,0.23529411764705888,0.48507125007266605,0.0,0.0,0.0,0.0,0.0,0.36639754193463975,0.7645010070612939,0.0,0,0,1,0
0,blind_delay,2026073610,24,180,0.0,0.0,0.0,0.23529411764705885,0.23529411764705888,0.48507125007266605,0.0,0.0,0.0,0.0,0.0,0.357015704164306,0.6521757242053013,0.0,0,0,1,0
0,queue_aware,2026073610,24,180,0.0,0.0,0.0,0.23529411764705885,0.23529411764705888,0.48507125007266605,0.0,0.0,0.0,0.0,0.0,0.357015704164306,0.6521757242053013,0.0,0,0,1,0
0,blind_delay,2026073611,24,180,0.0,0.0,0.0,0.23529411764705885,0.23529411764705888,0.48507125007266605,0.0,0.0,0.0,0.0,0.0,0.35064368662751644,0.5338829469032099,0.0,0,0,1,0
0,queue_aware,2026073611,24,180,0.0,0.0,0.0,0.23529411764705885,0.23529411764705888,0.48507125007266605,0.0,0.0,0.0,0.0,0.0,0.35064368662751644,0.5338829469032099,0.0,0,0,1,0
0,blind_delay,2026073612,24,180,0.0,0.0,0.0,0.23529411764705885,0.23529411764705888,0.48507125007266605,0.0,0.0,0.0,0.0,0.0,0.3554093548992959,0.6316800027457984,0.0,0,0,1,0
0,queue_aware,2026073612,24,180,0.0,0.0,0.0,0.23529411764705885,0.23529411764705888,0.48507125007266605,0.0,0.0,0.0,0.0,0.0,0.3554093548992959,0.6316800027457984,0.0,0,0,1,0
0,blind_delay,2026073613,24,180,0.0,0.0,0.0,0.23529411764705885,0.23529411764705888,0.48507125007266605,0.0,0.0,0.0,0.0,0.0,0.3481239814846768,0.660892888991345,0.0,0,0,1,0
0,queue_aware,2026073613,24,180,0.0,0.0,0.0,0.23529411764705885,0.23529411764705888,0.48507125007266605,0.0,0.0,0.0,0.0,0.0,0.3481239814846768,0.660892888991345,0.0,0,0,1,0
0,blind_delay,2026073614,24,180,0.0,0.0,0.0,0.23529411764705885,0.23529411764705888,0.48507125007266605,0.0,0.0,0.0,0.0,0.0,0.3698303670912773,0.7903798021651468,0.0,0,0,1,0
0,queue_aware,2026073614,24,180,0.0,0.0,0.0,0.23529411764705885,0.23529411764705888,0.48507125007266605,0.0,0.0,0.0,0.0,0.0,0.3698303670912773,0.7903798021651468,0.0,0,0,1,0
0,blind_delay,2026073615,24,180,0.0,0.0,0.0,0.23529411764705885,0.23529411764705888,0.48507125007266605,0.0,0.0,0.0,0.0,0.0,0.3496991056227635,0.6808279578080675,0.0,0,0,1,0
0,queue_aware,2026073615,24,180,0.0,0.0,0.0,0.23529411764705885,0.23529411764705888,0.48507125007266605,0.0,0.0,0.0,0.0,0.0,0.3496991056227635,0.6808279578080675,0.0,0,0,1,0
0,blind_delay,2026073616,24,180,0.0,0.0,0.0,0.23529411764705885,0.23529411764705888,0.48507125007266605,0.0,0.0,0.0,0.0,0.0,0.3676562963495689,0.7736655987534001,0.0,0,0,1,0
0,queue_aware,2026073616,24,180,0.0,0.0,0.0,0.23529411764705885,0.23529411764705888,0.48507125007266605,0.0,0.0,0.0,0.0,0.0,0.3676562963495689,0.7736655987534001,0.0,0,0,1,0
0,blind_delay,2026073617,24,180,0.0,0.0,0.0,0.23529411764705885,0.23529411764705888,0.48507125007266605,0.0,0.0,0.0,0.0,0.0,0.35621457599091666,0.7141653786317722,0.0,0,0,1,0
0,queue_aware,2026073617,24,180,0.0,0.0,0.0,0.23529411764705885,0.23529411764705888,0.48507125007266605,0.0,0.0,0.0,0.0,0.0,0.35621457599091666,0.7141653786317722,0.0,0,0,1,0
0,blind_delay,2026073618,24,180,0.0,0.0,0.0,0.23529411764705885,0.23529411764705888,0.48507125007266605,0.0,0.0,0.0,0.0,0.0,0.36458449309484336,0.7952461598299826,0.0,0,0,1,0
0,queue_aware,2026073618,24,180,0.0,0.0,0.0,0.23529411764705885,0.23529411764705888,0.48507125007266605,0.0,0.0,0.0,0.0,0.0,0.36458449309484336,0.7952461598299826,0.0,0,0,1,0
0,blind_delay,2026073619,24,180,0.0,0.0,0.0,0.23529411764705885,0.23529411764705888,0.48507125007266605,0.0,0.0,0.0,0.0,0.0,0.3525241199892253,0.593795025744399,0.0,0,0,1,0
0,queue_aware,2026073619,24,180,0.0,0.0,0.0,0.23529411764705885,0.23529411764705888,0.48507125007266605,0.0,0.0,0.0,0.0,0.0,0.3525241199892253,0.593795025744399,0.0,0,0,1,0
0,blind_delay,2026073620,24,180,0.0,0.0,0.0,0.23529411764705885,0.23529411764705888,0.48507125007266605,0.0,0.0,0.0,0.0,0.0,0.3495431654220391,0.5364603727368519,0.0,0,0,1,0
0,queue_aware,2026073620,24,180,0.0,0.0,0.0,0.23529411764705885,0.23529411764705888,0.48507125007266605,0.0,0.0,0.0,0.0,0.0,0.3495431654220391,0.5364603727368519,0.0,0,0,1,0
0,blind_delay,2026073621,24,180,0.0,0.0,0.0,0.23529411764705885,0.23529411764705888,0.48507125007266605,0.0,0.0,0.0,0.0,0.0,0.36067350857375124,0.7691599927838128,0.0,0,0,1,0
0,queue_aware,2026073621,24,180,0.0,0.0,0.0,0.23529411764705885,0.23529411764705888,0.48507125007266605,0.0,0.0,0.0,0.0,0.0,0.36067350857375124,0.7691599927838128,0.0,0,0,1,0
0,blind_delay,2026073622,24,180,0.0,0.0,0.0,0.23529411764705885,0.23529411764705888,0.48507125007266605,0.0,0.0,0.0,0.0,0.0,0.3687869134093497,0.8089738594738476,0.0,0,0,1,0
0,queue_aware,2026073622,24,180,0.0,0.0,0.0,0.23529411764705885,0.23529411764705888,0.48507125007266605,0.0,0.0,0.0,0.0,0.0,0.3687869134093497,0.8089738594738476,0.0,0,0,1,0
0,blind_delay,2026073623,24,180,0.0,0.0,0.0,0.23529411764705885,0.23529411764705888,0.48507125007266605,0.0,0.0,0.0,0.0,0.0,0.36684822942561013,0.7535474074703852,0.0,0,0,1,0
0,queue_aware,2026073623,24,180,0.0,0.0,0.0,0.23529411764705885,0.23529411764705888,0.48507125007266605,0.0,0.0,0.0,0.0,0.0,0.36684822942561013,0.7535474074703852,0.0,0,0,1,0
0,blind_delay,2026073624,24,180,0.0,0.0,0.0,0.23529411764705885,0.23529411764705888,0.48507125007266605,0.0,0.0,0.0,0.0,0.0,0.34801554545755853,0.5541039355386802,0.0,0,0,1,0
0,queue_aware,2026073624,24,180,0.0,0.0,0.0,0.23529411764705885,0.23529411764705888,0.48507125007266605,0.0,0.0,0.0,0.0,0.0,0.34801554545755853,0.5541039355386802,0.0,0,0,1,0
0,blind_delay,2026073625,24,180,0.0,0.0,0.0,0.23529411764705885,0.23529411764705888,0.48507125007266605,0.0,0.0,0.0,0.0,0.0,0.3660438853990949,0.7835404270393225,0.0,0,0,1,0
0,queue_aware,2026073625,24,180,0.0,0.0,0.0,0.23529411764705885,0.23529411764705888,0.48507125007266605,0.0,0.0,0.0,0.0,0.0,0.3660438853990949,0.7835404270393225,0.0,0,0,1,0
0,blind_delay,2026073626,24,180,0.0,0.0,0.0,0.23529411764705885,0.23529411764705888,0.48507125007266605,0.0,0.0,0.0,0.0,0.0,0.35754975274214956,0.6857432592862713,0.0,0,0,1,0
0,queue_aware,2026073626,24,180,0.0,0.0,0.0,0.23529411764705885,0.23529411764705888,0.48507125007266605,0.0,0.0,0.0,0.0,0.0,0.35754975274214956,0.6857432592862713,0.0,0,0,1,0
0,blind_delay,2026073627,24,180,0.0,0.0,0.0,0.23529411764705885,0.23529411764705888,0.48507125007266605,0.0,0.0,0.0,0.0,0.0,0.35214478628643275,0.6050982680839752,0.0,0,0,1,0
0,queue_aware,2026073627,24,180,0.0,0.0,0.0,0.23529411764705885,0.23529411764705888,0.48507125007266605,0.0,0.0,0.0,0.0,0.0,0.35214478628643275,0.6050982680839752,0.0,0,0,1,0
0,blind_delay,2026073628,24,180,0.0,0.0,0.0,0.23529411764705885,0.23529411764705888,0.48507125007266605,0.0,0.0,0.0,0.0,0.0,0.3720463214675691,0.8316665379278754,0.0,0,0,1,1
0,queue_aware,2026073628,24,180,0.0,0.0,0.0,0.23529411764705885,0.23529411764705888,0.48507125007266605,0.0,0.0,0.0,0.0,0.0,0.3720463214675691,0.8316665379278754,0.0,0,0,1,1
0,blind_delay,2026073629,24,180,0.0,0.0,0.0,0.23529411764705885,0.23529411764705888,0.48507125007266605,0.0,0.0,0.0,0.0,0.0,0.3495320278499871,0.5569914003801872,0.0,0,0,1,0
0,queue_aware,2026073629,24,180,0.0,0.0,0.0,0.23529411764705885,0.23529411764705888,0.48507125007266605,0.0,0.0,0.0,0.0,0.0,0.3495320278499871,0.5569914003801872,0.0,0,0,1,0
1,blind_delay,2026083600,24,180,0.0,0.0,0.0,0.23529411764705885,0.23529411764705888,0.48507125007266605,0.0,0.0,0.0,0.0,0.0,0.34892895679415004,0.6745386111314762,0.0,0,0,1,0
1,queue_aware,2026083600,24,180,0.0,0.0,0.0,0.23529411764705885,0.23529411764705888,0.48507125007266605,0.0,0.0,0.0,0.0,0.0,0.34892895679415004,0.6745386111314762,0.0,0,0,1,0
1,blind_delay,2026083601,24,180,0.0,0.0,0.0,0.23529411764705885,0.23529411764705888,0.48507125007266605,0.0,0.0,0.0,0.0,0.0,0.3718574390393511,0.8295713413606204,0.0,0,0,1,1
1,queue_aware,2026083601,24,180,0.0,0.0,0.0,0.23529411764705885,0.23529411764705888,0.48507125007266605,0.0,0.0,0.0,0.0,0.0,0.3718574390393511,0.8295713413606204,0.0,0,0,1,1
1,blind_delay,2026083602,24,180,0.0,0.0,0.0,0.23529411764705885,0.23529411764705888,0.48507125007266605,0.0,0.0,0.0,0.0,0.0,0.3671266984136713,0.7934926077289799,0.0,0,0,1,0
1,queue_aware,2026083602,24,180,0.0,0.0,0.0,0.23529411764705885,0.23529411764705888,0.48507125007266605,0.0,0.0,0.0,0.0,0.0,0.3671266984136713,0.7934926077289799,0.0,0,0,1,0
1,blind_delay,2026083603,24,180,0.0,0.0,0.0,0.23529411764705885,0.23529411764705888,0.48507125007266605,0.0,0.0,0.0,0.0,0.0,0.3484526283968817,0.5444005546224934,0.0,0,0,1,0
1,queue_aware,2026083603,24,180,0.0,0.0,0.0,0.23529411764705885,0.23529411764705888,0.48507125007266605,0.0,0.0,0.0,0.0,0.0,0.3484526283968817,0.5444005546224934,0.0,0,0,1,0
1,blind_delay,2026083604,24,180,0.0,0.0,0.0,0.23529411764705885,0.23529411764705888,0.48507125007266605,0.0,0.0,0.0,0.0,0.0,0.37003997511232256,0.8155942053851133,0.0,0,0,1,1
1,queue_aware,2026083604,24,180,0.0,0.0,0.0,0.23529411764705885,0.23529411764705888,0.48507125007266605,0.0,0.0,0.0,0.0,0.0,0.37003997511232256,0.8155942053851133,0.0,0,0,1,1
1,blind_delay,2026083605,24,180,0.0,0.0,0.0,0.23529411764705885,0.23529411764705888,0.48507125007266605,0.0,0.0,0.0,0.0,0.0,0.35062425742741815,0.6679506145170648,0.0,0,0,1,0
1,queue_aware,2026083605,24,180,0.0,0.0,0.0,0.23529411764705885,0.23529411764705888,0.48507125007266605,0.0,0.0,0.0,0.0,0.0,0.35062425742741815,0.6679506145170648,0.0,0,0,1,0
1,blind_delay,2026083606,24,180,0.0,0.0,0.0,0.23529411764705885,0.23529411764705888,0.48507125007266605,0.0,0.0,0.0,0.0,0.0,0.3610273695858257,0.6822637426419553,0.0,0,0,1,0
1,queue_aware,2026083606,24,180,0.0,0.0,0.0,0.23529411764705885,0.23529411764705888,0.48507125007266605,0.0,0.0,0.0,0.0,0.0,0.3610273695858257,0.6822637426419553,0.0,0,0,1,0
1,blind_delay,2026083607,24,180,0.0,0.0,0.0,0.23529411764705885,0.23529411764705888,0.48507125007266605,0.0,0.0,0.0,0.0,0.0,0.34881938636296356,0.5875188832997273,0.0,0,0,1,0
1,queue_aware,2026083607,24,180,0.0,0.0,0.0,0.23529411764705885,0.23529411764705888,0.48507125007266605,0.0,0.0,0.0,0.0,0.0,0.34881938636296356,0.5875188832997273,0.0,0,0,1,0
1,blind_delay,2026083608,24,180,0.0,0.0,0.0,0.23529411764705885,0.23529411764705888,0.48507125007266605,0.0,0.0,0.0,0.0,0.0,0.3514834911178596,0.5752582633675088,0.0,0,0,1,0
1,queue_aware,2026083608,24,180,0.0,0.0,0.0,0.23529411764705885,0.23529411764705888,0.48507125007266605,0.0,0.0,0.0,0.0,0.0,0.3514834911178596,0.5752582633675088,0.0,0,0,1,0
1,blind_delay,2026083609,24,180,0.0,0.0,0.0,0.23529411764705885,0.23529411764705888,0.48507125007266605,0.0,0.0,0.0,0.0,0.0,0.34905709324417405,0.6162827619785303,0.0,0,0,1,0
1,queue_aware,2026083609,24,180,0.0,0.0,0.0,0.23529411764705885,0.23529411764705888,0.48507125007266605,0.0,0.0,0.0,0.0,0.0,0.34905709324417405,0.6162827619785303,0.0,0,0,1,0
1,blind_delay,2026083610,24,180,0.0,0.0,0.0,0.23529411764705885,0.23529411764705888,0.48507125007266605,0.0,0.0,0.0,0.0,0.0,0.36233793182834506,0.781132412697822,0.0,0,0,1,0
1,queue_aware,2026083610,24,180,0.0,0.0,0.0,0.23529411764705885,0.23529411764705888,0.48507125007266605,0.0,0.0,0.0,0.0,0.0,0.36233793182834506,0.781132412697822,0.0,0,0,1,0
1,blind_delay,2026083611,24,180,0.0,0.0,0.0,0.23529411764705885,0.23529411764705888,0.48507125007266605,0.0,0.0,0.0,0.0,0.0,0.3499278656913699,0.5348956016443737,0.0,0,0,1,0
1,queue_aware,2026083611,24,180,0.0,0.0,0.0,0.23529411764705885,0.23529411764705888,0.48507125007266605,0.0,0.0,0.0,0.0,0.0,0.3499278656913699,0.5348956016443737,0.0,0,0,1,0
1,blind_delay,2026083612,24,180,0.0,0.0,0.0,0.23529411764705885,0.23529411764705888,0.48507125007266605,0.0,0.0,0.0,0.0,0.0,0.3661779745852823,0.8015312483733167,0.0,0,0,1,0
1,queue_aware,2026083612,24,180,0.0,0.0,0.0,0.23529411764705885,0.23529411764705888,0.48507125007266605,0.0,0.0,0.0,0.0,0.0,0.3661779745852823,0.8015312483733167,0.0,0,0,1,0
1,blind_delay,2026083613,24,180,0.0,0.0,0.0,0.23529411764705885,0.23529411764705888,0.48507125007266605,0.0,0.0,0.0,0.0,0.0,0.351515423757454,0.6796053169026685,0.0,0,0,1,0
1,queue_aware,2026083613,24,180,0.0,0.0,0.0,0.23529411764705885,0.23529411764705888,0.48507125007266605,0.0,0.0,0.0,0.0,0.0,0.351515423757454,0.6796053169026685,0.0,0,0,1,0
1,blind_delay,2026083614,24,180,0.0,0.0,0.0,0.23529411764705885,0.23529411764705888,0.48507125007266605,0.0,0.0,0.0,0.0,0.0,0.3523102230458316,0.5822851437028188,0.0,0,0,1,0
1,queue_aware,2026083614,24,180,0.0,0.0,0.0,0.23529411764705885,0.23529411764705888,0.48507125007266605,0.0,0.0,0.0,0.0,0.0,0.3523102230458316,0.5822851437028188,0.0,0,0,1,0
1,blind_delay,2026083615,24,180,0.0,0.0,0.0,0.23529411764705885,0.23529411764705888,0.48507125007266605,0.0,0.0,0.0,0.0,0.0,0.36616598722967714,0.753271531544706,0.0,0,0,1,0
1,queue_aware,2026083615,24,180,0.0,0.0,0.0,0.23529411764705885,0.23529411764705888,0.48507125007266605,0.0,0.0,0.0,0.0,0.0,0.36616598722967714,0.753271531544706,0.0,0,0,1,0
1,blind_delay,2026083616,24,180,0.0,0.0,0.0,0.23529411764705885,0.23529411764705888,0.48507125007266605,0.0,0.0,0.0,0.0,0.0,0.3657571412681265,0.8035005954735268,0.0,0,0,1,0
1,queue_aware,2026083616,24,180,0.0,0.0,0.0,0.23529411764705885,0.23529411764705888,0.48507125007266605,0.0,0.0,0.0,0.0,0.0,0.3657571412681265,0.8035005954735268,0.0,0,0,1,0
1,blind_delay,2026083617,24,180,0.0,0.0,0.0,0.23529411764705885,0.23529411764705888,0.48507125007266605,0.0,0.0,0.0,0.0,0.0,0.35232941445946203,0.5906498055516337,0.0,0,0,1,0
1,queue_aware,2026083617,24,180,0.0,0.0,0.0,0.23529411764705885,0.23529411764705888,0.48507125007266605,0.0,0.0,0.0,0.0,0.0,0.35232941445946203,0.5906498055516337,0.0,0,0,1,0
1,blind_delay,2026083618,24,180,0.0,0.0,0.0,0.23529411764705885,0.23529411764705888,0.48507125007266605,0.0,0.0,0.0,0.0,0.0,0.3533405675216315,0.6236419301867737,0.0,0,0,1,0
1,queue_aware,2026083618,24,180,0.0,0.0,0.0,0.23529411764705885,0.23529411764705888,0.48507125007266605,0.0,0.0,0.0,0.0,0.0,0.3533405675216315,0.6236419301867737,0.0,0,0,1,0
1,blind_delay,2026083619,24,180,0.0,0.0,0.0,0.23529411764705885,0.23529411764705888,0.48507125007266605,0.0,0.0,0.0,0.0,0.0,0.36727023018422666,0.8104640749112705,0.0,0,0,1,0
1,queue_aware,2026083619,24,180,0.0,0.0,0.0,0.23529411764705885,0.23529411764705888,0.48507125007266605,0.0,0.0,0.0,0.0,0.0,0.36727023018422666,0.8104640749112705,0.0,0,0,1,0
1,blind_delay,2026083620,24,180,0.0,0.0,0.0,0.23529411764705885,0.23529411764705888,0.48507125007266605,0.0,0.0,0.0,0.0,0.0,0.34905516908624656,0.6439015336868409,0.0,0,0,1,0
1,queue_aware,2026083620,24,180,0.0,0.0,0.0,0.23529411764705885,0.23529411764705888,0.48507125007266605,0.0,0.0,0.0,0.0,0.0,0.34905516908624656,0.6439015336868409,0.0,0,0,1,0
1,blind_delay,2026083621,24,180,0.0,0.0,0.0,0.23529411764705885,0.23529411764705888,0.48507125007266605,0.0,0.0,0.0,0.0,0.0,0.3681667652044382,0.7955955184067177,0.0,0,0,1,0
1,queue_aware,2026083621,24,180,0.0,0.0,0.0,0.23529411764705885,0.23529411764705888,0.48507125007266605,0.0,0.0,0.0,0.0,0.0,0.3681667652044382,0.7955955184067177,0.0,0,0,1,0
1,blind_delay,2026083622,24,180,0.0,0.0,0.0,0.23529411764705885,0.23529411764705888,0.48507125007266605,0.0,0.0,0.0,0.0,0.0,0.3509695947876736,0.6937899787340903,0.0,0,0,1,0
1,queue_aware,2026083622,24,180,0.0,0.0,0.0,0.23529411764705885,0.23529411764705888,0.48507125007266605,0.0,0.0,0.0,0.0,0.0,0.3509695947876736,0.6937899787340903,0.0,0,0,1,0
1,blind_delay,2026083623,24,180,0.0,0.0,0.0,0.23529411764705885,0.23529411764705888,0.48507125007266605,0.0,0.0,0.0,0.0,0.0,0.35943992653212464,0.689097807818502,0.0,0,0,1,0
1,queue_aware,2026083623,24,180,0.0,0.0,0.0,0.23529411764705885,0.23529411764705888,0.48507125007266605,0.0,0.0,0.0,0.0,0.0,0.35943992653212464,0.689097807818502,0.0,0,0,1,0
1,blind_delay,2026083624,24,180,0.0,0.0,0.0,0.23529411764705885,0.23529411764705888,0.48507125007266605,0.0,0.0,0.0,0.0,0.0,0.36883887252346725,0.8176890095486377,0.0,0,0,1,1
1,queue_aware,2026083624,24,180,0.0,0.0,0.0,0.23529411764705885,0.23529411764705888,0.48507125007266605,0.0,0.0,0.0,0.0,0.0,0.36883887252346725,0.8176890095486377,0.0,0,0,1,1
1,blind_delay,2026083625,24,180,0.0,0.0,0.0,0.23529411764705885,0.23529411764705888,0.48507125007266605,0.0,0.0,0.0,0.0,0.0,0.3527205902623008,0.5824692430874778,0.0,0,0,1,0
1,queue_aware,2026083625,24,180,0.0,0.0,0.0,0.23529411764705885,0.23529411764705888,0.48507125007266605,0.0,0.0,0.0,0.0,0.0,0.3527205902623008,0.5824692430874778,0.0,0,0,1,0
1,blind_delay,2026083626,24,180,0.0,0.0,0.0,0.23529411764705885,0.23529411764705888,0.48507125007266605,0.0,0.0,0.0,0.0,0.0,0.3695812809076803,0.8135873608623632,0.0,0,0,1,1
1,queue_aware,2026083626,24,180,0.0,0.0,0.0,0.23529411764705885,0.23529411764705888,0.48507125007266605,0.0,0.0,0.0,0.0,0.0,0.3695812809076803,0.8135873608623632,0.0,0,0,1,1
1,blind_delay,2026083627,24,180,0.0,0.0,0.0,0.23529411764705885,0.23529411764705888,0.48507125007266605,0.0,0.0,0.0,0.0,0.0,0.36871270755656077,0.8135713530463784,0.0,0,0,1,0
1,queue_aware,2026083627,24,180,0.0,0.0,0.0,0.23529411764705885,0.23529411764705888,0.48507125007266605,0.0,0.0,0.0,0.0,0.0,0.36871270755656077,0.8135713530463784,0.0,0,0,1,0
1,blind_delay,2026083628,24,180,0.0,0.0,0.0,0.23529411764705885,0.23529411764705888,0.48507125007266605,0.0,0.0,0.0,0.0,0.0,0.36611460934137485,0.8046786126457862,0.0,0,0,1,0
1,queue_aware,2026083628,24,180,0.0,0.0,0.0,0.23529411764705885,0.23529411764705888,0.48507125007266605,0.0,0.0,0.0,0.0,0.0,0.36611460934137485,0.8046786126457862,0.0,0,0,1,0
1,blind_delay,2026083629,24,180,0.0,0.0,0.0,0.23529411764705885,0.23529411764705888,0.48507125007266605,0.0,0.0,0.0,0.0,0.0,0.36428936401801976,0.7380209294449701,0.0,0,0,1,0
1,queue_aware,2026083629,24,180,0.0,0.0,0.0,0.23529411764705885,0.23529411764705888,0.48507125007266605,0.0,0.0,0.0,0.0,0.0,0.36428936401801976,0.7380209294449701,0.0,0,0,1,0
2,blind_delay,2026093600,24,180,1.454364115589145,1.4624890547823803,1.454364115589145,0.04963164936503011,0.048594428871834426,0.609583032206351,0.0002689028823939539,0.0461380664542255,0.005795842739900405,8.514328338410204e-05,0.9944444444444445,0.24126221925374453,0.443574105600071,0.0,0,0,0,0
2,queue_aware,2026093600,24,180,0.0,0.0,0.0,0.23529411764705885,0.23529411764705888,0.48507125007266605,0.0,0.0,0.0,0.0,0.0,0.35106730703976763,0.5745499054687047,0.0,0,0,1,0
2,blind_delay,2026093601,24,180,1.454364115589145,1.4624890547823803,1.454364115589145,0.04963164936503011,0.048594428871834426,0.609583032206351,0.0002689028823939539,0.0461380664542255,0.005795842739900405,8.514328338410204e-05,0.9944444444444445,0.24904774838802696,0.4838888119307237,0.0,0,0,0,0
2,queue_aware,2026093601,24,180,0.0,0.0,0.0,0.23529411764705885,0.23529411764705888,0.48507125007266605,0.0,0.0,0.0,0.0,0.0,0.3512452845215839,0.6211012124771053,0.0,0,0,1,0
2,blind_delay,2026093602,24,180,1.454364115589145,1.4624890547823803,1.454364115589145,0.04963164936503011,0.048594428871834426,0.609583032206351,0.0002689028823939539,0.0461380664542255,0.005795842739900405,8.514328338410204e-05,0.9944444444444445,0.26531630131233974,0.6246915142228322,0.0,0,0,0,0
2,queue_aware,2026093602,24,180,0.0,0.0,0.0,0.23529411764705885,0.23529411764705888,0.48507125007266605,0.0,0.0,0.0,0.0,0.0,0.3714606006156257,0.8106553133798768,0.0,0,0,1,0
2,blind_delay,2026093603,24,180,1.454364115589145,1.4624890547823803,1.454364115589145,0.04963164936503011,0.048594428871834426,0.609583032206351,0.0002689028823939539,0.0461380664542255,0.005795842739900405,8.514328338410204e-05,0.9944444444444445,0.2429213290108214,0.4753625092186415,0.0,0,0,0,0
2,queue_aware,2026093603,24,180,0.0,0.0,0.0,0.23529411764705885,0.23529411764705888,0.48507125007266605,0.0,0.0,0.0,0.0,0.0,0.34832855313325545,0.6221265682136723,0.0,0,0,1,0
2,blind_delay,2026093604,24,180,1.454364115589145,1.4624890547823803,1.454364115589145,0.04963164936503011,0.048594428871834426,0.609583032206351,0.0002689028823939539,0.0461380664542255,0.005795842739900405,8.514328338410204e-05,0.9944444444444445,0.25039511811898746,0.5419619641494487,0.0,0,0,0,0
2,queue_aware,2026093604,24,180,0.0,0.0,0.0,0.23529411764705885,0.23529411764705888,0.48507125007266605,0.0,0.0,0.0,0.0,0.0,0.35231939872143286,0.6966172882849717,0.0,0,0,1,0
2,blind_delay,2026093605,24,180,1.454364115589145,1.4624890547823803,1.454364115589145,0.04963164936503011,0.048594428871834426,0.609583032206351,0.0002689028823939539,0.0461380664542255,0.005795842739900405,8.514328338410204e-05,0.9944444444444445,0.25707387201644205,0.6006413532066969,0.0,0,0,0,0
2,queue_aware,2026093605,24,180,0.0,0.0,0.0,0.23529411764705885,0.23529411764705888,0.48507125007266605,0.0,0.0,0.0,0.0,0.0,0.3616643205864448,0.7798305686688008,0.0,0,0,1,0
2,blind_delay,2026093606,24,180,1.454364115589145,1.4624890547823803,1.454364115589145,0.04963164936503011,0.048594428871834426,0.609583032206351,0.0002689028823939539,0.0461380664542255,0.005795842739900405,8.514328338410204e-05,0.9944444444444445,0.25455625227209977,0.5538807165291942,0.0,0,0,0,0
2,queue_aware,2026093606,24,180,0.0,0.0,0.0,0.23529411764705885,0.23529411764705888,0.48507125007266605,0.0,0.0,0.0,0.0,0.0,0.3557794737666994,0.7120053151619337,0.0,0,0,1,0
2,blind_delay,2026093607,24,180,1.454364115589145,1.4624890547823803,1.454364115589145,0.04963164936503011,0.048594428871834426,0.609583032206351,0.0002689028823939539,0.0461380664542255,0.005795842739900405,8.514328338410204e-05,0.9944444444444445,0.2460433525416941,0.523007722845468,0.0,0,0,0,0
2,queue_aware,2026093607,24,180,0.0,0.0,0.0,0.23529411764705885,0.23529411764705888,0.48507125007266605,0.0,0.0,0.0,0.0,0.0,0.3501103936332161,0.6798521994366215,0.0,0,0,1,0
2,blind_delay,2026093608,24,180,1.454364115589145,1.4624890547823803,1.454364115589145,0.04963164936503011,0.048594428871834426,0.609583032206351,0.0002689028823939539,0.0461380664542255,0.005795842739900405,8.514328338410204e-05,0.9944444444444445,0.26447336876036687,0.6319516803721861,0.0,0,0,0,0
2,queue_aware,2026093608,24,180,0.0,0.0,0.0,0.23529411764705885,0.23529411764705888,0.48507125007266605,0.0,0.0,0.0,0.0,0.0,0.36905856398589243,0.8181330847405436,0.0,0,0,1,1
2,blind_delay,2026093609,24,180,1.454364115589145,1.4624890547823803,1.454364115589145,0.04963164936503011,0.048594428871834426,0.609583032206351,0.0002689028823939539,0.0461380664542255,0.005795842739900405,8.514328338410204e-05,0.9944444444444445,0.26361981755184305,0.6251711317222628,0.0,0,0,0,0
2,queue_aware,2026093609,24,180,0.0,0.0,0.0,0.23529411764705885,0.23529411764705888,0.48507125007266605,0.0,0.0,0.0,0.0,0.0,0.3707685284600312,0.8136800447976706,0.0,0,0,1,1
2,blind_delay,2026093610,24,180,1.454364115589145,1.4624890547823803,1.454364115589145,0.04963164936503011,0.048594428871834426,0.609583032206351,0.0002689028823939539,0.0461380664542255,0.005795842739900405,8.514328338410204e-05,0.9944444444444445,0.26328566387301466,0.6300882258265165,0.0,0,0,0,0
2,queue_aware,2026093610,24,180,0.0,0.0,0.0,0.23529411764705885,0.23529411764705888,0.48507125007266605,0.0,0.0,0.0,0.0,0.0,0.36955018623301006,0.8187471038772567,0.0,0,0,1,1
2,blind_delay,2026093611,24,180,1.454364115589145,1.4624890547823803,1.454364115589145,0.04963164936503011,0.048594428871834426,0.609583032206351,0.0002689028823939539,0.0461380664542255,0.005795842739900405,8.514328338410204e-05,0.9944444444444445,0.26178555821291005,0.6221508021759247,0.0,0,0,0,0
2,queue_aware,2026093611,24,180,0.0,0.0,0.0,0.23529411764705885,0.23529411764705888,0.48507125007266605,0.0,0.0,0.0,0.0,0.0,0.3693213310869336,0.813524462105664,0.0,0,0,1,0
2,blind_delay,2026093612,24,180,1.454364115589145,1.4624890547823803,1.454364115589145,0.04963164936503011,0.048594428871834426,0.609583032206351,0.0002689028823939539,0.0461380664542255,0.005795842739900405,8.514328338410204e-05,0.9944444444444445,0.24836922509983933,0.5033712180457904,0.0,0,0,0,0
2,queue_aware,2026093612,24,180,0.0,0.0,0.0,0.23529411764705885,0.23529411764705888,0.48507125007266605,0.0,0.0,0.0,0.0,0.0,0.35125203534951205,0.6507008315338325,0.0,0,0,1,0
2,blind_delay,2026093613,24,180,1.454364115589145,1.4624890547823803,1.454364115589145,0.04963164936503011,0.048594428871834426,0.609583032206351,0.0002689028823939539,0.0461380664542255,0.005795842739900405,8.514328338410204e-05,0.9944444444444445,0.2529915104441871,0.5651518864030868,0.0,0,0,0,0
2,queue_aware,2026093613,24,180,0.0,0.0,0.0,0.23529411764705885,0.23529411764705888,0.48507125007266605,0.0,0.0,0.0,0.0,0.0,0.36370340619189107,0.7423083370284491,0.0,0,0,1,0
2,blind_delay,2026093614,24,180,1.454364115589145,1.4624890547823803,1.454364115589145,0.04963164936503011,0.048594428871834426,0.609583032206351,0.0002689028823939539,0.0461380664542255,0.005795842739900405,8.514328338410204e-05,0.9944444444444445,0.24716401810974314,0.44724090319818044,0.0,0,0,0,0
2,queue_aware,2026093614,24,180,0.0,0.0,0.0,0.23529411764705885,0.23529411764705888,0.48507125007266605,0.0,0.0,0.0,0.0,0.0,0.3526265705289031,0.5565467050428199,0.0,0,0,1,0
2,blind_delay,2026093615,24,180,1.454364115589145,1.4624890547823803,1.454364115589145,0.04963164936503011,0.048594428871834426,0.609583032206351,0.0002689028823939539,0.0461380664542255,0.005795842739900405,8.514328338410204e-05,0.9944444444444445,0.2619596544978297,0.601822398277346,0.0,0,0,0,0
2,queue_aware,2026093615,24,180,0.0,0.0,0.0,0.23529411764705885,0.23529411764705888,0.48507125007266605,0.0,0.0,0.0,0.0,0.0,0.3689951061228308,0.7848440730740096,0.0,0,0,1,0
2,blind_delay,2026093616,24,180,1.454364115589145,1.4624890547823803,1.454364115589145,0.04963164936503011,0.048594428871834426,0.609583032206351,0.0002689028823939539,0.0461380664542255,0.005795842739900405,8.514328338410204e-05,0.9944444444444445,0.2494271999253122,0.5073368998319484,0.0,0,0,0,0
2,queue_aware,2026093616,24,180,0.0,0.0,0.0,0.23529411764705885,0.23529411764705888,0.48507125007266605,0.0,0.0,0.0,0.0,0.0,0.35794601379311247,0.6588884294876508,0.0,0,0,1,0
2,blind_delay,2026093617,24,180,1.454364115589145,1.4624890547823803,1.454364115589145,0.04963164936503011,0.048594428871834426,0.609583032206351,0.0002689028823939539,0.0461380664542255,0.005795842739900405,8.514328338410204e-05,0.9944444444444445,0.24073047982236181,0.43767901275729143,0.0,0,0,0,0
2,queue_aware,2026093617,24,180,0.0,0.0,0.0,0.23529411764705885,0.23529411764705888,0.48507125007266605,0.0,0.0,0.0,0.0,0.0,0.34739823744833936,0.5714018480479289,0.0,0,0,1,0
2,blind_delay,2026093618,24,180,1.454364115589145,1.4624890547823803,1.454364115589145,0.04963164936503011,0.048594428871834426,0.609583032206351,0.0002689028823939539,0.0461380664542255,0.005795842739900405,8.514328338410204e-05,0.9944444444444445,0.2577203171967667,0.6136953744266198,0.0,0,0,0,0
2,queue_aware,2026093618,24,180,0.0,0.0,0.0,0.23529411764705885,0.23529411764705888,0.48507125007266605,0.0,0.0,0.0,0.0,0.0,0.36612309098483486,0.8055788402233177,0.0,0,0,1,0
2,blind_delay,2026093619,24,180,1.454364115589145,1.4624890547823803,1.454364115589145,0.04963164936503011,0.048594428871834426,0.609583032206351,0.0002689028823939539,0.0461380664542255,0.005795842739900405,8.514328338410204e-05,0.9944444444444445,0.26065513319169675,0.6106329107350782,0.0,0,0,0,0
2,queue_aware,2026093619,24,180,0.0,0.0,0.0,0.23529411764705885,0.23529411764705888,0.48507125007266605,0.0,0.0,0.0,0.0,0.0,0.36344178106034253,0.786482524393989,0.0,0,0,1,0
2,blind_delay,2026093620,24,180,1.454364115589145,1.4624890547823803,1.454364115589145,0.04963164936503011,0.048594428871834426,0.609583032206351,0.0002689028823939539,0.0461380664542255,0.005795842739900405,8.514328338410204e-05,0.9944444444444445,0.24378632373164247,0.5055059472949689,0.0,0,0,0,0
2,queue_aware,2026093620,24,180,0.0,0.0,0.0,0.23529411764705885,0.23529411764705888,0.48507125007266605,0.0,0.0,0.0,0.0,0.0,0.34901465072649257,0.6618216139488354,0.0,0,0,1,0
2,blind_delay,2026093621,24,180,1.454364115589145,1.4624890547823803,1.454364115589145,0.04963164936503011,0.048594428871834426,0.609583032206351,0.0002689028823939539,0.0461380664542255,0.005795842739900405,8.514328338410204e-05,0.9944444444444445,0.24786239555615142,0.4664971126700674,0.0,0,0,0,0
2,queue_aware,2026093621,24,180,0.0,0.0,0.0,0.23529411764705885,0.23529411764705888,0.48507125007266605,0.0,0.0,0.0,0.0,0.0,0.35091214934222636,0.5999271403379128,0.0,0,0,1,0
2,blind_delay,2026093622,24,180,1.454364115589145,1.4624890547823803,1.454364115589145,0.04963164936503011,0.048594428871834426,0.609583032206351,0.0002689028823939539,0.0461380664542255,0.005795842739900405,8.514328338410204e-05,0.9944444444444445,0.2497549936729694,0.5737066461176717,0.0,0,0,0,0
2,queue_aware,2026093622,24,180,0.0,0.0,0.0,0.23529411764705885,0.23529411764705888,0.48507125007266605,0.0,0.0,0.0,0.0,0.0,0.35633838728901573,0.7527298838997102,0.0,0,0,1,0
2,blind_delay,2026093623,24,180,1.454364115589145,1.4624890547823803,1.454364115589145,0.04963164936503011,0.048594428871834426,0.609583032206351,0.0002689028823939539,0.0461380664542255,0.005795842739900405,8.514328338410204e-05,0.9944444444444445,0.2481335889981821,0.5086281807590008,0.0,0,0,0,0
2,queue_aware,2026093623,24,180,0.0,0.0,0.0,0.23529411764705885,0.23529411764705888,0.48507125007266605,0.0,0.0,0.0,0.0,0.0,0.35758158129911777,0.6621455249193808,0.0,0,0,1,0
2,blind_delay,2026093624,24,180,1.454364115589145,1.4624890547823803,1.454364115589145,0.04963164936503011,0.048594428871834426,0.609583032206351,0.0002689028823939539,0.0461380664542255,0.005795842739900405,8.514328338410204e-05,0.9944444444444445,0.2662652906846624,0.6314500614230966,0.0,0,0,0,0
2,queue_aware,2026093624,24,180,0.0,0.0,0.0,0.23529411764705885,0.23529411764705888,0.48507125007266605,0.0,0.0,0.0,0.0,0.0,0.3681114118263486,0.8102430394568976,0.0,0,0,1,0
2,blind_delay,2026093625,24,180,1.454364115589145,1.4624890547823803,1.454364115589145,0.04963164936503011,0.048594428871834426,0.609583032206351,0.0002689028823939539,0.0461380664542255,0.005795842739900405,8.514328338410204e-05,0.9944444444444445,0.23813880493083725,0.4360121308085076,0.0,0,0,0,0
2,queue_aware,2026093625,24,180,0.0,0.0,0.0,0.23529411764705885,0.23529411764705888,0.48507125007266605,0.0,0.0,0.0,0.0,0.0,0.345963404744688,0.5731522916796198,0.0,0,0,1,0
2,blind_delay,2026093626,24,180,1.454364115589145,1.4624890547823803,1.454364115589145,0.04963164936503011,0.048594428871834426,0.609583032206351,0.0002689028823939539,0.0461380664542255,0.005795842739900405,8.514328338410204e-05,0.9944444444444445,0.25642786502266235,0.5865795716436667,0.0,0,0,0,0
2,queue_aware,2026093626,24,180,0.0,0.0,0.0,0.23529411764705885,0.23529411764705888,0.48507125007266605,0.0,0.0,0.0,0.0,0.0,0.3593401755758554,0.7588252194745149,0.0,0,0,1,0
2,blind_delay,2026093627,24,180,1.454364115589145,1.4624890547823803,1.454364115589145,0.04963164936503011,0.048594428871834426,0.609583032206351,0.0002689028823939539,0.0461380664542255,0.005795842739900405,8.514328338410204e-05,0.9944444444444445,0.2564466047105739,0.5904379656664058,0.0,0,0,0,0
2,queue_aware,2026093627,24,180,0.0,0.0,0.0,0.23529411764705885,0.23529411764705888,0.48507125007266605,0.0,0.0,0.0,0.0,0.0,0.36666956790568184,0.7754252244457923,0.0,0,0,1,0
2,blind_delay,2026093628,24,180,1.454364115589145,1.4624890547823803,1.454364115589145,0.04963164936503011,0.048594428871834426,0.609583032206351,0.0002689028823939539,0.0461380664542255,0.005795842739900405,8.514328338410204e-05,0.9944444444444445,0.2607484923101415,0.6226847325474912,0.0,0,0,0,0
2,queue_aware,2026093628,24,180,0.0,0.0,0.0,0.23529411764705885,0.23529411764705888,0.48507125007266605,0.0,0.0,0.0,0.0,0.0,0.36865738837982753,0.8150429563543153,0.0,0,0,1,1
2,blind_delay,2026093629,24,180,1.454364115589145,1.4624890547823803,1.454364115589145,0.04963164936503011,0.048594428871834426,0.609583032206351,0.0002689028823939539,0.0461380664542255,0.005795842739900405,8.514328338410204e-05,0.9944444444444445,0.2545811180056959,0.5944974871445498,0.0,0,0,0,0
2,queue_aware,2026093629,24,180,0.0,0.0,0.0,0.23529411764705885,0.23529411764705888,0.48507125007266605,0.0,0.0,0.0,0.0,0.0,0.3662498206175526,0.7861532129876734,0.0,0,0,1,0
3,blind_delay,2026103600,24,180,1.454364115589145,1.4624890547823803,1.454364115589145,0.04963164936503011,0.048594428871834426,0.609583032206351,0.0002689028823939539,0.0461380664542255,0.005795842739900405,8.514328338410204e-05,1.9833333333333334,0.20807653435556128,0.3762537374452073,0.0,0,0,0,0
3,queue_aware,2026103600,24,180,0.0,0.0,0.0,0.23529411764705885,0.23529411764705888,0.48507125007266605,0.0,0.0,0.0,0.0,0.0,0.34445528718629187,0.5648522213556928,0.0,0,0,1,0
3,blind_delay,2026103601,24,180,1.454364115589145,1.4624890547823803,1.454364115589145,0.04963164936503011,0.048594428871834426,0.609583032206351,0.0002689028823939539,0.0461380664542255,0.005795842739900405,8.514328338410204e-05,1.9833333333333334,0.2454871644087057,0.5505821085121011,0.0,0,0,0,0
3,queue_aware,2026103601,24,180,0.0,0.0,0.0,0.23529411764705885,0.23529411764705888,0.48507125007266605,0.0,0.0,0.0,0.0,0.0,0.3702890923769497,0.8231130174107194,0.0,0,0,1,1
3,blind_delay,2026103602,24,180,1.454364115589145,1.4624890547823803,1.454364115589145,0.04963164936503011,0.048594428871834426,0.609583032206351,0.0002689028823939539,0.0461380664542255,0.005795842739900405,8.514328338410204e-05,1.9833333333333334,0.23084826028763492,0.493578382501763,0.0,0,0,0,0
3,queue_aware,2026103602,24,180,0.0,0.0,0.0,0.23529411764705885,0.23529411764705888,0.48507125007266605,0.0,0.0,0.0,0.0,0.0,0.35524158878143913,0.7289249652106741,0.0,0,0,1,0
3,blind_delay,2026103603,24,180,1.454364115589145,1.4624890547823803,1.454364115589145,0.04963164936503011,0.048594428871834426,0.609583032206351,0.0002689028823939539,0.0461380664542255,0.005795842739900405,8.514328338410204e-05,1.9833333333333334,0.2400535144473242,0.5385639955127434,0.0,0,0,0,0
3,queue_aware,2026103603,24,180,0.0,0.0,0.0,0.23529411764705885,0.23529411764705888,0.48507125007266605,0.0,0.0,0.0,0.0,0.0,0.37020900785424954,0.8095336787638882,0.0,0,0,1,0
3,blind_delay,2026103604,24,180,1.454364115589145,1.4624890547823803,1.454364115589145,0.04963164936503011,0.048594428871834426,0.609583032206351,0.0002689028823939539,0.0461380664542255,0.005795842739900405,8.514328338410204e-05,1.9833333333333334,0.23816117221628422,0.5296027022336433,0.0,0,0,0,0
3,queue_aware,2026103604,24,180,0.0,0.0,0.0,0.23529411764705885,0.23529411764705888,0.48507125007266605,0.0,0.0,0.0,0.0,0.0,0.3691427969003022,0.7952879201880091,0.0,0,0,1,0
3,blind_delay,2026103605,24,180,1.454364115589145,1.4624890547823803,1.454364115589145,0.04963164936503011,0.048594428871834426,0.609583032206351,0.0002689028823939539,0.0461380664542255,0.005795842739900405,8.514328338410204e-05,1.9833333333333334,0.22835475697369256,0.44751539677770474,0.0,0,0,0,0
3,queue_aware,2026103605,24,180,0.0,0.0,0.0,0.23529411764705885,0.23529411764705888,0.48507125007266605,0.0,0.0,0.0,0.0,0.0,0.3576796760582746,0.6465420945162119,0.0,0,0,1,0
3,blind_delay,2026103606,24,180,1.454364115589145,1.4624890547823803,1.454364115589145,0.04963164936503011,0.048594428871834426,0.609583032206351,0.0002689028823939539,0.0461380664542255,0.005795842739900405,8.514328338410204e-05,1.9833333333333334,0.22882670083189793,0.4961023584519112,0.0,0,0,0,0
3,queue_aware,2026103606,24,180,0.0,0.0,0.0,0.23529411764705885,0.23529411764705888,0.48507125007266605,0.0,0.0,0.0,0.0,0.0,0.3551956439301986,0.7406479252729617,0.0,0,0,1,0
3,blind_delay,2026103607,24,180,1.454364115589145,1.4624890547823803,1.454364115589145,0.04963164936503011,0.048594428871834426,0.609583032206351,0.0002689028823939539,0.0461380664542255,0.005795842739900405,8.514328338410204e-05,1.9833333333333334,0.22902262505864926,0.49584882825444837,0.0,0,0,0,0
3,queue_aware,2026103607,24,180,0.0,0.0,0.0,0.23529411764705885,0.23529411764705888,0.48507125007266605,0.0,0.0,0.0,0.0,0.0,0.3560192236212155,0.7416178537082694,0.0,0,0,1,0
3,blind_delay,2026103608,24,180,1.454364115589145,1.4624890547823803,1.454364115589145,0.04963164936503011,0.048594428871834426,0.609583032206351,0.0002689028823939539,0.0461380664542255,0.005795842739900405,8.514328338410204e-05,1.9833333333333334,0.22103401311906312,0.42856087659544767,0.0,0,0,0,0
3,queue_aware,2026103608,24,180,0.0,0.0,0.0,0.23529411764705885,0.23529411764705888,0.48507125007266605,0.0,0.0,0.0,0.0,0.0,0.35484888160952016,0.6236956923973432,0.0,0,0,1,0
3,blind_delay,2026103609,24,180,1.454364115589145,1.4624890547823803,1.454364115589145,0.04963164936503011,0.048594428871834426,0.609583032206351,0.0002689028823939539,0.0461380664542255,0.005795842739900405,8.514328338410204e-05,1.9833333333333334,0.24247195339140432,0.5413769402097193,0.0,0,0,0,0
3,queue_aware,2026103609,24,180,0.0,0.0,0.0,0.23529411764705885,0.23529411764705888,0.48507125007266605,0.0,0.0,0.0,0.0,0.0,0.37079242693603176,0.8106418247212672,0.0,0,0,1,0
3,blind_delay,2026103610,24,180,1.454364115589145,1.4624890547823803,1.454364115589145,0.04963164936503011,0.048594428871834426,0.609583032206351,0.0002689028823939539,0.0461380664542255,0.005795842739900405,8.514328338410204e-05,1.9833333333333334,0.23971131260834871,0.5401432835780144,0.0,0,0,0,0
3,queue_aware,2026103610,24,180,0.0,0.0,0.0,0.23529411764705885,0.23529411764705888,0.48507125007266605,0.0,0.0,0.0,0.0,0.0,0.3667772592600204,0.8081565747734898,0.0,0,0,1,0
3,blind_delay,2026103611,24,180,1.454364115589145,1.4624890547823803,1.454364115589145,0.04963164936503011,0.048594428871834426,0.609583032206351,0.0002689028823939539,0.0461380664542255,0.005795842739900405,8.514328338410204e-05,1.9833333333333334,0.22096558110456843,0.4198152369062524,0.0,0,0,0,0
3,queue_aware,2026103611,24,180,0.0,0.0,0.0,0.23529411764705885,0.23529411764705888,0.48507125007266605,0.0,0.0,0.0,0.0,0.0,0.35323520329258545,0.5969381282513729,0.0,0,0,1,0
3,blind_delay,2026103612,24,180,1.454364115589145,1.4624890547823803,1.454364115589145,0.04963164936503011,0.048594428871834426,0.609583032206351,0.0002689028823939539,0.0461380664542255,0.005795842739900405,8.514328338410204e-05,1.9833333333333334,0.2252537085284056,0.3973502253776332,0.0,0,0,0,0
3,queue_aware,2026103612,24,180,0.0,0.0,0.0,0.23529411764705885,0.23529411764705888,0.48507125007266605,0.0,0.0,0.0,0.0,0.0,0.3511830580088813,0.54126577217671,0.0,0,0,1,0
3,blind_delay,2026103613,24,180,1.454364115589145,1.4624890547823803,1.454364115589145,0.04963164936503011,0.048594428871834426,0.609583032206351,0.0002689028823939539,0.0461380664542255,0.005795842739900405,8.514328338410204e-05,1.9833333333333334,0.2452758504726655,0.5504248101664494,0.0,0,0,0,0
3,queue_aware,2026103613,24,180,0.0,0.0,0.0,0.23529411764705885,0.23529411764705888,0.48507125007266605,0.0,0.0,0.0,0.0,0.0,0.3675161840794609,0.811597104704357,0.0,0,0,1,0
3,blind_delay,2026103614,24,180,1.454364115589145,1.4624890547823803,1.454364115589145,0.04963164936503011,0.048594428871834426,0.609583032206351,0.0002689028823939539,0.0461380664542255,0.005795842739900405,8.514328338410204e-05,1.9833333333333334,0.21975006637597566,0.3946578106428566,0.0,0,0,0,0
3,queue_aware,2026103614,24,180,0.0,0.0,0.0,0.23529411764705885,0.23529411764705888,0.48507125007266605,0.0,0.0,0.0,0.0,0.0,0.35077015425210994,0.5486268489285754,0.0,0,0,1,0
3,blind_delay,2026103615,24,180,1.454364115589145,1.4624890547823803,1.454364115589145,0.04963164936503011,0.048594428871834426,0.609583032206351,0.0002689028823939539,0.0461380664542255,0.005795842739900405,8.514328338410204e-05,1.9833333333333334,0.2257498434235958,0.4507839693460953,0.0,0,0,0,0
3,queue_aware,2026103615,24,180,0.0,0.0,0.0,0.23529411764705885,0.23529411764705888,0.48507125007266605,0.0,0.0,0.0,0.0,0.0,0.35072992863301095,0.6641272160833317,0.0,0,0,1,0
3,blind_delay,2026103616,24,180,1.454364115589145,1.4624890547823803,1.454364115589145,0.04963164936503011,0.048594428871834426,0.609583032206351,0.0002689028823939539,0.0461380664542255,0.005795842739900405,8.514328338410204e-05,1.9833333333333334,0.2218747441997412,0.4294471099158584,0.0,0,0,0,0
3,queue_aware,2026103616,24,180,0.0,0.0,0.0,0.23529411764705885,0.23529411764705888,0.48507125007266605,0.0,0.0,0.0,0.0,0.0,0.34890740675589904,0.6302177075319825,0.0,0,0,1,0
3,blind_delay,2026103617,24,180,1.454364115589145,1.4624890547823803,1.454364115589145,0.04963164936503011,0.048594428871834426,0.609583032206351,0.0002689028823939539,0.0461380664542255,0.005795842739900405,8.514328338410204e-05,1.9833333333333334,0.23840329858281312,0.5232681091957903,0.0,0,0,0,0
3,queue_aware,2026103617,24,180,0.0,0.0,0.0,0.23529411764705885,0.23529411764705888,0.48507125007266605,0.0,0.0,0.0,0.0,0.0,0.368477870733717,0.7837801116716389,0.0,0,0,1,0
3,blind_delay,2026103618,24,180,1.454364115589145,1.4624890547823803,1.454364115589145,0.04963164936503011,0.048594428871834426,0.609583032206351,0.0002689028823939539,0.0461380664542255,0.005795842739900405,8.514328338410204e-05,1.9833333333333334,0.2220777000817683,0.43239253469106015,0.0,0,0,0,0
3,queue_aware,2026103618,24,180,0.0,0.0,0.0,0.23529411764705885,0.23529411764705888,0.48507125007266605,0.0,0.0,0.0,0.0,0.0,0.3559823713030493,0.6417195855139608,0.0,0,0,1,0
3,blind_delay,2026103619,24,180,1.454364115589145,1.4624890547823803,1.454364115589145,0.04963164936503011,0.048594428871834426,0.609583032206351,0.0002689028823939539,0.0461380664542255,0.005795842739900405,8.514328338410204e-05,1.9833333333333334,0.23572409614094908,0.5085513233081416,0.0,0,0,0,0
3,queue_aware,2026103619,24,180,0.0,0.0,0.0,0.23529411764705885,0.23529411764705888,0.48507125007266605,0.0,0.0,0.0,0.0,0.0,0.3585990103420505,0.7508160926038305,0.0,0,0,1,0
3,blind_delay,2026103620,24,180,1.454364115589145,1.4624890547823803,1.454364115589145,0.04963164936503011,0.048594428871834426,0.609583032206351,0.0002689028823939539,0.0461380664542255,0.005795842739900405,8.514328338410204e-05,1.9833333333333334,0.2242161132473806,0.46220834150576906,0.0,0,0,0,0
3,queue_aware,2026103620,24,180,0.0,0.0,0.0,0.23529411764705885,0.23529411764705888,0.48507125007266605,0.0,0.0,0.0,0.0,0.0,0.35005983001520047,0.6806242259657774,0.0,0,0,1,0
3,blind_delay,2026103621,24,180,1.454364115589145,1.4624890547823803,1.454364115589145,0.04963164936503011,0.048594428871834426,0.609583032206351,0.0002689028823939539,0.0461380664542255,0.005795842739900405,8.514328338410204e-05,1.9833333333333334,0.2408478533181266,0.5404320062145477,0.0,0,0,0,0
3,queue_aware,2026103621,24,180,0.0,0.0,0.0,0.23529411764705885,0.23529411764705888,0.48507125007266605,0.0,0.0,0.0,0.0,0.0,0.37024509724691257,0.8137532539684498,0.0,0,0,1,1
3,blind_delay,2026103622,24,180,1.454364115589145,1.4624890547823803,1.454364115589145,0.04963164936503011,0.048594428871834426,0.609583032206351,0.0002689028823939539,0.0461380664542255,0.005795842739900405,8.514328338410204e-05,1.9833333333333334,0.22508284905326875,0.40433224434730086,0.0,0,0,0,0
3,queue_aware,2026103622,24,180,0.0,0.0,0.0,0.23529411764705885,0.23529411764705888,0.48507125007266605,0.0,0.0,0.0,0.0,0.0,0.3499656312155238,0.5652186555164991,0.0,0,0,1,0
3,blind_delay,2026103623,24,180,1.454364115589145,1.4624890547823803,1.454364115589145,0.04963164936503011,0.048594428871834426,0.609583032206351,0.0002689028823939539,0.0461380664542255,0.005795842739900405,8.514328338410204e-05,1.9833333333333334,0.22519798603276986,0.40609530697001595,0.0,0,0,0,0
3,queue_aware,2026103623,24,180,0.0,0.0,0.0,0.23529411764705885,0.23529411764705888,0.48507125007266605,0.0,0.0,0.0,0.0,0.0,0.35017889268541935,0.5724397165291788,0.0,0,0,1,0
3,blind_delay,2026103624,24,180,1.454364115589145,1.4624890547823803,1.454364115589145,0.04963164936503011,0.048594428871834426,0.609583032206351,0.0002689028823939539,0.0461380664542255,0.005795842739900405,8.514328338410204e-05,1.9833333333333334,0.23774097915708928,0.5350361398803082,0.0,0,0,0,0
3,queue_aware,2026103624,24,180,0.0,0.0,0.0,0.23529411764705885,0.23529411764705888,0.48507125007266605,0.0,0.0,0.0,0.0,0.0,0.36927530852963775,0.8109942242280338,0.0,0,0,1,0
3,blind_delay,2026103625,24,180,1.454364115589145,1.4624890547823803,1.454364115589145,0.04963164936503011,0.048594428871834426,0.609583032206351,0.0002689028823939539,0.0461380664542255,0.005795842739900405,8.514328338410204e-05,1.9833333333333334,0.22880381325388824,0.4725588862024157,0.0,0,0,0,0
3,queue_aware,2026103625,24,180,0.0,0.0,0.0,0.23529411764705885,0.23529411764705888,0.48507125007266605,0.0,0.0,0.0,0.0,0.0,0.3615372323952609,0.7069621098242042,0.0,0,0,1,0
3,blind_delay,2026103626,24,180,1.454364115589145,1.4624890547823803,1.454364115589145,0.04963164936503011,0.048594428871834426,0.609583032206351,0.0002689028823939539,0.0461380664542255,0.005795842739900405,8.514328338410204e-05,1.9833333333333334,0.2392032622551127,0.5248590035015901,0.0,0,0,0,0
3,queue_aware,2026103626,24,180,0.0,0.0,0.0,0.23529411764705885,0.23529411764705888,0.48507125007266605,0.0,0.0,0.0,0.0,0.0,0.3687892305155949,0.7867633986633663,0.0,0,0,1,0
3,blind_delay,2026103627,24,180,1.454364115589145,1.4624890547823803,1.454364115589145,0.04963164936503011,0.048594428871834426,0.609583032206351,0.0002689028823939539,0.0461380664542255,0.005795842739900405,8.514328338410204e-05,1.9833333333333334,0.22109591061602837,0.43229175921555735,0.0,0,0,0,0
3,queue_aware,2026103627,24,180,0.0,0.0,0.0,0.23529411764705885,0.23529411764705888,0.48507125007266605,0.0,0.0,0.0,0.0,0.0,0.34859309898433,0.6369887916955438,0.0,0,0,1,0
3,blind_delay,2026103628,24,180,1.454364115589145,1.4624890547823803,1.454364115589145,0.04963164936503011,0.048594428871834426,0.609583032206351,0.0002689028823939539,0.0461380664542255,0.005795842739900405,8.514328338410204e-05,1.9833333333333334,0.21787681493370287,0.42000802263977144,0.0,0,0,0,0
3,queue_aware,2026103628,24,180,0.0,0.0,0.0,0.23529411764705885,0.23529411764705888,0.48507125007266605,0.0,0.0,0.0,0.0,0.0,0.3470411386307627,0.6186630522075849,0.0,0,0,1,0
3,blind_delay,2026103629,24,180,1.454364115589145,1.4624890547823803,1.454364115589145,0.04963164936503011,0.048594428871834426,0.609583032206351,0.0002689028823939539,0.0461380664542255,0.005795842739900405,8.514328338410204e-05,1.9833333333333334,0.2338892311376758,0.5228866941617716,0.0,0,0,0,0
3,queue_aware,2026103629,24,180,0.0,0.0,0.0,0.23529411764705885,0.23529411764705888,0.48507125007266605,0.0,0.0,0.0,0.0,0.0,0.3632786562346371,0.7920291466037788,0.0,0,0,1,0
5,blind_delay,2026123600,24,180,1.454364115589145,1.4624890547823803,1.454364115589145,0.04963164936503011,0.048594428871834426,0.609583032206351,0.0002689028823939539,0.0461380664542255,0.005795842739900405,8.514328338410204e-05,3.9444444444444446,0.2299941076596938,0.3976340173185242,0.0,0,1,0,0
5,queue_aware,2026123600,24,180,0.0,0.0,0.0,0.23529411764705885,0.23529411764705888,0.48507125007266605,0.0,0.0,0.0,0.0,0.0,0.3488831977248763,0.6429600633580215,0.0,0,0,1,0
5,blind_delay,2026123601,24,180,1.454364115589145,1.4624890547823803,1.454364115589145,0.04963164936503011,0.048594428871834426,0.609583032206351,0.0002689028823939539,0.0461380664542255,0.005795842739900405,8.514328338410204e-05,3.9444444444444446,0.23968346018179235,0.44126217080034874,0.0,0,1,0,0
5,queue_aware,2026123601,24,180,0.0,0.0,0.0,0.23529411764705885,0.23529411764705888,0.48507125007266605,0.0,0.0,0.0,0.0,0.0,0.36657964862895465,0.7699435103694212,0.0,0,0,1,0
5,blind_delay,2026123602,24,180,1.454364115589145,1.4624890547823803,1.454364115589145,0.04963164936503011,0.048594428871834426,0.609583032206351,0.0002689028823939539,0.0461380664542255,0.005795842739900405,8.514328338410204e-05,3.9444444444444446,0.2421157149576931,0.45753651061623024,0.0,0,1,0,0
5,queue_aware,2026123602,24,180,0.0,0.0,0.0,0.23529411764705885,0.23529411764705888,0.48507125007266605,0.0,0.0,0.0,0.0,0.0,0.362923275497213,0.7876615253482852,0.0,0,0,1,0
5,blind_delay,2026123603,24,180,1.454364115589145,1.4624890547823803,1.454364115589145,0.04963164936503011,0.048594428871834426,0.609583032206351,0.0002689028823939539,0.0461380664542255,0.005795842739900405,8.514328338410204e-05,3.9444444444444446,0.2245502634887124,0.368975609214307,0.0,0,1,0,0
5,queue_aware,2026123603,24,180,0.0,0.0,0.0,0.23529411764705885,0.23529411764705888,0.48507125007266605,0.0,0.0,0.0,0.0,0.0,0.34775837303606993,0.5622658436119935,0.0,0,0,1,0
5,blind_delay,2026123604,24,180,1.454364115589145,1.4624890547823803,1.454364115589145,0.04963164936503011,0.048594428871834426,0.609583032206351,0.0002689028823939539,0.0461380664542255,0.005795842739900405,8.514328338410204e-05,3.9444444444444446,0.22726753443677963,0.40792038173695383,0.0,0,1,0,0
5,queue_aware,2026123604,24,180,0.0,0.0,0.0,0.23529411764705885,0.23529411764705888,0.48507125007266605,0.0,0.0,0.0,0.0,0.0,0.35037707121588774,0.6894860976046052,0.0,0,0,1,0
5,blind_delay,2026123605,24,180,1.454364115589145,1.4624890547823803,1.454364115589145,0.04963164936503011,0.048594428871834426,0.609583032206351,0.0002689028823939539,0.0461380664542255,0.005795842739900405,8.514328338410204e-05,3.9444444444444446,0.24459915601162052,0.4452577283354032,0.0,0,1,0,0
5,queue_aware,2026123605,24,180,0.0,0.0,0.0,0.23529411764705885,0.23529411764705888,0.48507125007266605,0.0,0.0,0.0,0.0,0.0,0.36739159694941376,0.7715877468756103,0.0,0,0,1,0
5,blind_delay,2026123606,24,180,1.454364115589145,1.4624890547823803,1.454364115589145,0.04963164936503011,0.048594428871834426,0.609583032206351,0.0002689028823939539,0.0461380664542255,0.005795842739900405,8.514328338410204e-05,3.9444444444444446,0.2447310029454297,0.44565066442483464,0.0,0,1,0,0
5,queue_aware,2026123606,24,180,0.0,0.0,0.0,0.23529411764705885,0.23529411764705888,0.48507125007266605,0.0,0.0,0.0,0.0,0.0,0.3674887409507729,0.774120310217435,0.0,0,0,1,0
5,blind_delay,2026123607,24,180,1.454364115589145,1.4624890547823803,1.454364115589145,0.04963164936503011,0.048594428871834426,0.609583032206351,0.0002689028823939539,0.0461380664542255,0.005795842739900405,8.514328338410204e-05,3.9444444444444446,0.219640648623297,0.3636298589919822,0.0,0,1,0,0
5,queue_aware,2026123607,24,180,0.0,0.0,0.0,0.23529411764705885,0.23529411764705888,0.48507125007266605,0.0,0.0,0.0,0.0,0.0,0.3464937637166273,0.5705455544314747,0.0,0,0,1,0
5,blind_delay,2026123608,24,180,1.454364115589145,1.4624890547823803,1.454364115589145,0.04963164936503011,0.048594428871834426,0.609583032206351,0.0002689028823939539,0.0461380664542255,0.005795842739900405,8.514328338410204e-05,3.9444444444444446,0.22713431510646653,0.36450739745967486,0.0,0,1,0,0
5,queue_aware,2026123608,24,180,0.0,0.0,0.0,0.23529411764705885,0.23529411764705888,0.48507125007266605,0.0,0.0,0.0,0.0,0.0,0.35062388162970487,0.5389055255110673,0.0,0,0,1,0
5,blind_delay,2026123609,24,180,1.454364115589145,1.4624890547823803,1.454364115589145,0.04963164936503011,0.048594428871834426,0.609583032206351,0.0002689028823939539,0.0461380664542255,0.005795842739900405,8.514328338410204e-05,3.9444444444444446,0.24279652042477132,0.45733262418126797,0.0,0,1,0,0
5,queue_aware,2026123609,24,180,0.0,0.0,0.0,0.23529411764705885,0.23529411764705888,0.48507125007266605,0.0,0.0,0.0,0.0,0.0,0.36255926139859446,0.7892467099850349,0.0,0,0,1,0
5,blind_delay,2026123610,24,180,1.454364115589145,1.4624890547823803,1.454364115589145,0.04963164936503011,0.048594428871834426,0.609583032206351,0.0002689028823939539,0.0461380664542255,0.005795842739900405,8.514328338410204e-05,3.9444444444444446,0.2548286940626061,0.47404636247475546,0.0,0,1,0,0
5,queue_aware,2026123610,24,180,0.0,0.0,0.0,0.23529411764705885,0.23529411764705888,0.48507125007266605,0.0,0.0,0.0,0.0,0.0,0.36359227937985544,0.7881204409696193,0.0,0,0,1,0
5,blind_delay,2026123611,24,180,1.454364115589145,1.4624890547823803,1.454364115589145,0.04963164936503011,0.048594428871834426,0.609583032206351,0.0002689028823939539,0.0461380664542255,0.005795842739900405,8.514328338410204e-05,3.9444444444444446,0.2275064171883486,0.39344799541258213,0.0,0,1,0,0
5,queue_aware,2026123611,24,180,0.0,0.0,0.0,0.23529411764705885,0.23529411764705888,0.48507125007266605,0.0,0.0,0.0,0.0,0.0,0.3484795491285977,0.6401583945832436,0.0,0,0,1,0
5,blind_delay,2026123612,24,180,1.454364115589145,1.4624890547823803,1.454364115589145,0.04963164936503011,0.048594428871834426,0.609583032206351,0.0002689028823939539,0.0461380664542255,0.005795842739900405,8.514328338410204e-05,3.9444444444444446,0.21750589406341653,0.3784373664804823,0.0,0,1,0,0
5,queue_aware,2026123612,24,180,0.0,0.0,0.0,0.23529411764705885,0.23529411764705888,0.48507125007266605,0.0,0.0,0.0,0.0,0.0,0.3453552502724128,0.6157414071670329,0.0,0,0,1,0
5,blind_delay,2026123613,24,180,1.454364115589145,1.4624890547823803,1.454364115589145,0.04963164936503011,0.048594428871834426,0.609583032206351,0.0002689028823939539,0.0461380664542255,0.005795842739900405,8.514328338410204e-05,3.9444444444444446,0.23819514444056075,0.4218458423892774,0.0,0,1,0,0
5,queue_aware,2026123613,24,180,0.0,0.0,0.0,0.23529411764705885,0.23529411764705888,0.48507125007266605,0.0,0.0,0.0,0.0,0.0,0.36173865008075806,0.7041841417663793,0.0,0,0,1,0
5,blind_delay,2026123614,24,180,1.454364115589145,1.4624890547823803,1.454364115589145,0.04963164936503011,0.048594428871834426,0.609583032206351,0.0002689028823939539,0.0461380664542255,0.005795842739900405,8.514328338410204e-05,3.9444444444444446,0.2463866431654726,0.4607215475210818,0.0,0,1,0,0
5,queue_aware,2026123614,24,180,0.0,0.0,0.0,0.23529411764705885,0.23529411764705888,0.48507125007266605,0.0,0.0,0.0,0.0,0.0,0.3700280395941236,0.8120806663636302,0.0,0,0,1,0
5,blind_delay,2026123615,24,180,1.454364115589145,1.4624890547823803,1.454364115589145,0.04963164936503011,0.048594428871834426,0.609583032206351,0.0002689028823939539,0.0461380664542255,0.005795842739900405,8.514328338410204e-05,3.9444444444444446,0.22868946876234536,0.3687389036845774,0.0,0,1,0,0
5,queue_aware,2026123615,24,180,0.0,0.0,0.0,0.23529411764705885,0.23529411764705888,0.48507125007266605,0.0,0.0,0.0,0.0,0.0,0.35096533377593175,0.5415716492980152,0.0,0,0,1,0
5,blind_delay,2026123616,24,180,1.454364115589145,1.4624890547823803,1.454364115589145,0.04963164936503011,0.048594428871834426,0.609583032206351,0.0002689028823939539,0.0461380664542255,0.005795842739900405,8.514328338410204e-05,3.9444444444444446,0.2278180785957746,0.3828736378834836,0.0,0,1,0,0
5,queue_aware,2026123616,24,180,0.0,0.0,0.0,0.23529411764705885,0.23529411764705888,0.48507125007266605,0.0,0.0,0.0,0.0,0.0,0.35425083657003853,0.6125558096964296,0.0,0,0,1,0
5,blind_delay,2026123617,24,180,1.454364115589145,1.4624890547823803,1.454364115589145,0.04963164936503011,0.048594428871834426,0.609583032206351,0.0002689028823939539,0.0461380664542255,0.005795842739900405,8.514328338410204e-05,3.9444444444444446,0.23819996249179745,0.42830573602326005,0.0,0,1,0,0
5,queue_aware,2026123617,24,180,0.0,0.0,0.0,0.23529411764705885,0.23529411764705888,0.48507125007266605,0.0,0.0,0.0,0.0,0.0,0.35510914023187484,0.7253759046703215,0.0,0,0,1,0
5,blind_delay,2026123618,24,180,1.454364115589145,1.4624890547823803,1.454364115589145,0.04963164936503011,0.048594428871834426,0.609583032206351,0.0002689028823939539,0.0461380664542255,0.005795842739900405,8.514328338410204e-05,3.9444444444444446,0.2384897176498768,0.4259140190146059,0.0,0,1,0,0
5,queue_aware,2026123618,24,180,0.0,0.0,0.0,0.23529411764705885,0.23529411764705888,0.48507125007266605,0.0,0.0,0.0,0.0,0.0,0.36364197590428954,0.7314338160880458,0.0,0,0,1,0
5,blind_delay,2026123619,24,180,1.454364115589145,1.4624890547823803,1.454364115589145,0.04963164936503011,0.048594428871834426,0.609583032206351,0.0002689028823939539,0.0461380664542255,0.005795842739900405,8.514328338410204e-05,3.9444444444444446,0.22691812387288832,0.36584132210131415,0.0,0,1,0,0
5,queue_aware,2026123619,24,180,0.0,0.0,0.0,0.23529411764705885,0.23529411764705888,0.48507125007266605,0.0,0.0,0.0,0.0,0.0,0.3495860865798847,0.5322682198537342,0.0,0,0,1,0
5,blind_delay,2026123620,24,180,1.454364115589145,1.4624890547823803,1.454364115589145,0.04963164936503011,0.048594428871834426,0.609583032206351,0.0002689028823939539,0.0461380664542255,0.005795842739900405,8.514328338410204e-05,3.9444444444444446,0.24008482340890763,0.427620178277251,0.0,0,1,0,0
5,queue_aware,2026123620,24,180,0.0,0.0,0.0,0.23529411764705885,0.23529411764705888,0.48507125007266605,0.0,0.0,0.0,0.0,0.0,0.3641013105105163,0.7328846992137007,0.0,0,0,1,0
5,blind_delay,2026123621,24,180,1.454364115589145,1.4624890547823803,1.454364115589145,0.04963164936503011,0.048594428871834426,0.609583032206351,0.0002689028823939539,0.0461380664542255,0.005795842739900405,8.514328338410204e-05,3.9444444444444446,0.2300332622925753,0.41160308410849145,0.0,0,1,0,0
5,queue_aware,2026123621,24,180,0.0,0.0,0.0,0.23529411764705885,0.23529411764705888,0.48507125007266605,0.0,0.0,0.0,0.0,0.0,0.3507108995152448,0.689003080501683,0.0,0,0,1,0
5,blind_delay,2026123622,24,180,1.454364115589145,1.4624890547823803,1.454364115589145,0.04963164936503011,0.048594428871834426,0.609583032206351,0.0002689028823939539,0.0461380664542255,0.005795842739900405,8.514328338410204e-05,3.9444444444444446,0.2418893222505141,0.456827669537445,0.0,0,1,0,0
5,queue_aware,2026123622,24,180,0.0,0.0,0.0,0.23529411764705885,0.23529411764705888,0.48507125007266605,0.0,0.0,0.0,0.0,0.0,0.3682275868605173,0.8123468096045485,0.0,0,0,1,0
5,blind_delay,2026123623,24,180,1.454364115589145,1.4624890547823803,1.454364115589145,0.04963164936503011,0.048594428871834426,0.609583032206351,0.0002689028823939539,0.0461380664542255,0.005795842739900405,8.514328338410204e-05,3.9444444444444446,0.24334629530555807,0.45230667971788396,0.0,0,1,0,0
5,queue_aware,2026123623,24,180,0.0,0.0,0.0,0.23529411764705885,0.23529411764705888,0.48507125007266605,0.0,0.0,0.0,0.0,0.0,0.3688907893004668,0.7974624017152805,0.0,0,0,1,0
5,blind_delay,2026123624,24,180,1.454364115589145,1.4624890547823803,1.454364115589145,0.04963164936503011,0.048594428871834426,0.609583032206351,0.0002689028823939539,0.0461380664542255,0.005795842739900405,8.514328338410204e-05,3.9444444444444446,0.22290103005244807,0.37111523619987735,0.0,0,1,0,0
5,queue_aware,2026123624,24,180,0.0,0.0,0.0,0.23529411764705885,0.23529411764705888,0.48507125007266605,0.0,0.0,0.0,0.0,0.0,0.34749346855891994,0.5944793774296468,0.0,0,0,1,0
5,blind_delay,2026123625,24,180,1.454364115589145,1.4624890547823803,1.454364115589145,0.04963164936503011,0.048594428871834426,0.609583032206351,0.0002689028823939539,0.0461380664542255,0.005795842739900405,8.514328338410204e-05,3.9444444444444446,0.2307752958687589,0.3773035588885356,0.0,0,1,0,0
5,queue_aware,2026123625,24,180,0.0,0.0,0.0,0.23529411764705885,0.23529411764705888,0.48507125007266605,0.0,0.0,0.0,0.0,0.0,0.34949497553733117,0.5847009832477205,0.0,0,0,1,0
5,blind_delay,2026123626,24,180,1.454364115589145,1.4624890547823803,1.454364115589145,0.04963164936503011,0.048594428871834426,0.609583032206351,0.0002689028823939539,0.0461380664542255,0.005795842739900405,8.514328338410204e-05,3.9444444444444446,0.22030348765421148,0.3540310796567343,0.0,0,1,0,0
5,queue_aware,2026123626,24,180,0.0,0.0,0.0,0.23529411764705885,0.23529411764705888,0.48507125007266605,0.0,0.0,0.0,0.0,0.0,0.3493946929289357,0.5366055171210882,0.0,0,0,1,0
5,blind_delay,2026123627,24,180,1.454364115589145,1.4624890547823803,1.454364115589145,0.04963164936503011,0.048594428871834426,0.609583032206351,0.0002689028823939539,0.0461380664542255,0.005795842739900405,8.514328338410204e-05,3.9444444444444446,0.2347254318584849,0.4093501831962148,0.0,0,1,0,0
5,queue_aware,2026123627,24,180,0.0,0.0,0.0,0.23529411764705885,0.23529411764705888,0.48507125007266605,0.0,0.0,0.0,0.0,0.0,0.3497021630439793,0.6558772264093943,0.0,0,0,1,0
5,blind_delay,2026123628,24,180,1.454364115589145,1.4624890547823803,1.454364115589145,0.04963164936503011,0.048594428871834426,0.609583032206351,0.0002689028823939539,0.0461380664542255,0.005795842739900405,8.514328338410204e-05,3.9444444444444446,0.24503875094855967,0.45196575440107284,0.0,0,1,0,0
5,queue_aware,2026123628,24,180,0.0,0.0,0.0,0.23529411764705885,0.23529411764705888,0.48507125007266605,0.0,0.0,0.0,0.0,0.0,0.3615123711237026,0.7725122221267074,0.0,0,0,1,0
5,blind_delay,2026123629,24,180,1.454364115589145,1.4624890547823803,1.454364115589145,0.04963164936503011,0.048594428871834426,0.609583032206351,0.0002689028823939539,0.0461380664542255,0.005795842739900405,8.514328338410204e-05,3.9444444444444446,0.24058691592451556,0.4349378393440696,0.0,0,1,0,0
5,queue_aware,2026123629,24,180,0.0,0.0,0.0,0.23529411764705885,0.23529411764705888,0.48507125007266605,0.0,0.0,0.0,0.0,0.0,0.3650733771612193,0.7465726887523316,0.0,0,0,1,0
