hold_strength,delay,policy,seed,turns,moves,stale_conflicts,mean_phase_error,p95_phase_error,mean_extra_hold,full_board,blue_win,yellow_win
0,0,blind_delay,2026073200,49,49,0,1.1391280963924755,2.5824340636359677,0.0,True,True,False
0,0,queue_aware,2026073200,49,49,0,1.1391280963924755,2.5824340636359677,0.0,True,True,False
0,0,blind_delay,2026073201,49,49,0,1.1231391278083516,2.757563763870294,0.0,True,False,True
0,0,queue_aware,2026073201,49,49,0,1.1231391278083516,2.757563763870294,0.0,True,False,True
0,0,blind_delay,2026073202,49,49,0,1.1161246644697524,2.671534417299185,0.0,True,False,True
0,0,queue_aware,2026073202,49,49,0,1.1161246644697524,2.671534417299185,0.0,True,False,True
0,0,blind_delay,2026073203,49,49,0,1.13831278216694,2.5520480815011655,0.0,True,False,True
0,0,queue_aware,2026073203,49,49,0,1.13831278216694,2.5520480815011655,0.0,True,False,True
0,0,blind_delay,2026073204,49,49,0,1.104688862446302,2.5398341758308036,0.0,True,False,True
0,0,queue_aware,2026073204,49,49,0,1.104688862446302,2.5398341758308036,0.0,True,False,True
0,0,blind_delay,2026073205,49,49,0,1.2452167450195593,2.5729333209111,0.0,True,False,True
0,0,queue_aware,2026073205,49,49,0,1.2452167450195593,2.5729333209111,0.0,True,False,True
0,0,blind_delay,2026073206,49,49,0,1.0172545843518,2.774526116689165,0.0,True,False,True
0,0,queue_aware,2026073206,49,49,0,1.0172545843518,2.774526116689165,0.0,True,False,True
0,0,blind_delay,2026073207,49,49,0,1.0964551119057246,2.9318655088365917,0.0,True,False,True
0,0,queue_aware,2026073207,49,49,0,1.0964551119057246,2.9318655088365917,0.0,True,False,True
0,0,blind_delay,2026073208,49,49,0,1.0217590549928428,2.373247926215106,0.0,True,True,False
0,0,queue_aware,2026073208,49,49,0,1.0217590549928428,2.373247926215106,0.0,True,True,False
0,0,blind_delay,2026073209,49,49,0,1.2023865108435279,2.6189715820263832,0.0,True,True,False
0,0,queue_aware,2026073209,49,49,0,1.2023865108435279,2.6189715820263832,0.0,True,True,False
0,0,blind_delay,2026073210,49,49,0,1.1482300612902556,2.8480031309126694,0.0,True,False,True
0,0,queue_aware,2026073210,49,49,0,1.1482300612902556,2.8480031309126694,0.0,True,False,True
0,0,blind_delay,2026073211,49,49,0,1.191064287485056,2.878249563392193,0.0,True,True,False
0,0,queue_aware,2026073211,49,49,0,1.191064287485056,2.878249563392193,0.0,True,True,False
0,0,blind_delay,2026073212,49,49,0,1.1720973603580633,2.8681833147541855,0.0,True,True,False
0,0,queue_aware,2026073212,49,49,0,1.1720973603580633,2.8681833147541855,0.0,True,True,False
0,0,blind_delay,2026073213,49,49,0,1.0786043691182663,2.733612471820051,0.0,True,False,True
0,0,queue_aware,2026073213,49,49,0,1.0786043691182663,2.733612471820051,0.0,True,False,True
0,0,blind_delay,2026073214,49,49,0,1.056452766832745,2.1024057524478748,0.0,True,True,False
0,0,queue_aware,2026073214,49,49,0,1.056452766832745,2.1024057524478748,0.0,True,True,False
0,1,blind_delay,2026083200,49,49,0,1.1498928751164768,2.6162657349807503,0.0,True,True,False
0,1,queue_aware,2026083200,49,49,0,1.1498928751164768,2.6162657349807503,0.0,True,True,False
0,1,blind_delay,2026083201,49,49,0,1.082379175861595,2.9293422927600075,0.0,True,False,True
0,1,queue_aware,2026083201,49,49,0,1.082379175861595,2.9293422927600075,0.0,True,False,True
0,1,blind_delay,2026083202,49,49,0,1.1920351596984657,2.7276581672629927,0.0,True,False,True
0,1,queue_aware,2026083202,49,49,0,1.1920351596984657,2.7276581672629927,0.0,True,False,True
0,1,blind_delay,2026083203,49,49,0,1.2619672137978664,3.037227137775118,0.0,True,True,False
0,1,queue_aware,2026083203,49,49,0,1.2619672137978664,3.037227137775118,0.0,True,True,False
0,1,blind_delay,2026083204,49,49,0,0.9467595377671227,2.310358396412545,0.0,True,False,True
0,1,queue_aware,2026083204,49,49,0,0.9467595377671227,2.310358396412545,0.0,True,False,True
0,1,blind_delay,2026083205,49,49,0,1.279459859026858,2.3694880518204524,0.0,True,True,False
0,1,queue_aware,2026083205,49,49,0,1.279459859026858,2.3694880518204524,0.0,True,True,False
0,1,blind_delay,2026083206,49,49,0,1.0648134465335413,2.783980324146266,0.0,True,False,True
0,1,queue_aware,2026083206,49,49,0,1.0648134465335413,2.783980324146266,0.0,True,False,True
0,1,blind_delay,2026083207,49,49,0,1.107046381577991,2.681959875606868,0.0,True,False,True
0,1,queue_aware,2026083207,49,49,0,1.107046381577991,2.681959875606868,0.0,True,False,True
0,1,blind_delay,2026083208,49,49,0,1.1258959865835767,2.952417761272302,0.0,True,True,False
0,1,queue_aware,2026083208,49,49,0,1.1258959865835767,2.952417761272302,0.0,True,True,False
0,1,blind_delay,2026083209,49,49,0,1.0115113572630943,2.6632119479399985,0.0,True,True,False
0,1,queue_aware,2026083209,49,49,0,1.0115113572630943,2.6632119479399985,0.0,True,True,False
0,1,blind_delay,2026083210,49,49,0,1.2681818009355015,2.698208493883467,0.0,True,False,True
0,1,queue_aware,2026083210,49,49,0,1.2681818009355015,2.698208493883467,0.0,True,False,True
0,1,blind_delay,2026083211,49,49,0,1.031721859773342,2.373480168534905,0.0,True,True,False
0,1,queue_aware,2026083211,49,49,0,1.031721859773342,2.373480168534905,0.0,True,True,False
0,1,blind_delay,2026083212,49,49,0,1.0459630267343256,2.646731310226473,0.0,True,True,False
0,1,queue_aware,2026083212,49,49,0,1.0459630267343256,2.646731310226473,0.0,True,True,False
0,1,blind_delay,2026083213,49,49,0,1.1548299670055464,2.6529412304285374,0.0,True,False,True
0,1,queue_aware,2026083213,49,49,0,1.1548299670055464,2.6529412304285374,0.0,True,False,True
0,1,blind_delay,2026083214,49,49,0,1.0541491473764568,2.62708715015215,0.0,True,False,True
0,1,queue_aware,2026083214,49,49,0,1.0541491473764568,2.62708715015215,0.0,True,False,True
0,2,blind_delay,2026093200,97,49,48,1.2318104836444244,2.7066466677663725,0.0,True,True,False
0,2,queue_aware,2026093200,49,49,0,1.0944760213164815,2.8554113496587523,0.0,True,False,True
0,2,blind_delay,2026093201,87,49,38,1.1816180107768988,2.5942748992027043,0.0,True,True,False
0,2,queue_aware,2026093201,49,49,0,1.0514559314975394,2.3462139996219395,0.0,True,False,True
0,2,blind_delay,2026093202,91,49,42,1.2382507907489084,2.8258557083171154,0.0,True,True,False
0,2,queue_aware,2026093202,49,49,0,1.1845396268669899,2.7070731931875294,0.0,True,True,False
0,2,blind_delay,2026093203,97,49,48,1.14993571722788,2.67225680533297,0.0,True,True,False
0,2,queue_aware,2026093203,49,49,0,1.068104555236002,2.3830884218659443,0.0,True,False,True
0,2,blind_delay,2026093204,90,49,41,1.2414766878362282,2.739097629758295,0.0,True,False,True
0,2,queue_aware,2026093204,49,49,0,1.2363282667837887,2.812843667092685,0.0,True,True,False
0,2,blind_delay,2026093205,93,49,44,1.1694883821098196,2.332492044382117,0.0,True,True,False
0,2,queue_aware,2026093205,49,49,0,1.048182651794624,2.437098630738537,0.0,True,False,True
0,2,blind_delay,2026093206,95,49,46,1.3145035246028283,2.6483640491507408,0.0,True,True,False
0,2,queue_aware,2026093206,49,49,0,1.1700339953044419,2.544692551997132,0.0,True,True,False
0,2,blind_delay,2026093207,89,49,40,1.2443356902382008,2.807861452545383,0.0,True,True,False
0,2,queue_aware,2026093207,49,49,0,1.1566795450302312,2.819376819913132,0.0,True,False,True
0,2,blind_delay,2026093208,97,49,48,1.3085646825206065,2.749561004218041,0.0,True,True,False
0,2,queue_aware,2026093208,49,49,0,1.3039443943869722,2.936730907229269,0.0,True,True,False
0,2,blind_delay,2026093209,86,49,37,1.0760410509812548,2.3783094846139514,0.0,True,False,True
0,2,queue_aware,2026093209,49,49,0,0.947232199617394,2.183059495866356,0.0,True,True,False
0,2,blind_delay,2026093210,97,49,48,1.2449377992953583,2.590223182800428,0.0,True,True,False
0,2,queue_aware,2026093210,49,49,0,1.1395580744459661,2.7188236524936573,0.0,True,False,True
0,2,blind_delay,2026093211,88,49,39,1.1830477533794765,2.6741824692279166,0.0,True,False,True
0,2,queue_aware,2026093211,49,49,0,1.069308673755071,2.7503096415232653,0.0,True,False,True
0,2,blind_delay,2026093212,90,49,41,1.1135990242878688,2.559886092899522,0.0,True,False,True
0,2,queue_aware,2026093212,49,49,0,1.1422141825698828,2.7644780217702243,0.0,True,False,True
0,2,blind_delay,2026093213,93,49,44,1.0919280461093273,2.531802535844513,0.0,True,True,False
0,2,queue_aware,2026093213,49,49,0,0.9985915828989577,2.161808386112366,0.0,True,False,True
0,2,blind_delay,2026093214,91,49,42,1.2582567293989895,2.8548383960121324,0.0,True,False,True
0,2,queue_aware,2026093214,49,49,0,1.1773671101578937,2.843366901221033,0.0,True,True,False
0,3,blind_delay,2026103200,91,49,42,1.1921455535731689,2.768249527319658,0.0,True,True,False
0,3,queue_aware,2026103200,49,49,0,1.1221121274004653,2.5583630637525103,0.0,True,False,True
0,3,blind_delay,2026103201,88,49,39,1.1725949337081205,2.8337069523363887,0.0,True,False,True
0,3,queue_aware,2026103201,49,49,0,1.2036579369693403,2.5105436390431586,0.0,True,False,True
0,3,blind_delay,2026103202,93,49,44,1.3346112926532128,3.088274576012921,0.0,True,True,False
0,3,queue_aware,2026103202,49,49,0,1.2368093138276628,2.944448008288454,0.0,True,False,True
0,3,blind_delay,2026103203,86,49,37,1.2923429578687058,2.7478859984002737,0.0,True,False,True
0,3,queue_aware,2026103203,49,49,0,1.1128864370835516,2.224293995296813,0.0,True,False,True
0,3,blind_delay,2026103204,90,49,41,1.2438529999941852,2.5959858496239736,0.0,True,False,True
0,3,queue_aware,2026103204,49,49,0,1.2122049480584676,2.6062808500091537,0.0,True,True,False
0,3,blind_delay,2026103205,88,49,39,1.066131945004718,2.370592620327793,0.0,True,False,True
0,3,queue_aware,2026103205,49,49,0,0.9865277774782037,2.3762454080437165,0.0,True,False,True
0,3,blind_delay,2026103206,97,49,48,1.1997456754265692,2.794566487193381,0.0,True,True,False
0,3,queue_aware,2026103206,49,49,0,1.1293497372373138,2.457731515228581,0.0,True,True,False
0,3,blind_delay,2026103207,97,49,48,1.1703659140983937,2.6735864413913473,0.0,True,True,False
0,3,queue_aware,2026103207,49,49,0,0.9990360626713762,2.22892408278855,0.0,True,False,True
0,3,blind_delay,2026103208,97,49,48,1.0927894698273217,2.315740743625993,0.0,True,True,False
0,3,queue_aware,2026103208,49,49,0,1.0650475367620602,2.696793120918622,0.0,True,False,True
0,3,blind_delay,2026103209,89,49,40,1.2755628272511756,2.6746291363341563,0.0,True,True,False
0,3,queue_aware,2026103209,49,49,0,1.1515087148392185,2.7145562621433443,0.0,True,True,False
0,3,blind_delay,2026103210,89,49,40,1.2039629903585989,2.9161555305654288,0.0,True,True,False
0,3,queue_aware,2026103210,49,49,0,1.1828188372777022,3.010869504036099,0.0,True,False,True
0,3,blind_delay,2026103211,89,49,40,1.1582701629303787,2.5396796555381833,0.0,True,True,False
0,3,queue_aware,2026103211,49,49,0,1.0759369898949689,2.8225303436417053,0.0,True,True,False
0,3,blind_delay,2026103212,92,49,43,1.351082837148933,3.0825188685577705,0.0,True,False,True
0,3,queue_aware,2026103212,49,49,0,1.2264256993211637,2.970690886584055,0.0,True,True,False
0,3,blind_delay,2026103213,89,49,40,1.3268853980183755,2.9710204418499857,0.0,True,True,False
0,3,queue_aware,2026103213,49,49,0,1.198511513367175,2.796629301989358,0.0,True,False,True
0,3,blind_delay,2026103214,92,49,43,1.116409220241429,2.7601148773710182,0.0,True,False,True
0,3,queue_aware,2026103214,49,49,0,1.1380587801335766,2.6775995817545546,0.0,True,False,True
0,5,blind_delay,2026123200,91,49,42,1.1066073074208271,2.6105908445321693,0.0,True,True,False
0,5,queue_aware,2026123200,49,49,0,1.074285232418096,2.6590567696290486,0.0,True,False,True
0,5,blind_delay,2026123201,92,49,43,1.3200589533506153,2.8291499791841743,0.0,True,False,True
0,5,queue_aware,2026123201,49,49,0,1.1272562079340465,2.574788307746698,0.0,True,True,False
0,5,blind_delay,2026123202,95,49,46,1.182875726516629,2.7420159584376824,0.0,True,True,False
0,5,queue_aware,2026123202,49,49,0,1.1448710844926777,2.47054294605047,0.0,True,True,False
0,5,blind_delay,2026123203,87,49,38,1.170712426232668,2.5362203393937013,0.0,True,True,False
0,5,queue_aware,2026123203,49,49,0,1.0245168956773643,2.308771962014638,0.0,True,True,False
0,5,blind_delay,2026123204,97,49,48,1.209111776981044,2.836486496774893,0.0,True,True,False
0,5,queue_aware,2026123204,49,49,0,1.240638882533045,2.8330506967177875,0.0,True,False,True
0,5,blind_delay,2026123205,97,49,48,1.2911049960785865,2.8060740950959016,0.0,True,True,False
0,5,queue_aware,2026123205,49,49,0,1.2064391399694512,2.796546018201385,0.0,True,True,False
0,5,blind_delay,2026123206,87,49,38,1.1904082935351434,2.652580891439724,0.0,True,False,True
0,5,queue_aware,2026123206,49,49,0,1.2533887440785003,2.7491358771139462,0.0,True,False,True
0,5,blind_delay,2026123207,97,49,48,1.159500937807001,2.899395659894935,0.0,True,True,False
0,5,queue_aware,2026123207,49,49,0,1.1414856089804437,2.5999236125114957,0.0,True,True,False
0,5,blind_delay,2026123208,97,49,48,1.0861829439278758,2.713733743512936,0.0,True,True,False
0,5,queue_aware,2026123208,49,49,0,1.0241788196869992,2.52955821374544,0.0,True,False,True
0,5,blind_delay,2026123209,97,49,48,1.2395211978455125,2.8110844496413407,0.0,True,True,False
0,5,queue_aware,2026123209,49,49,0,1.2359940451547293,2.802124400623348,0.0,True,True,False
0,5,blind_delay,2026123210,92,49,43,0.9925697644768282,2.5325679153469443,0.0,True,False,True
0,5,queue_aware,2026123210,49,49,0,0.9997536779352478,2.6133826450887683,0.0,True,True,False
0,5,blind_delay,2026123211,91,49,42,1.2046790818975162,3.0187108439204704,0.0,True,True,False
0,5,queue_aware,2026123211,49,49,0,1.1522778676283278,2.786259271327917,0.0,True,False,True
0,5,blind_delay,2026123212,97,49,48,1.299881740706454,2.854302175805227,0.0,True,True,False
0,5,queue_aware,2026123212,49,49,0,1.2255913411918962,2.6713950260491526,0.0,True,True,False
0,5,blind_delay,2026123213,97,49,48,1.2263481744929947,2.7863504646960653,0.0,True,True,False
0,5,queue_aware,2026123213,49,49,0,1.1804935344932646,2.894017167966947,0.0,True,True,False
0,5,blind_delay,2026123214,91,49,42,1.242935149448485,2.877209822301305,0.0,True,True,False
0,5,queue_aware,2026123214,49,49,0,1.1801670870594445,2.7267894765453855,0.0,True,True,False
1,0,blind_delay,2026173200,49,49,0,1.128377337970225,2.755495746927406,0.0,True,True,False
1,0,queue_aware,2026173200,49,49,0,1.128377337970225,2.755495746927406,0.0,True,True,False
1,0,blind_delay,2026173201,49,49,0,1.1713501520921,2.599470441012854,0.0,True,True,False
1,0,queue_aware,2026173201,49,49,0,1.1713501520921,2.599470441012854,0.0,True,True,False
1,0,blind_delay,2026173202,49,49,0,1.1735748055824662,2.631609291829385,0.0,True,False,True
1,0,queue_aware,2026173202,49,49,0,1.1735748055824662,2.631609291829385,0.0,True,False,True
1,0,blind_delay,2026173203,49,49,0,1.0066851252881812,2.454326102188549,0.0,True,False,True
1,0,queue_aware,2026173203,49,49,0,1.0066851252881812,2.454326102188549,0.0,True,False,True
1,0,blind_delay,2026173204,49,49,0,1.137200514839144,2.757378643375851,0.0,True,True,False
1,0,queue_aware,2026173204,49,49,0,1.137200514839144,2.757378643375851,0.0,True,True,False
1,0,blind_delay,2026173205,49,49,0,1.1226089141958844,2.6161461800121826,0.0,True,False,True
1,0,queue_aware,2026173205,49,49,0,1.1226089141958844,2.6161461800121826,0.0,True,False,True
1,0,blind_delay,2026173206,49,49,0,1.1640176505693467,2.756451328809325,0.0,True,False,True
1,0,queue_aware,2026173206,49,49,0,1.1640176505693467,2.756451328809325,0.0,True,False,True
1,0,blind_delay,2026173207,49,49,0,1.0960645637705233,2.408279344994113,0.0,True,True,False
1,0,queue_aware,2026173207,49,49,0,1.0960645637705233,2.408279344994113,0.0,True,True,False
1,0,blind_delay,2026173208,49,49,0,1.0591977815450289,2.5337142833467827,0.0,True,True,False
1,0,queue_aware,2026173208,49,49,0,1.0591977815450289,2.5337142833467827,0.0,True,True,False
1,0,blind_delay,2026173209,49,49,0,1.1493058255263628,2.501018479398137,0.0,True,True,False
1,0,queue_aware,2026173209,49,49,0,1.1493058255263628,2.501018479398137,0.0,True,True,False
1,0,blind_delay,2026173210,49,49,0,1.0265938079576484,2.4120454484266522,0.0,True,False,True
1,0,queue_aware,2026173210,49,49,0,1.0265938079576484,2.4120454484266522,0.0,True,False,True
1,0,blind_delay,2026173211,49,49,0,1.1592514049801381,2.7174030454221967,0.0,True,True,False
1,0,queue_aware,2026173211,49,49,0,1.1592514049801381,2.7174030454221967,0.0,True,True,False
1,0,blind_delay,2026173212,49,49,0,1.0969202245910037,2.281022552791462,0.0,True,False,True
1,0,queue_aware,2026173212,49,49,0,1.0969202245910037,2.281022552791462,0.0,True,False,True
1,0,blind_delay,2026173213,49,49,0,1.1750366116752653,2.8303932516131773,0.0,True,True,False
1,0,queue_aware,2026173213,49,49,0,1.1750366116752653,2.8303932516131773,0.0,True,True,False
1,0,blind_delay,2026173214,49,49,0,1.1731574051359257,2.525140898030563,0.0,True,True,False
1,0,queue_aware,2026173214,49,49,0,1.1731574051359257,2.525140898030563,0.0,True,True,False
1,1,blind_delay,2026183200,63,49,14,1.0589927268087331,2.642376719793994,0.2857142857142857,True,False,True
1,1,queue_aware,2026183200,49,49,0,0.9995759356542105,2.3881519854173563,0.30612244897959184,True,False,True
1,1,blind_delay,2026183201,76,49,27,1.2976552034751574,2.8982577347225784,0.6122448979591837,True,True,False
1,1,queue_aware,2026183201,49,49,0,1.2679318559164896,3.010421948899359,0.6530612244897959,True,False,True
1,1,blind_delay,2026183202,71,49,22,1.1784078353534777,2.388916208700585,0.5510204081632653,True,False,True
1,1,queue_aware,2026183202,49,49,0,1.1693372161104252,2.785324105862613,0.5714285714285714,True,True,False
1,1,blind_delay,2026183203,78,49,29,1.298648887110169,2.772767271258254,0.673469387755102,True,False,True
1,1,queue_aware,2026183203,49,49,0,1.206525649524774,2.407009639831217,0.6938775510204082,True,True,False
1,1,blind_delay,2026183204,76,49,27,1.2566617710711347,2.840148504922272,0.7551020408163265,True,False,True
1,1,queue_aware,2026183204,49,49,0,1.1948422888583647,2.5938122248928686,0.7959183673469388,True,False,True
1,1,blind_delay,2026183205,64,49,15,1.1870232768227307,2.9066642598247725,0.3673469387755102,True,True,False
1,1,queue_aware,2026183205,49,49,0,1.1388040621772628,2.6939967929580733,0.3469387755102041,True,False,True
1,1,blind_delay,2026183206,62,49,13,1.210722332021244,3.0126680139589537,0.3673469387755102,True,True,False
1,1,queue_aware,2026183206,49,49,0,1.0843483720260072,2.818258927067841,0.3877551020408163,True,False,True
1,1,blind_delay,2026183207,58,49,9,0.9571432982100908,2.460294483192087,0.20408163265306123,True,True,False
1,1,queue_aware,2026183207,49,49,0,1.0306357696166402,2.5858884656492114,0.16326530612244897,True,False,True
1,1,blind_delay,2026183208,69,49,20,1.1127182546063896,2.709879674890243,0.5102040816326531,True,True,False
1,1,queue_aware,2026183208,49,49,0,1.0958543333220236,2.7314505673630656,0.5510204081632653,True,False,True
1,1,blind_delay,2026183209,74,49,25,1.170241210583879,2.5973399002225377,0.5714285714285714,True,True,False
1,1,queue_aware,2026183209,49,49,0,1.14391596157687,2.424031863177225,0.5714285714285714,True,True,False
1,1,blind_delay,2026183210,58,49,9,1.2306172231571892,2.9376968649369086,0.24489795918367346,True,True,False
1,1,queue_aware,2026183210,49,49,0,1.1757702979041225,2.8326147752022277,0.30612244897959184,True,False,True
1,1,blind_delay,2026183211,64,49,15,1.1503803033758413,2.4401485495343587,0.46938775510204084,True,False,True
1,1,queue_aware,2026183211,49,49,0,1.0978574623344695,2.344185126125061,0.46938775510204084,True,False,True
1,1,blind_delay,2026183212,59,49,10,1.2276089615363963,3.065485705096346,0.32653061224489793,True,False,True
1,1,queue_aware,2026183212,49,49,0,1.1612489826848111,2.8079733173750605,0.30612244897959184,True,True,False
1,1,blind_delay,2026183213,60,49,11,0.9884733616095881,2.301057454971309,0.3673469387755102,True,True,False
1,1,queue_aware,2026183213,49,49,0,0.9184217102748562,2.116364809498161,0.3877551020408163,True,False,True
1,1,blind_delay,2026183214,80,49,31,1.2152345775031357,2.998088876894629,0.8163265306122449,True,False,True
1,1,queue_aware,2026183214,49,49,0,1.1153037423412342,2.508239696493286,0.9387755102040817,True,False,True
1,2,blind_delay,2026193200,97,49,48,1.2189121085786203,2.646373579590015,0.5306122448979592,True,True,False
1,2,queue_aware,2026193200,49,49,0,1.1465966937789747,2.5795499912211417,0.3469387755102041,True,True,False
1,2,blind_delay,2026193201,90,49,41,1.1586357818033302,2.8658191228531846,0.5510204081632653,True,True,False
1,2,queue_aware,2026193201,49,49,0,1.1697934066305267,2.612871504176879,0.5714285714285714,True,False,True
1,2,blind_delay,2026193202,97,49,48,1.1679457713713777,2.8927464902251527,0.46938775510204084,True,True,False
1,2,queue_aware,2026193202,49,49,0,1.0463338516828546,2.5317280475546373,0.5510204081632653,True,True,False
1,2,blind_delay,2026193203,90,49,41,1.0372109566426115,2.5986878372785456,0.3469387755102041,True,True,False
1,2,queue_aware,2026193203,49,49,0,1.0125742592756592,2.6566942472418376,0.30612244897959184,True,True,False
1,2,blind_delay,2026193204,91,49,42,1.201045197268703,2.7953867555176735,0.42857142857142855,True,True,False
1,2,queue_aware,2026193204,49,49,0,1.125299557073998,2.804605388972068,0.42857142857142855,True,False,True
1,2,blind_delay,2026193205,91,49,42,1.2278556085402317,2.9106800884579664,0.24489795918367346,True,True,False
1,2,queue_aware,2026193205,49,49,0,1.099928200719462,2.5475089358098493,0.3469387755102041,True,False,True
1,2,blind_delay,2026193206,97,49,48,1.1971552822186629,2.744459984710322,0.8979591836734694,True,True,False
1,2,queue_aware,2026193206,49,49,0,1.1617265990253771,2.9253156646158147,0.9183673469387755,True,True,False
1,2,blind_delay,2026193207,86,49,37,1.1938153575557648,2.425493826126283,0.5306122448979592,True,False,True
1,2,queue_aware,2026193207,49,49,0,1.126603682814643,2.4654911172908407,0.46938775510204084,True,True,False
1,2,blind_delay,2026193208,89,49,40,1.253855832944159,2.784854478345441,0.3469387755102041,True,True,False
1,2,queue_aware,2026193208,49,49,0,1.207773989712343,2.846387217825228,0.32653061224489793,True,True,False
1,2,blind_delay,2026193209,84,49,35,1.2659103607792883,2.6528429938380746,0.3877551020408163,True,False,True
1,2,queue_aware,2026193209,49,49,0,1.1439011262393324,2.5746828187635713,0.4489795918367347,True,True,False
1,2,blind_delay,2026193210,92,49,43,1.0711289086030036,2.50076564999736,0.3673469387755102,True,True,False
1,2,queue_aware,2026193210,49,49,0,1.0712137707005103,2.7030512269177986,0.4897959183673469,True,True,False
1,2,blind_delay,2026193211,92,49,43,1.04903007591203,2.4157081032330994,0.7959183673469388,True,False,True
1,2,queue_aware,2026193211,49,49,0,1.006792120573321,2.352478545546358,0.8367346938775511,True,True,False
1,2,blind_delay,2026193212,89,49,40,1.1317488633765769,2.8589024621613426,0.8367346938775511,True,True,False
1,2,queue_aware,2026193212,49,49,0,1.0243286263193085,2.518574732335592,0.8367346938775511,True,False,True
1,2,blind_delay,2026193213,87,49,38,1.3825557253578697,2.9856379419673233,0.5918367346938775,True,True,False
1,2,queue_aware,2026193213,49,49,0,1.265068236455188,2.887599647530416,0.5510204081632653,True,True,False
1,2,blind_delay,2026193214,87,49,38,1.1924223992650926,2.7378088244596124,0.14285714285714285,True,True,False
1,2,queue_aware,2026193214,49,49,0,1.123085802238631,2.6726205985516853,0.14285714285714285,True,False,True
1,3,blind_delay,2026203200,87,49,38,1.2458401506709313,2.37962734788351,0.7551020408163265,True,True,False
1,3,queue_aware,2026203200,49,49,0,1.1834450058539419,2.437572529981765,0.7346938775510204,True,True,False
1,3,blind_delay,2026203201,91,49,42,1.2523709912636491,2.671415790214591,0.7142857142857143,True,True,False
1,3,queue_aware,2026203201,49,49,0,1.025739824826363,2.2106767710139272,0.5714285714285714,True,True,False
1,3,blind_delay,2026203202,90,49,41,1.2562568756365322,2.8474058392824273,0.5510204081632653,True,True,False
1,3,queue_aware,2026203202,49,49,0,1.2110442493348315,2.7823791807356995,0.4489795918367347,True,False,True
1,3,blind_delay,2026203203,83,49,34,1.1732592916080151,2.868977080283149,0.46938775510204084,True,True,False
1,3,queue_aware,2026203203,49,49,0,1.1344048523185937,2.345196069273365,0.3877551020408163,True,False,True
1,3,blind_delay,2026203204,89,49,40,1.2254333783665605,2.7164482132879724,0.7755102040816326,True,True,False
1,3,queue_aware,2026203204,49,49,0,1.0980168255204668,2.721262658830493,0.7959183673469388,True,True,False
1,3,blind_delay,2026203205,90,49,41,1.3221677831979657,3.055102130294484,0.4897959183673469,True,False,True
1,3,queue_aware,2026203205,49,49,0,1.120535343416246,2.2434599222603815,0.4897959183673469,True,False,True
1,3,blind_delay,2026203206,97,49,48,1.4030696219061936,2.9029658641075344,0.7755102040816326,True,True,False
1,3,queue_aware,2026203206,49,49,0,1.236016098749532,2.9640807358734507,0.7551020408163265,True,False,True
1,3,blind_delay,2026203207,95,49,46,1.1986765638534618,2.9674905309968533,0.4897959183673469,True,True,False
1,3,queue_aware,2026203207,49,49,0,1.1528332352183788,2.8489141265825277,0.4897959183673469,True,True,False
1,3,blind_delay,2026203208,91,49,42,1.251797901399734,2.884562600029403,0.8163265306122449,True,True,False
1,3,queue_aware,2026203208,49,49,0,1.1237726268710113,2.746617341947,0.7959183673469388,True,True,False
1,3,blind_delay,2026203209,92,49,43,1.1566009432575566,2.640273025105153,0.7551020408163265,True,False,True
1,3,queue_aware,2026203209,49,49,0,1.1805226372704105,2.831356706077655,0.6530612244897959,True,False,True
1,3,blind_delay,2026203210,97,49,48,1.2586616401215638,2.735243590711739,0.30612244897959184,True,True,False
1,3,queue_aware,2026203210,49,49,0,1.1094829420527912,2.3955461449957034,0.3673469387755102,True,True,False
1,3,blind_delay,2026203211,92,49,43,1.2894616187930985,2.9525826718341945,0.9795918367346939,True,False,True
1,3,queue_aware,2026203211,49,49,0,1.1787422847217488,2.6457521242612243,0.9183673469387755,True,False,True
1,3,blind_delay,2026203212,88,49,39,1.184351171147368,2.8319102840720314,0.46938775510204084,True,False,True
1,3,queue_aware,2026203212,49,49,0,1.060060673789572,2.734662684406289,0.5306122448979592,True,True,False
1,3,blind_delay,2026203213,97,49,48,1.2395364569970058,2.7207676337944147,0.12244897959183673,True,True,False
1,3,queue_aware,2026203213,49,49,0,1.1154103088039855,2.390017717214713,0.20408163265306123,True,True,False
1,3,blind_delay,2026203214,89,49,40,1.1691155108847644,2.912320760051961,0.5510204081632653,True,True,False
1,3,queue_aware,2026203214,49,49,0,1.2025578430357426,2.9369861335013137,0.5306122448979592,True,False,True
1,5,blind_delay,2026223200,93,49,44,1.1289515414385967,2.6324399599861215,0.673469387755102,True,True,False
1,5,queue_aware,2026223200,49,49,0,1.0691748646086516,2.403663941014279,0.5714285714285714,True,True,False
1,5,blind_delay,2026223201,97,49,48,0.9987278708265903,2.1592221499661663,0.8367346938775511,True,True,False
1,5,queue_aware,2026223201,49,49,0,1.0461907276162132,2.4775097727180904,0.7755102040816326,True,True,False
1,5,blind_delay,2026223202,98,49,49,1.2807937004879304,2.851908544041575,0.42857142857142855,True,True,False
1,5,queue_aware,2026223202,49,49,0,1.2233222292199886,2.7022514983442973,0.6326530612244898,True,True,False
1,5,blind_delay,2026223203,95,49,46,1.1578820212706507,2.7664113636026717,0.6326530612244898,True,True,False
1,5,queue_aware,2026223203,49,49,0,1.0989985719387152,2.262248890429555,0.673469387755102,True,True,False
1,5,blind_delay,2026223204,95,49,46,1.0729193366987853,2.509714681523155,0.4489795918367347,True,True,False
1,5,queue_aware,2026223204,49,49,0,1.044231618490171,2.3766490244865572,0.4489795918367347,True,False,True
1,5,blind_delay,2026223205,96,49,47,1.2772469079904514,2.895268777398293,0.30612244897959184,True,False,True
1,5,queue_aware,2026223205,49,49,0,1.2053156846966566,2.6787033955068527,0.2857142857142857,True,False,True
1,5,blind_delay,2026223206,97,49,48,1.0101916847459653,2.857060992570976,0.3469387755102041,True,True,False
1,5,queue_aware,2026223206,49,49,0,1.0456064099457754,2.980382828594744,0.24489795918367346,True,False,True
1,5,blind_delay,2026223207,97,49,48,1.1312922634157276,2.61597332465556,0.30612244897959184,True,True,False
1,5,queue_aware,2026223207,49,49,0,1.0994788606521149,2.8452748814219713,0.32653061224489793,True,False,True
1,5,blind_delay,2026223208,94,49,45,1.2756981597613022,2.634195256748214,0.7755102040816326,True,False,True
1,5,queue_aware,2026223208,49,49,0,1.2325233436528995,2.7374098924147434,0.8163265306122449,True,False,True
1,5,blind_delay,2026223209,88,49,39,1.1523522949448493,2.561582700880335,0.3673469387755102,True,False,True
1,5,queue_aware,2026223209,49,49,0,1.0488616053440256,2.3939899756197094,0.42857142857142855,True,True,False
1,5,blind_delay,2026223210,95,49,46,1.2602279682142419,2.570048110335503,0.20408163265306123,True,True,False
1,5,queue_aware,2026223210,49,49,0,1.140008949907292,2.8068617044536857,0.10204081632653061,True,False,True
1,5,blind_delay,2026223211,93,49,44,1.2836714335460615,2.3392885002377555,0.8367346938775511,True,True,False
1,5,queue_aware,2026223211,49,49,0,1.1812544959266917,2.3392885002377555,0.8775510204081632,True,False,True
1,5,blind_delay,2026223212,97,49,48,1.2184205138730428,2.964121432390951,0.8775510204081632,True,True,False
1,5,queue_aware,2026223212,49,49,0,1.1133920913614463,2.5607330133230484,0.8367346938775511,True,True,False
1,5,blind_delay,2026223213,93,49,44,1.2741990560595862,2.8005565884341808,0.5102040816326531,True,True,False
1,5,queue_aware,2026223213,49,49,0,1.323775178839381,2.771309361294403,0.5306122448979592,True,False,True
1,5,blind_delay,2026223214,92,49,43,1.2855339403318944,2.919357769619668,0.3469387755102041,True,False,True
1,5,queue_aware,2026223214,49,49,0,1.2541533244776542,2.6450560069380646,0.3673469387755102,True,False,True
2,0,blind_delay,2026273200,49,49,0,1.1249632555342675,2.5025625981168638,0.0,True,True,False
2,0,queue_aware,2026273200,49,49,0,1.1249632555342675,2.5025625981168638,0.0,True,True,False
2,0,blind_delay,2026273201,49,49,0,1.0234966850384093,2.1049592749876376,0.0,True,True,False
2,0,queue_aware,2026273201,49,49,0,1.0234966850384093,2.1049592749876376,0.0,True,True,False
2,0,blind_delay,2026273202,49,49,0,1.0644194937755838,2.596629612188319,0.0,True,False,True
2,0,queue_aware,2026273202,49,49,0,1.0644194937755838,2.596629612188319,0.0,True,False,True
2,0,blind_delay,2026273203,49,49,0,0.9896848566121766,2.472519499017128,0.0,True,True,False
2,0,queue_aware,2026273203,49,49,0,0.9896848566121766,2.472519499017128,0.0,True,True,False
2,0,blind_delay,2026273204,49,49,0,1.11698726295453,2.5435056132979663,0.0,True,False,True
2,0,queue_aware,2026273204,49,49,0,1.11698726295453,2.5435056132979663,0.0,True,False,True
2,0,blind_delay,2026273205,49,49,0,1.0876042599610056,2.6041742237732532,0.0,True,True,False
2,0,queue_aware,2026273205,49,49,0,1.0876042599610056,2.6041742237732532,0.0,True,True,False
2,0,blind_delay,2026273206,49,49,0,1.2179302225482387,2.5163643352022604,0.0,True,True,False
2,0,queue_aware,2026273206,49,49,0,1.2179302225482387,2.5163643352022604,0.0,True,True,False
2,0,blind_delay,2026273207,49,49,0,1.146386562810402,2.6367825633369155,0.0,True,True,False
2,0,queue_aware,2026273207,49,49,0,1.146386562810402,2.6367825633369155,0.0,True,True,False
2,0,blind_delay,2026273208,49,49,0,1.0704153747535339,2.6920828433315367,0.0,True,True,False
2,0,queue_aware,2026273208,49,49,0,1.0704153747535339,2.6920828433315367,0.0,True,True,False
2,0,blind_delay,2026273209,49,49,0,1.0777615144728223,2.506918114977097,0.0,True,True,False
2,0,queue_aware,2026273209,49,49,0,1.0777615144728223,2.506918114977097,0.0,True,True,False
2,0,blind_delay,2026273210,49,49,0,1.072644646215489,2.48908080640631,0.0,True,True,False
2,0,queue_aware,2026273210,49,49,0,1.072644646215489,2.48908080640631,0.0,True,True,False
2,0,blind_delay,2026273211,49,49,0,1.1835276858744834,2.8207370127442335,0.0,True,False,True
2,0,queue_aware,2026273211,49,49,0,1.1835276858744834,2.8207370127442335,0.0,True,False,True
2,0,blind_delay,2026273212,49,49,0,1.087155062902157,2.6395499284473374,0.0,True,False,True
2,0,queue_aware,2026273212,49,49,0,1.087155062902157,2.6395499284473374,0.0,True,False,True
2,0,blind_delay,2026273213,49,49,0,1.1513526785771,2.621809934120698,0.0,True,False,True
2,0,queue_aware,2026273213,49,49,0,1.1513526785771,2.621809934120698,0.0,True,False,True
2,0,blind_delay,2026273214,49,49,0,1.101802921780753,2.6597330818926537,0.0,True,False,True
2,0,queue_aware,2026273214,49,49,0,1.101802921780753,2.6597330818926537,0.0,True,False,True
2,1,blind_delay,2026283200,55,49,6,1.2020365282111587,2.603748065580167,0.5306122448979592,True,False,True
2,1,queue_aware,2026283200,49,49,0,1.1801568244226082,2.5556587646395004,0.4897959183673469,True,False,True
2,1,blind_delay,2026283201,57,49,8,1.0929246566749218,2.907755091334443,0.6122448979591837,True,False,True
2,1,queue_aware,2026283201,49,49,0,1.1395086086255173,2.524225553672969,0.5306122448979592,True,False,True
2,1,blind_delay,2026283202,84,49,35,1.1548925136732944,2.7880261860995703,1.7551020408163265,True,False,True
2,1,queue_aware,2026283202,49,49,0,0.989804496684286,2.4330446602460527,1.6734693877551021,True,False,True
2,1,blind_delay,2026283203,78,49,29,1.2776385142777587,2.879370620114898,1.5510204081632653,True,True,False
2,1,queue_aware,2026283203,49,49,0,1.1907865169290937,2.6989097239631654,1.5918367346938775,True,False,True
2,1,blind_delay,2026283204,64,49,15,1.1513622335773255,2.8851210501171973,0.8163265306122449,True,False,True
2,1,queue_aware,2026283204,49,49,0,1.134484063405909,2.4492205274533427,0.8163265306122449,True,True,False
2,1,blind_delay,2026283205,74,49,25,1.018249779500158,2.311557307689726,1.346938775510204,True,False,True
2,1,queue_aware,2026283205,49,49,0,1.0286226193330692,2.400325615562682,1.3061224489795917,True,False,True
2,1,blind_delay,2026283206,60,49,11,1.1393354706200987,2.728647405729571,0.5714285714285714,True,True,False
2,1,queue_aware,2026283206,49,49,0,1.0062438438151933,2.3812544947083,0.6122448979591837,True,False,True
2,1,blind_delay,2026283207,75,49,26,1.2208874602269866,2.7417797423391135,1.2653061224489797,True,True,False
2,1,queue_aware,2026283207,49,49,0,1.0097601559392608,2.4657708147933035,0.8979591836734694,True,True,False
2,1,blind_delay,2026283208,52,49,3,1.2802290618981225,2.984775588556352,0.16326530612244897,True,False,True
2,1,queue_aware,2026283208,49,49,0,1.2329306589489115,2.9714525218210923,0.20408163265306123,True,True,False
2,1,blind_delay,2026283209,76,49,27,1.2074106362033827,2.497662296015867,1.346938775510204,True,True,False
2,1,queue_aware,2026283209,49,49,0,1.1522761120813492,2.428655743220107,1.2653061224489797,True,True,False
2,1,blind_delay,2026283210,59,49,10,1.338603233590182,2.8044604013053562,0.5306122448979592,True,True,False
2,1,queue_aware,2026283210,49,49,0,1.2431029542966083,2.678052348511862,0.5714285714285714,True,False,True
2,1,blind_delay,2026283211,74,49,25,1.063073345272457,2.706347929991444,1.183673469387755,True,True,False
2,1,queue_aware,2026283211,49,49,0,0.9558202986436026,2.3191229354695695,0.9795918367346939,True,True,False
2,1,blind_delay,2026283212,89,49,40,1.154472164664305,2.4820843556709944,1.9591836734693877,True,False,True
2,1,queue_aware,2026283212,49,49,0,0.9671398717882014,2.52165924516658,1.6734693877551021,True,False,True
2,1,blind_delay,2026283213,58,49,9,1.197046682707446,2.649597343038385,0.4489795918367347,True,False,True
2,1,queue_aware,2026283213,49,49,0,1.2287990044193036,2.8031209016443284,0.4489795918367347,True,False,True
2,1,blind_delay,2026283214,54,49,5,1.2915580391739783,2.799814677031404,0.5306122448979592,True,False,True
2,1,queue_aware,2026283214,49,49,0,1.2237221419068298,2.907115012658152,0.5714285714285714,True,False,True
2,2,blind_delay,2026293200,90,49,41,1.218009177664764,2.7275145445452567,1.5918367346938775,True,False,True
2,2,queue_aware,2026293200,49,49,0,1.1855223980936624,2.3934115559308906,1.469387755102041,True,True,False
2,2,blind_delay,2026293201,87,49,38,1.0649643275498926,2.005265987847425,0.5714285714285714,True,True,False
2,2,queue_aware,2026293201,49,49,0,1.1056710733365902,2.2418938858601054,0.4897959183673469,True,True,False
2,2,blind_delay,2026293202,92,49,43,1.1907596884940161,2.702554918934637,0.7346938775510204,True,False,True
2,2,queue_aware,2026293202,49,49,0,1.0372123372543287,2.7183662366376,0.6938775510204082,True,False,True
2,2,blind_delay,2026293203,86,49,37,1.0968320918343841,2.5948157270064534,1.346938775510204,True,False,True
2,2,queue_aware,2026293203,49,49,0,1.0970040915390131,2.421410967636294,1.3877551020408163,True,True,False
2,2,blind_delay,2026293204,91,49,42,1.262572516141835,2.882333034152931,0.7346938775510204,True,True,False
2,2,queue_aware,2026293204,49,49,0,1.123176929195464,2.621833438170251,0.6530612244897959,True,False,True
2,2,blind_delay,2026293205,97,49,48,1.226882507080736,2.987188073318113,0.24489795918367346,True,True,False
2,2,queue_aware,2026293205,49,49,0,1.2463853393193074,2.4558208210748598,0.16326530612244897,True,True,False
2,2,blind_delay,2026293206,89,49,40,1.0989396781176495,2.577094642354158,1.2653061224489797,True,False,True
2,2,queue_aware,2026293206,49,49,0,1.113825868789227,2.608082902713685,1.3061224489795917,True,False,True
2,2,blind_delay,2026293207,86,49,37,1.2001489463905857,2.2598385844854794,0.5306122448979592,True,False,True
2,2,queue_aware,2026293207,49,49,0,1.1819885427195707,2.278953409257791,0.7346938775510204,True,True,False
2,2,blind_delay,2026293208,97,49,48,1.1709207323042141,2.7609486513853816,1.4285714285714286,True,True,False
2,2,queue_aware,2026293208,49,49,0,1.0764154258693814,2.807872826444954,1.1020408163265305,True,True,False
2,2,blind_delay,2026293209,91,49,42,1.2420518449007378,2.729343420286341,1.836734693877551,True,True,False
2,2,queue_aware,2026293209,49,49,0,1.1722373265955786,2.836888208762663,1.836734693877551,True,True,False
2,2,blind_delay,2026293210,86,49,37,1.1023999453311184,2.8623900804179794,1.0612244897959184,True,True,False
2,2,queue_aware,2026293210,49,49,0,1.147631100515676,2.554332304714863,1.1020408163265305,True,True,False
2,2,blind_delay,2026293211,97,49,48,1.1350097930437053,2.683872182693985,0.6938775510204082,True,True,False
2,2,queue_aware,2026293211,49,49,0,1.104294698365228,2.4130385997631976,0.6530612244897959,True,True,False
2,2,blind_delay,2026293212,89,49,40,1.188071382362288,2.9199302336632726,0.6122448979591837,True,True,False
2,2,queue_aware,2026293212,49,49,0,1.1837905469851295,2.4739636262044953,0.6530612244897959,True,False,True
2,2,blind_delay,2026293213,90,49,41,1.2602617817933948,2.801889155281546,1.2653061224489797,True,False,True
2,2,queue_aware,2026293213,49,49,0,1.1397062140266752,2.7343947053808426,1.1020408163265305,True,False,True
2,2,blind_delay,2026293214,88,49,39,1.3044608155931567,2.8942128472499546,0.7346938775510204,True,False,True
2,2,queue_aware,2026293214,49,49,0,1.1660293997921234,2.8988282133981245,0.7755102040816326,True,True,False
2,3,blind_delay,2026303200,89,49,40,1.2039228391780679,2.765078456092051,1.510204081632653,True,True,False
2,3,queue_aware,2026303200,49,49,0,1.0753101315308051,2.6109457014373434,1.469387755102041,True,False,True
2,3,blind_delay,2026303201,97,49,48,1.206740429822193,2.8486543843295413,1.2244897959183674,True,True,False
2,3,queue_aware,2026303201,49,49,0,1.1973004244194758,2.8452213997645646,1.183673469387755,True,False,True
2,3,blind_delay,2026303202,93,49,44,1.2376223609910193,2.6612891719643534,0.6530612244897959,True,True,False
2,3,queue_aware,2026303202,49,49,0,1.1343697849698233,2.300818690556521,0.7346938775510204,True,True,False
2,3,blind_delay,2026303203,93,49,44,1.2491133919730368,2.7013164172508963,1.3061224489795917,True,True,False
2,3,queue_aware,2026303203,49,49,0,1.100570308667605,2.37631234503593,1.183673469387755,True,True,False
2,3,blind_delay,2026303204,83,49,34,1.2447157814722996,2.7882561213555337,1.3877551020408163,True,False,True
2,3,queue_aware,2026303204,49,49,0,1.1141376979834081,2.8391057348189177,1.1428571428571428,True,False,True
2,3,blind_delay,2026303205,96,49,47,1.168474433538352,2.8435312971054043,0.5306122448979592,True,False,True
2,3,queue_aware,2026303205,49,49,0,1.0728534177161646,2.7958572566318516,0.6530612244897959,True,False,True
2,3,blind_delay,2026303206,97,49,48,1.06043465089945,2.9435056212514024,1.510204081632653,True,True,False
2,3,queue_aware,2026303206,49,49,0,0.9686783504428172,2.5060305334449824,1.5510204081632653,True,True,False
2,3,blind_delay,2026303207,91,49,42,1.250022982405219,2.870859791702241,1.183673469387755,True,True,False
2,3,queue_aware,2026303207,49,49,0,1.1205032712517449,2.616908790621329,0.9795918367346939,True,True,False
2,3,blind_delay,2026303208,93,49,44,1.20904471133722,2.892470932165207,0.6938775510204082,True,True,False
2,3,queue_aware,2026303208,49,49,0,1.1026437090745,2.453256435373273,0.8163265306122449,True,True,False
2,3,blind_delay,2026303209,92,49,43,1.1541087733665363,2.641478356073824,0.9795918367346939,True,False,True
2,3,queue_aware,2026303209,49,49,0,1.0731643052363131,2.672966225064684,1.0204081632653061,True,True,False
2,3,blind_delay,2026303210,97,49,48,1.181135830603787,2.9206381466672937,1.0204081632653061,True,True,False
2,3,queue_aware,2026303210,49,49,0,1.1244044337990005,2.7647060661801484,0.7755102040816326,True,False,True
2,3,blind_delay,2026303211,97,49,48,1.1663414839265942,2.5470144363748566,1.1428571428571428,True,True,False
2,3,queue_aware,2026303211,49,49,0,1.0893837062500615,2.783292291605027,0.9795918367346939,True,True,False
2,3,blind_delay,2026303212,90,49,41,1.1460730455088417,3.020831799884838,1.469387755102041,True,False,True
2,3,queue_aware,2026303212,49,49,0,1.0842583936901025,2.3857760477721874,1.2653061224489797,True,False,True
2,3,blind_delay,2026303213,97,49,48,1.2140489772465242,2.8645034494798955,1.6734693877551021,True,True,False
2,3,queue_aware,2026303213,49,49,0,1.1037981913297665,2.670183471456842,1.5510204081632653,True,True,False
2,3,blind_delay,2026303214,97,49,48,1.2017008386078225,2.8131076326073714,1.6734693877551021,True,True,False
2,3,queue_aware,2026303214,49,49,0,1.1397337375523415,2.5780365268303935,1.4285714285714286,True,False,True
2,5,blind_delay,2026323200,95,49,46,1.214712988202532,2.725897750157253,1.4285714285714286,True,True,False
2,5,queue_aware,2026323200,49,49,0,1.143388133294258,2.691793455496357,1.469387755102041,True,False,True
2,5,blind_delay,2026323201,85,49,36,1.1875603155501226,2.6266483109371164,1.3877551020408163,True,True,False
2,5,queue_aware,2026323201,49,49,0,1.133964896263497,2.0829723911814932,1.346938775510204,True,True,False
2,5,blind_delay,2026323202,97,49,48,1.276846143579014,2.7270325666610145,1.5510204081632653,True,True,False
2,5,queue_aware,2026323202,49,49,0,1.2830105712053874,2.74841221088978,1.4285714285714286,True,False,True
2,5,blind_delay,2026323203,91,49,42,1.324799731065807,2.969784518678825,0.7346938775510204,True,True,False
2,5,queue_aware,2026323203,49,49,0,1.1336157991207916,2.8285179307288613,0.6938775510204082,True,False,True
2,5,blind_delay,2026323204,97,49,48,1.2342998077248626,2.791162629590401,0.6938775510204082,True,True,False
2,5,queue_aware,2026323204,49,49,0,1.1435987348710333,2.4002136924979123,0.9795918367346939,True,False,True
2,5,blind_delay,2026323205,97,49,48,1.1926558673183263,2.6115155441247144,0.40816326530612246,True,True,False
2,5,queue_aware,2026323205,49,49,0,1.107161411943857,2.6535997867071632,0.40816326530612246,True,False,True
2,5,blind_delay,2026323206,97,49,48,1.1198527955035906,2.7590000318560017,1.2244897959183674,True,True,False
2,5,queue_aware,2026323206,49,49,0,1.1211599489766952,2.6845745352738577,1.1428571428571428,True,False,True
2,5,blind_delay,2026323207,89,49,40,1.2169344579652936,2.65087222935444,0.40816326530612246,True,True,False
2,5,queue_aware,2026323207,49,49,0,1.1670682602612406,2.444998682575888,0.40816326530612246,True,True,False
2,5,blind_delay,2026323208,97,49,48,1.095197024295301,2.3818278904470396,1.0204081632653061,True,True,False
2,5,queue_aware,2026323208,49,49,0,1.1254462760531503,2.5837552137191286,1.1020408163265305,True,True,False
2,5,blind_delay,2026323209,90,49,41,1.1025416508812167,2.484230605701768,0.5714285714285714,True,False,True
2,5,queue_aware,2026323209,49,49,0,1.0321667508663015,2.370981048089883,0.6122448979591837,True,False,True
2,5,blind_delay,2026323210,87,49,38,1.00764907783931,2.8162407371972153,0.9387755102040817,True,True,False
2,5,queue_aware,2026323210,49,49,0,1.0059219305330533,2.4847512097879703,0.8979591836734694,True,True,False
2,5,blind_delay,2026323211,97,49,48,1.2670272551500192,2.977613730081212,1.0612244897959184,True,True,False
2,5,queue_aware,2026323211,49,49,0,1.156769080597108,2.591885314480419,0.9387755102040817,True,False,True
2,5,blind_delay,2026323212,93,49,44,1.156662586470284,2.931013252552501,0.8979591836734694,True,False,True
2,5,queue_aware,2026323212,49,49,0,1.1482752842650157,2.574016833877569,0.9387755102040817,True,False,True
2,5,blind_delay,2026323213,96,49,47,1.1254859443245626,2.8799874601100166,1.4285714285714286,True,True,False
2,5,queue_aware,2026323213,49,49,0,0.9995687011119603,2.567527602531426,1.5510204081632653,True,True,False
2,5,blind_delay,2026323214,93,49,44,1.2259828805397983,2.9913245914003093,1.510204081632653,True,True,False
2,5,queue_aware,2026323214,49,49,0,1.1279411430926167,2.6817202108641536,1.5918367346938775,True,True,False
