delay,policy,seed,turns,moves,stale_conflicts,mean_phase_error,p95_phase_error,mean_extra_hold,full_board,blue_win,yellow_win
0,blind_delay,2026073100,49,49,0,1.1544622964527251,2.842553291963239,0.0,True,True,False
0,queue_aware,2026073100,49,49,0,1.1544622964527251,2.842553291963239,0.0,True,True,False
0,blind_delay,2026073101,49,49,0,1.184210868103113,3.063650400464399,0.0,True,False,True
0,queue_aware,2026073101,49,49,0,1.184210868103113,3.063650400464399,0.0,True,False,True
0,blind_delay,2026073102,49,49,0,1.1000795527733835,2.2426775306384035,0.0,True,False,True
0,queue_aware,2026073102,49,49,0,1.1000795527733835,2.2426775306384035,0.0,True,False,True
0,blind_delay,2026073103,49,49,0,1.0942787386099178,2.2598748154960653,0.0,True,True,False
0,queue_aware,2026073103,49,49,0,1.0942787386099178,2.2598748154960653,0.0,True,True,False
0,blind_delay,2026073104,49,49,0,1.1927143066707984,2.66442818359248,0.0,True,True,False
0,queue_aware,2026073104,49,49,0,1.1927143066707984,2.66442818359248,0.0,True,True,False
0,blind_delay,2026073105,49,49,0,1.2610558487301946,2.735245905380077,0.0,True,True,False
0,queue_aware,2026073105,49,49,0,1.2610558487301946,2.735245905380077,0.0,True,True,False
0,blind_delay,2026073106,49,49,0,1.0865032313982608,2.7898983562767317,0.0,True,False,True
0,queue_aware,2026073106,49,49,0,1.0865032313982608,2.7898983562767317,0.0,True,False,True
0,blind_delay,2026073107,49,49,0,1.1369901584559816,2.567662590009622,0.0,True,False,True
0,queue_aware,2026073107,49,49,0,1.1369901584559816,2.567662590009622,0.0,True,False,True
0,blind_delay,2026073108,49,49,0,1.1943172138063431,2.856807382335458,0.0,True,True,False
0,queue_aware,2026073108,49,49,0,1.1943172138063431,2.856807382335458,0.0,True,True,False
0,blind_delay,2026073109,49,49,0,1.0512575982038836,2.307940092861927,0.0,True,True,False
0,queue_aware,2026073109,49,49,0,1.0512575982038836,2.307940092861927,0.0,True,True,False
0,blind_delay,2026073110,49,49,0,1.1371130151665423,2.2152722578161734,0.0,True,False,True
0,queue_aware,2026073110,49,49,0,1.1371130151665423,2.2152722578161734,0.0,True,False,True
0,blind_delay,2026073111,49,49,0,1.0508381470193766,2.4536020844574735,0.0,True,True,False
0,queue_aware,2026073111,49,49,0,1.0508381470193766,2.4536020844574735,0.0,True,True,False
0,blind_delay,2026073112,49,49,0,0.9647054054349075,2.109987349243517,0.0,True,False,True
0,queue_aware,2026073112,49,49,0,0.9647054054349075,2.109987349243517,0.0,True,False,True
0,blind_delay,2026073113,49,49,0,1.1953087259049253,2.9176352122246048,0.0,True,True,False
0,queue_aware,2026073113,49,49,0,1.1953087259049253,2.9176352122246048,0.0,True,True,False
0,blind_delay,2026073114,49,49,0,1.0877647637803753,2.91212001140317,0.0,True,False,True
0,queue_aware,2026073114,49,49,0,1.0877647637803753,2.91212001140317,0.0,True,False,True
0,blind_delay,2026073115,49,49,0,0.9623178672153017,2.673032876440626,0.0,True,False,True
0,queue_aware,2026073115,49,49,0,0.9623178672153017,2.673032876440626,0.0,True,False,True
0,blind_delay,2026073116,49,49,0,0.9967080986528403,2.4100605201150076,0.0,True,False,True
0,queue_aware,2026073116,49,49,0,0.9967080986528403,2.4100605201150076,0.0,True,False,True
0,blind_delay,2026073117,49,49,0,1.0111872412178184,2.39983283954827,0.0,True,True,False
0,queue_aware,2026073117,49,49,0,1.0111872412178184,2.39983283954827,0.0,True,True,False
0,blind_delay,2026073118,49,49,0,1.0384641245266544,2.7776495042502627,0.0,True,False,True
0,queue_aware,2026073118,49,49,0,1.0384641245266544,2.7776495042502627,0.0,True,False,True
0,blind_delay,2026073119,49,49,0,1.1057071915618895,2.1581569640852423,0.0,True,True,False
0,queue_aware,2026073119,49,49,0,1.1057071915618895,2.1581569640852423,0.0,True,True,False
0,blind_delay,2026073120,49,49,0,1.108146542011097,2.82964725319739,0.0,True,True,False
0,queue_aware,2026073120,49,49,0,1.108146542011097,2.82964725319739,0.0,True,True,False
0,blind_delay,2026073121,49,49,0,1.2978791200325874,2.7269215057257563,0.0,True,True,False
0,queue_aware,2026073121,49,49,0,1.2978791200325874,2.7269215057257563,0.0,True,True,False
0,blind_delay,2026073122,49,49,0,1.1455761925595886,2.856860457875781,0.0,True,False,True
0,queue_aware,2026073122,49,49,0,1.1455761925595886,2.856860457875781,0.0,True,False,True
0,blind_delay,2026073123,49,49,0,1.1313419004414103,2.5713101899817548,0.0,True,True,False
0,queue_aware,2026073123,49,49,0,1.1313419004414103,2.5713101899817548,0.0,True,True,False
0,blind_delay,2026073124,49,49,0,1.0627905590846665,2.6105650128513025,0.0,True,True,False
0,queue_aware,2026073124,49,49,0,1.0627905590846665,2.6105650128513025,0.0,True,True,False
0,blind_delay,2026073125,49,49,0,1.0505343844646062,2.539238208106111,0.0,True,False,True
0,queue_aware,2026073125,49,49,0,1.0505343844646062,2.539238208106111,0.0,True,False,True
0,blind_delay,2026073126,49,49,0,1.1029225754455794,2.9432615849690196,0.0,True,True,False
0,queue_aware,2026073126,49,49,0,1.1029225754455794,2.9432615849690196,0.0,True,True,False
0,blind_delay,2026073127,49,49,0,1.1449420759343583,2.661851847843952,0.0,True,True,False
0,queue_aware,2026073127,49,49,0,1.1449420759343583,2.661851847843952,0.0,True,True,False
0,blind_delay,2026073128,49,49,0,1.1585365305157833,2.2859612835534766,0.0,True,True,False
0,queue_aware,2026073128,49,49,0,1.1585365305157833,2.2859612835534766,0.0,True,True,False
0,blind_delay,2026073129,49,49,0,1.0996904745409304,2.656634292753973,0.0,True,True,False
0,queue_aware,2026073129,49,49,0,1.0996904745409304,2.656634292753973,0.0,True,True,False
1,blind_delay,2026083100,70,49,21,1.1292190595557265,2.4736957887882283,0.5510204081632653,True,False,True
1,queue_aware,2026083100,49,49,0,1.0974797393238165,2.079536969611615,0.5918367346938775,True,False,True
1,blind_delay,2026083101,77,49,28,1.2968854182577234,2.9440678781680547,0.6530612244897959,True,True,False
1,queue_aware,2026083101,49,49,0,1.1686171834999823,2.523834181545852,0.5714285714285714,True,True,False
1,blind_delay,2026083102,59,49,10,1.0605087805524436,2.776495433652023,0.24489795918367346,True,True,False
1,queue_aware,2026083102,49,49,0,1.0703534486058457,2.590971790999363,0.30612244897959184,True,True,False
1,blind_delay,2026083103,79,49,30,1.1504198826192438,2.8323933363720473,0.6938775510204082,True,False,True
1,queue_aware,2026083103,49,49,0,1.0174401754043294,2.6844887806199855,0.5714285714285714,True,True,False
1,blind_delay,2026083104,62,49,13,1.131453731108809,2.4202128164617482,0.30612244897959184,True,True,False
1,queue_aware,2026083104,49,49,0,1.1938557758572386,2.6954109798030235,0.32653061224489793,True,False,True
1,blind_delay,2026083105,79,49,30,1.3652937551049826,2.950707032155938,0.7142857142857143,True,False,True
1,queue_aware,2026083105,49,49,0,1.285481499580656,2.6711202889563146,0.673469387755102,True,False,True
1,blind_delay,2026083106,83,49,34,1.20791251999434,2.80164381973843,0.7755102040816326,True,False,True
1,queue_aware,2026083106,49,49,0,1.1739440538981278,2.910737093018381,0.6530612244897959,True,True,False
1,blind_delay,2026083107,71,49,22,1.201765509603682,2.994772390951981,0.5918367346938775,True,False,True
1,queue_aware,2026083107,49,49,0,1.0550875176447543,2.4922159609747925,0.673469387755102,True,False,True
1,blind_delay,2026083108,73,49,24,1.1902408648903977,2.611703133301554,0.6326530612244898,True,False,True
1,queue_aware,2026083108,49,49,0,1.1395593071823653,2.2870718809338197,0.6326530612244898,True,True,False
1,blind_delay,2026083109,57,49,8,1.1626451680627885,2.936323018862395,0.24489795918367346,True,True,False
1,queue_aware,2026083109,49,49,0,1.0233225055640878,2.4057130242091427,0.22448979591836735,True,True,False
1,blind_delay,2026083110,72,49,23,1.1734971762221518,2.857502332285407,0.673469387755102,True,True,False
1,queue_aware,2026083110,49,49,0,1.051943652489481,2.409825823445586,0.6938775510204082,True,True,False
1,blind_delay,2026083111,66,49,17,1.1884084151689336,2.7797140669930043,0.46938775510204084,True,False,True
1,queue_aware,2026083111,49,49,0,1.176988742823404,2.8009345156624743,0.4897959183673469,True,False,True
1,blind_delay,2026083112,53,49,4,1.1754914703733788,2.7914748623657473,0.14285714285714285,True,False,True
1,queue_aware,2026083112,49,49,0,1.156436030861846,2.8087273899376743,0.12244897959183673,True,False,True
1,blind_delay,2026083113,79,49,30,1.2813245909602444,2.8146650570081526,0.7142857142857143,True,False,True
1,queue_aware,2026083113,49,49,0,1.1360143117218742,2.5798052948155594,0.673469387755102,True,True,False
1,blind_delay,2026083114,77,49,28,1.3426695793053116,2.755252903770824,0.6938775510204082,True,False,True
1,queue_aware,2026083114,49,49,0,1.2375610277256097,2.8438315978350435,0.6326530612244898,True,False,True
1,blind_delay,2026083115,71,49,22,1.1822939297217496,2.5835547903708806,0.5918367346938775,True,True,False
1,queue_aware,2026083115,49,49,0,1.1530118259420532,2.779195319209136,0.5918367346938775,True,True,False
1,blind_delay,2026083116,66,49,17,1.169941578678125,2.943437907407686,0.46938775510204084,True,False,True
1,queue_aware,2026083116,49,49,0,1.110606437859024,2.9969844245622523,0.5510204081632653,True,True,False
1,blind_delay,2026083117,50,49,1,1.0682203420078242,2.4877323908364932,0.04081632653061224,True,True,False
1,queue_aware,2026083117,49,49,0,1.0619265276009942,2.486367568500396,0.08163265306122448,True,True,False
1,blind_delay,2026083118,58,49,9,1.0055145698328198,2.960077015738896,0.22448979591836735,True,False,True
1,queue_aware,2026083118,49,49,0,0.9527777120656032,2.8150254514155235,0.22448979591836735,True,True,False
1,blind_delay,2026083119,69,49,20,1.3899010181607294,2.9914792636232352,0.5306122448979592,True,False,True
1,queue_aware,2026083119,49,49,0,1.247362094839699,2.9257667729322203,0.5102040816326531,True,False,True
1,blind_delay,2026083120,60,49,11,1.1660397091455943,2.848598684533826,0.22448979591836735,True,True,False
1,queue_aware,2026083120,49,49,0,1.0815319803718697,2.7242386456465084,0.2653061224489796,True,False,True
1,blind_delay,2026083121,60,49,11,1.0717662138495416,2.8073659628400462,0.2857142857142857,True,True,False
1,queue_aware,2026083121,49,49,0,1.042147382611546,2.337029242921864,0.32653061224489793,True,False,True
1,blind_delay,2026083122,66,49,17,1.244927339540142,2.7382059966620744,0.4897959183673469,True,True,False
1,queue_aware,2026083122,49,49,0,1.2567521286713952,2.922722864715096,0.5306122448979592,True,True,False
1,blind_delay,2026083123,84,49,35,1.2152185951470562,2.6175200301431416,0.8367346938775511,True,False,True
1,queue_aware,2026083123,49,49,0,1.0454575107450328,2.64856495905672,0.8571428571428571,True,True,False
1,blind_delay,2026083124,66,49,17,1.2229438284076135,2.34260853107488,0.40816326530612246,True,True,False
1,queue_aware,2026083124,49,49,0,1.2099811032996484,2.7835668371936215,0.5102040816326531,True,False,True
1,blind_delay,2026083125,63,49,14,1.1265990802175851,2.060127320995643,0.3673469387755102,True,False,True
1,queue_aware,2026083125,49,49,0,1.0751052715667577,2.3480122736840494,0.3469387755102041,True,False,True
1,blind_delay,2026083126,70,49,21,1.2623277271142042,2.7872617116612823,0.673469387755102,True,True,False
1,queue_aware,2026083126,49,49,0,1.1946313462752436,2.720185630368038,0.7551020408163265,True,False,True
1,blind_delay,2026083127,79,49,30,1.1082641968107116,2.64470942158939,0.7551020408163265,True,False,True
1,queue_aware,2026083127,49,49,0,1.0027910358376892,2.3006112753073964,0.8979591836734694,True,False,True
1,blind_delay,2026083128,75,49,26,1.2228217504834038,2.9700085417303725,0.7346938775510204,True,False,True
1,queue_aware,2026083128,49,49,0,1.134237062006682,2.6573170323532405,0.673469387755102,True,False,True
1,blind_delay,2026083129,76,49,27,1.1184375558095716,2.8877101573097983,0.6938775510204082,True,False,True
1,queue_aware,2026083129,49,49,0,1.1111270301195966,2.9413416452240715,0.6938775510204082,True,True,False
2,blind_delay,2026093100,97,49,48,1.3336489844113706,2.931238092864504,0.2857142857142857,True,True,False
2,queue_aware,2026093100,49,49,0,1.1228383887165434,2.8171107580760317,0.32653061224489793,True,False,True
2,blind_delay,2026093101,97,49,48,1.1735019981666586,2.7185076653294833,0.40816326530612246,True,True,False
2,queue_aware,2026093101,49,49,0,1.1389791815699617,2.5833125441865823,0.3469387755102041,True,False,True
2,blind_delay,2026093102,92,49,43,1.0851435477118418,2.582571566312305,0.5510204081632653,True,False,True
2,queue_aware,2026093102,49,49,0,1.1414905341752772,2.612457824408595,0.5714285714285714,True,True,False
2,blind_delay,2026093103,97,49,48,1.1576106668987771,2.4491692450963334,0.7755102040816326,True,True,False
2,queue_aware,2026093103,49,49,0,1.1212319519279936,2.694543088372156,0.7346938775510204,True,True,False
2,blind_delay,2026093104,96,49,47,1.1149250403608442,2.6154672755836494,0.3673469387755102,True,False,True
2,queue_aware,2026093104,49,49,0,1.0580986905564358,2.309475793698587,0.42857142857142855,True,True,False
2,blind_delay,2026093105,88,49,39,1.2197008076520366,2.81556945166162,0.6326530612244898,True,False,True
2,queue_aware,2026093105,49,49,0,1.207195927869037,2.4443356727760848,0.6530612244897959,True,False,True
2,blind_delay,2026093106,89,49,40,0.9805324264149828,2.1549682359510243,0.8367346938775511,True,True,False
2,queue_aware,2026093106,49,49,0,0.9700857471796297,2.321290583752362,0.8163265306122449,True,False,True
2,blind_delay,2026093107,85,49,36,1.2316380748685263,2.6765089813500698,0.4897959183673469,True,False,True
2,queue_aware,2026093107,49,49,0,1.0995149716142127,2.8713775469564404,0.32653061224489793,True,True,False
2,blind_delay,2026093108,86,49,37,1.1235221554301464,2.810707854039442,0.8367346938775511,True,False,True
2,queue_aware,2026093108,49,49,0,0.9810012213863814,2.295831624904734,0.7755102040816326,True,True,False
2,blind_delay,2026093109,97,49,48,1.0198022932051076,2.7463718276161972,0.2857142857142857,True,True,False
2,queue_aware,2026093109,49,49,0,0.9412784777940981,2.277115630129855,0.24489795918367346,True,False,True
2,blind_delay,2026093110,88,49,39,1.1180060313304627,2.557769067284223,0.6938775510204082,True,False,True
2,queue_aware,2026093110,49,49,0,1.042969986484821,2.351399506540922,0.7142857142857143,True,True,False
2,blind_delay,2026093111,85,49,36,1.2069035066213536,2.8235597038928257,0.3469387755102041,True,True,False
2,queue_aware,2026093111,49,49,0,1.155703685390453,2.495841802768726,0.3673469387755102,True,False,True
2,blind_delay,2026093112,89,49,40,1.2686824601298343,2.5204357088520286,0.4489795918367347,True,True,False
2,queue_aware,2026093112,49,49,0,1.1081401409891696,2.494462943553798,0.5918367346938775,True,False,True
2,blind_delay,2026093113,93,49,44,1.134367561828486,2.6206727578239963,0.10204081632653061,True,True,False
2,queue_aware,2026093113,49,49,0,1.0552725538923784,2.3170861393674165,0.14285714285714285,True,True,False
2,blind_delay,2026093114,91,49,42,1.1502159005634003,2.6063722516506567,0.6122448979591837,True,True,False
2,queue_aware,2026093114,49,49,0,1.0827057433008775,2.566666017282603,0.5510204081632653,True,False,True
2,blind_delay,2026093115,83,49,34,1.3313810265127934,2.814517363546744,0.40816326530612246,True,True,False
2,queue_aware,2026093115,49,49,0,1.177076981946778,2.486086231581087,0.4489795918367347,True,False,True
2,blind_delay,2026093116,88,49,39,1.241583671386301,2.893503299065041,1.0,True,False,True
2,queue_aware,2026093116,49,49,0,1.0657847205959932,2.310219257989764,0.9591836734693877,True,True,False
2,blind_delay,2026093117,90,49,41,1.2631939351382888,3.0262898282044377,0.22448979591836735,True,False,True
2,queue_aware,2026093117,49,49,0,1.1708513101238085,2.7512667992037136,0.14285714285714285,True,False,True
2,blind_delay,2026093118,89,49,40,1.07191606704748,2.9891048366352697,0.5306122448979592,True,True,False
2,queue_aware,2026093118,49,49,0,1.1042685182728855,2.5339955614225587,0.42857142857142855,True,False,True
2,blind_delay,2026093119,97,49,48,1.3088812099461042,2.996305444476315,0.5918367346938775,True,True,False
2,queue_aware,2026093119,49,49,0,1.1818641152951062,2.8720807003552515,0.4897959183673469,True,False,True
2,blind_delay,2026093120,88,49,39,1.2013063182290387,2.5961505031759073,0.6530612244897959,True,False,True
2,queue_aware,2026093120,49,49,0,1.1501084961121848,2.49991171225073,0.7142857142857143,True,True,False
2,blind_delay,2026093121,97,49,48,1.323189627736955,2.849549405038887,0.3673469387755102,True,True,False
2,queue_aware,2026093121,49,49,0,1.1150606052817935,2.8165453692192366,0.5102040816326531,True,False,True
2,blind_delay,2026093122,97,49,48,1.0478679919569205,2.4260899310781063,0.2857142857142857,True,True,False
2,queue_aware,2026093122,49,49,0,1.025855274022883,2.5586692956532096,0.42857142857142855,True,True,False
2,blind_delay,2026093123,92,49,43,1.1380334262088494,2.7185014771920106,0.3877551020408163,True,False,True
2,queue_aware,2026093123,49,49,0,1.101896614077849,2.5413775691169627,0.42857142857142855,True,True,False
2,blind_delay,2026093124,89,49,40,1.2820652285940872,2.486894221090622,0.40816326530612246,True,True,False
2,queue_aware,2026093124,49,49,0,1.2393517996368304,2.5188386581223248,0.3877551020408163,True,True,False
2,blind_delay,2026093125,89,49,40,1.3649192835300372,2.695743504363367,0.3469387755102041,True,True,False
2,queue_aware,2026093125,49,49,0,1.224541569871898,2.548883849553373,0.3469387755102041,True,False,True
2,blind_delay,2026093126,97,49,48,1.237429794753074,2.829611821068708,0.40816326530612246,True,True,False
2,queue_aware,2026093126,49,49,0,1.1954090822231749,3.0162185340902075,0.3877551020408163,True,True,False
2,blind_delay,2026093127,86,49,37,1.3284141061622825,2.8835049257890843,0.3673469387755102,True,False,True
2,queue_aware,2026093127,49,49,0,1.2049405625362581,2.876462138557611,0.4489795918367347,True,True,False
2,blind_delay,2026093128,89,49,40,1.186717099834445,2.83182788554861,0.7551020408163265,True,True,False
2,queue_aware,2026093128,49,49,0,1.1158264216010132,2.611691176261562,0.9183673469387755,True,True,False
2,blind_delay,2026093129,86,49,37,1.411184985078469,2.934914173649251,0.6938775510204082,True,False,True
2,queue_aware,2026093129,49,49,0,1.2961347558587535,2.9666814501887244,0.6938775510204082,True,False,True
3,blind_delay,2026103100,87,49,38,1.3607682271518535,3.0406050341231845,0.5714285714285714,True,False,True
3,queue_aware,2026103100,49,49,0,1.2131511132282622,2.736277780194014,0.5306122448979592,True,True,False
3,blind_delay,2026103101,90,49,41,1.1936180127646048,2.7055391382516962,0.24489795918367346,True,False,True
3,queue_aware,2026103101,49,49,0,1.1055475844074965,2.76856622367286,0.22448979591836735,True,False,True
3,blind_delay,2026103102,92,49,43,1.080458100179296,2.65441692065894,0.7551020408163265,True,False,True
3,queue_aware,2026103102,49,49,0,1.0476582551365052,2.8052277773922025,0.7755102040816326,True,True,False
3,blind_delay,2026103103,89,49,40,1.2297380226929124,2.565110041798069,0.2653061224489796,True,True,False
3,queue_aware,2026103103,49,49,0,1.1225397651674798,2.5144579993827705,0.30612244897959184,True,True,False
3,blind_delay,2026103104,91,49,42,1.1338646728551733,2.5231065015668306,0.8367346938775511,True,True,False
3,queue_aware,2026103104,49,49,0,1.0268628805591289,2.654926901501085,0.7959183673469388,True,True,False
3,blind_delay,2026103105,94,49,45,1.223797615590804,2.6690280474083266,0.5918367346938775,True,False,True
3,queue_aware,2026103105,49,49,0,1.192292687549657,2.560533755406385,0.6326530612244898,True,True,False
3,blind_delay,2026103106,97,49,48,1.1606269184273261,2.826292110094905,0.6530612244897959,True,True,False
3,queue_aware,2026103106,49,49,0,1.0009957345173401,2.3524987111051114,0.7142857142857143,True,True,False
3,blind_delay,2026103107,97,49,48,1.0795340458416596,2.3996660757827604,0.673469387755102,True,True,False
3,queue_aware,2026103107,49,49,0,1.0444332919663124,2.4116239181390755,0.5714285714285714,True,True,False
3,blind_delay,2026103108,97,49,48,1.245248434408128,2.899845998924299,0.6326530612244898,True,True,False
3,queue_aware,2026103108,49,49,0,1.139089490839007,2.7931691734970188,0.6938775510204082,True,False,True
3,blind_delay,2026103109,86,49,37,1.1376027861882319,2.43489388232395,0.14285714285714285,True,True,False
3,queue_aware,2026103109,49,49,0,1.069709536473551,2.6637269847257987,0.2653061224489796,True,False,True
3,blind_delay,2026103110,89,49,40,1.1941385057688259,2.8413463931562313,0.42857142857142855,True,False,True
3,queue_aware,2026103110,49,49,0,1.070432440781295,2.769489478006994,0.3877551020408163,True,True,False
3,blind_delay,2026103111,96,49,47,1.2008342620991506,2.5971117285730454,0.22448979591836735,True,True,False
3,queue_aware,2026103111,49,49,0,1.1852549826001462,2.6608749943750043,0.24489795918367346,True,False,True
3,blind_delay,2026103112,91,49,42,1.1635128980700473,2.3481276530744295,0.3877551020408163,True,True,False
3,queue_aware,2026103112,49,49,0,1.0390298193353085,2.103351033204906,0.5510204081632653,True,False,True
3,blind_delay,2026103113,97,49,48,1.2091606887313215,2.910063724435808,0.8163265306122449,True,True,False
3,queue_aware,2026103113,49,49,0,1.103717300628331,2.712135713921967,0.8163265306122449,True,False,True
3,blind_delay,2026103114,97,49,48,1.0777196560633042,2.7620684362657277,0.5510204081632653,True,True,False
3,queue_aware,2026103114,49,49,0,1.206590222983159,2.684606986615961,0.5510204081632653,True,False,True
3,blind_delay,2026103115,97,49,48,1.1994181825240926,2.7975174949581842,0.8775510204081632,True,True,False
3,queue_aware,2026103115,49,49,0,1.120645262123633,2.678658673556788,0.8163265306122449,True,False,True
3,blind_delay,2026103116,91,49,42,1.433087599528768,2.8988714000165112,0.9591836734693877,True,True,False
3,queue_aware,2026103116,49,49,0,1.1277872287630935,2.424800181363512,0.8775510204081632,True,True,False
3,blind_delay,2026103117,97,49,48,1.0447839066813525,2.6332421296833806,0.6938775510204082,True,True,False
3,queue_aware,2026103117,49,49,0,1.0762205274415604,2.3755335400524484,0.6938775510204082,True,True,False
3,blind_delay,2026103118,88,49,39,1.0798512131708973,2.793238290193875,0.20408163265306123,True,False,True
3,queue_aware,2026103118,49,49,0,0.9341410526125363,2.260609890845675,0.3469387755102041,True,False,True
3,blind_delay,2026103119,88,49,39,1.2102826924401884,2.569731727009007,0.5918367346938775,True,False,True
3,queue_aware,2026103119,49,49,0,1.148542159645689,2.9535632113402888,0.5102040816326531,True,False,True
3,blind_delay,2026103120,93,49,44,1.16644289569609,3.070826603848917,0.7755102040816326,True,True,False
3,queue_aware,2026103120,49,49,0,1.1192535769244667,2.747071868815986,0.7959183673469388,True,False,True
3,blind_delay,2026103121,89,49,40,1.2140354433887857,2.939992149103677,0.46938775510204084,True,True,False
3,queue_aware,2026103121,49,49,0,1.082948024745546,2.624864714310318,0.5510204081632653,True,False,True
3,blind_delay,2026103122,93,49,44,1.3058385042964766,2.7987146633766105,0.30612244897959184,True,True,False
3,queue_aware,2026103122,49,49,0,1.192380533904352,2.903099684990489,0.3673469387755102,True,False,True
3,blind_delay,2026103123,87,49,38,1.1375780400374573,2.623229922670829,0.6122448979591837,True,True,False
3,queue_aware,2026103123,49,49,0,1.1153714149617848,2.689033630779617,0.673469387755102,True,False,True
3,blind_delay,2026103124,91,49,42,1.1696622315114784,2.8631831817359528,0.5102040816326531,True,True,False
3,queue_aware,2026103124,49,49,0,1.0864384774341804,2.5544828759855234,0.5306122448979592,True,True,False
3,blind_delay,2026103125,97,49,48,1.1389172283160083,2.794351857681428,0.6938775510204082,True,True,False
3,queue_aware,2026103125,49,49,0,0.9898823046396995,2.6892290298608184,0.6122448979591837,True,True,False
3,blind_delay,2026103126,86,49,37,1.180504832441522,2.9225730230065845,0.8163265306122449,True,False,True
3,queue_aware,2026103126,49,49,0,1.1134468119644696,2.8903138043845473,0.8367346938775511,True,False,True
3,blind_delay,2026103127,97,49,48,1.142574258430999,2.571207802789566,0.4489795918367347,True,True,False
3,queue_aware,2026103127,49,49,0,1.1371214567511132,2.8972959160842926,0.5306122448979592,True,False,True
3,blind_delay,2026103128,96,49,47,1.2841347852346408,2.9521560947658405,0.3673469387755102,True,False,True
3,queue_aware,2026103128,49,49,0,1.1971183788808322,2.838216869271051,0.4489795918367347,True,True,False
3,blind_delay,2026103129,95,49,46,1.227328091360822,2.843638065254226,0.2857142857142857,True,True,False
3,queue_aware,2026103129,49,49,0,1.1631800267473673,2.7316230820351013,0.30612244897959184,True,True,False
5,blind_delay,2026123100,96,49,47,1.1379499533933666,2.66542034178278,0.4897959183673469,True,False,True
5,queue_aware,2026123100,49,49,0,1.237806831722326,2.5672666767525825,0.5102040816326531,True,True,False
5,blind_delay,2026123101,95,49,46,1.142708413075675,2.9422860205490493,0.4897959183673469,True,True,False
5,queue_aware,2026123101,49,49,0,1.1249433707447063,2.6097039959403183,0.6326530612244898,True,False,True
5,blind_delay,2026123102,97,49,48,1.1729662697422365,2.7247586828300645,0.7755102040816326,True,True,False
5,queue_aware,2026123102,49,49,0,1.125564193215832,2.654490003513946,0.7551020408163265,True,False,True
5,blind_delay,2026123103,92,49,43,1.0844848674215835,3.0028176831862323,0.5510204081632653,True,True,False
5,queue_aware,2026123103,49,49,0,1.020305576235813,2.532562731689484,0.6530612244897959,True,True,False
5,blind_delay,2026123104,97,49,48,1.235845277646695,2.6975626879902843,0.2857142857142857,True,True,False
5,queue_aware,2026123104,49,49,0,1.214140208621906,2.8377613929768515,0.2857142857142857,True,False,True
5,blind_delay,2026123105,97,49,48,1.0518354547976017,2.7736387931057784,0.673469387755102,True,True,False
5,queue_aware,2026123105,49,49,0,1.1028140569831206,2.939355757382688,0.5918367346938775,True,True,False
5,blind_delay,2026123106,94,49,45,1.078294116916091,2.755247567968696,0.6938775510204082,True,True,False
5,queue_aware,2026123106,49,49,0,1.1190920089266834,2.590653870682415,0.7346938775510204,True,True,False
5,blind_delay,2026123107,97,49,48,0.9779978319280571,2.6275602024600784,0.6122448979591837,True,True,False
5,queue_aware,2026123107,49,49,0,0.7916997092698834,2.269673828551722,0.5714285714285714,True,False,True
5,blind_delay,2026123108,97,49,48,1.2116519417687002,2.9371899050828727,0.0,True,True,False
5,queue_aware,2026123108,49,49,0,1.251288601268026,2.6783891965854125,0.04081632653061224,True,False,True
5,blind_delay,2026123109,97,49,48,1.0750816338544444,2.6616116391911513,0.5918367346938775,True,True,False
5,queue_aware,2026123109,49,49,0,1.0098788620570207,2.583097674765096,0.5510204081632653,True,False,True
5,blind_delay,2026123110,91,49,42,1.1592517024442783,2.623310937343914,0.7346938775510204,True,True,False
5,queue_aware,2026123110,49,49,0,1.0411803295336515,2.3620664378654763,0.6938775510204082,True,False,True
5,blind_delay,2026123111,97,49,48,1.10450228701577,2.7818620676741657,0.30612244897959184,True,True,False
5,queue_aware,2026123111,49,49,0,1.036910016670955,2.541393675047101,0.3877551020408163,True,False,True
5,blind_delay,2026123112,95,49,46,1.2232151192484106,2.807105437136953,0.7551020408163265,True,True,False
5,queue_aware,2026123112,49,49,0,1.1228398796339603,2.5380290429546735,0.6938775510204082,True,True,False
5,blind_delay,2026123113,97,49,48,1.0885153331966582,2.594483611034832,0.4897959183673469,True,True,False
5,queue_aware,2026123113,49,49,0,1.0939091301409891,2.198537303810503,0.3877551020408163,True,True,False
5,blind_delay,2026123114,90,49,41,1.217039777165675,2.844570663231591,0.02040816326530612,True,False,True
5,queue_aware,2026123114,49,49,0,1.0952142706528407,2.526639974417833,0.10204081632653061,True,True,False
5,blind_delay,2026123115,97,49,48,1.067147475296511,2.552889869420005,0.061224489795918366,True,True,False
5,queue_aware,2026123115,49,49,0,1.0700047141245634,2.7513816234599804,0.10204081632653061,True,True,False
5,blind_delay,2026123116,95,49,46,1.2059925633062667,3.0013444905418805,0.4489795918367347,True,True,False
5,queue_aware,2026123116,49,49,0,1.1295414380621658,2.543235777696897,0.4897959183673469,True,False,True
5,blind_delay,2026123117,97,49,48,1.1342880611448565,2.831726634307291,0.24489795918367346,True,True,False
5,queue_aware,2026123117,49,49,0,1.1016094522657047,2.6805543588138008,0.24489795918367346,True,False,True
5,blind_delay,2026123118,95,49,46,1.2341666671534108,2.7286055440492283,0.9387755102040817,True,True,False
5,queue_aware,2026123118,49,49,0,1.1074998725215355,2.7443937484696006,0.8367346938775511,True,True,False
5,blind_delay,2026123119,89,49,40,1.1798800190559235,2.8952871330740813,0.20408163265306123,True,True,False
5,queue_aware,2026123119,49,49,0,1.1227055509091977,2.646421321409555,0.20408163265306123,True,False,True
5,blind_delay,2026123120,92,49,43,1.1955384474593043,2.5672823108477365,0.24489795918367346,True,True,False
5,queue_aware,2026123120,49,49,0,1.1049840304784857,2.7463104043140114,0.14285714285714285,True,False,True
5,blind_delay,2026123121,88,49,39,1.2541494480526028,2.468678626092648,0.3469387755102041,True,False,True
5,queue_aware,2026123121,49,49,0,1.0999804091915917,2.4915490924381754,0.46938775510204084,True,False,True
5,blind_delay,2026123122,94,49,45,1.3025047939775023,2.9502214498258206,0.16326530612244897,True,False,True
5,queue_aware,2026123122,49,49,0,1.0641415765539408,2.2809411219738402,0.22448979591836735,True,False,True
5,blind_delay,2026123123,95,49,46,1.1232198468885708,2.3088326275570696,0.22448979591836735,True,True,False
5,queue_aware,2026123123,49,49,0,1.190803015611499,2.405734480958059,0.1836734693877551,True,True,False
5,blind_delay,2026123124,89,49,40,1.305823789424316,2.816203112477287,0.5306122448979592,True,True,False
5,queue_aware,2026123124,49,49,0,1.209294060644541,3.0940182479905918,0.5714285714285714,True,True,False
5,blind_delay,2026123125,97,49,48,1.1824750821093664,2.8134552630115994,0.7959183673469388,True,True,False
5,queue_aware,2026123125,49,49,0,1.2437064880504825,2.8123050188624514,0.6530612244897959,True,False,True
5,blind_delay,2026123126,97,49,48,1.1382360267415357,2.843407271092751,0.7142857142857143,True,True,False
5,queue_aware,2026123126,49,49,0,1.1124355460344022,2.4719604740854124,0.673469387755102,True,False,True
5,blind_delay,2026123127,95,49,46,1.2936560377343587,2.7878361109424246,0.7755102040816326,True,True,False
5,queue_aware,2026123127,49,49,0,1.1960672128241117,2.691931566680679,0.7551020408163265,True,False,True
5,blind_delay,2026123128,91,49,42,1.170258039436044,2.584453871534665,0.7551020408163265,True,True,False
5,queue_aware,2026123128,49,49,0,1.1364350012964046,2.8403280006323732,0.7142857142857143,True,False,True
5,blind_delay,2026123129,88,49,39,1.2534754255036102,3.0269451744918485,0.30612244897959184,True,False,True
5,queue_aware,2026123129,49,49,0,1.1769146137162605,2.757954383312155,0.42857142857142855,True,True,False
