delay,policy,seed,turns,moves,stale_conflicts,full_board,blue_win,yellow_win
0,blind_delay,2026073000,49,49,0,True,True,False
0,queue_aware,2026073000,49,49,0,True,True,False
0,blind_delay,2026073001,49,49,0,True,True,False
0,queue_aware,2026073001,49,49,0,True,True,False
0,blind_delay,2026073002,49,49,0,True,True,False
0,queue_aware,2026073002,49,49,0,True,True,False
0,blind_delay,2026073003,49,49,0,True,False,True
0,queue_aware,2026073003,49,49,0,True,False,True
0,blind_delay,2026073004,49,49,0,True,False,True
0,queue_aware,2026073004,49,49,0,True,False,True
0,blind_delay,2026073005,49,49,0,True,True,False
0,queue_aware,2026073005,49,49,0,True,True,False
0,blind_delay,2026073006,49,49,0,True,False,True
0,queue_aware,2026073006,49,49,0,True,False,True
0,blind_delay,2026073007,49,49,0,True,False,True
0,queue_aware,2026073007,49,49,0,True,False,True
0,blind_delay,2026073008,49,49,0,True,False,True
0,queue_aware,2026073008,49,49,0,True,False,True
0,blind_delay,2026073009,49,49,0,True,True,False
0,queue_aware,2026073009,49,49,0,True,True,False
0,blind_delay,2026073010,49,49,0,True,False,True
0,queue_aware,2026073010,49,49,0,True,False,True
0,blind_delay,2026073011,49,49,0,True,False,True
0,queue_aware,2026073011,49,49,0,True,False,True
0,blind_delay,2026073012,49,49,0,True,True,False
0,queue_aware,2026073012,49,49,0,True,True,False
0,blind_delay,2026073013,49,49,0,True,True,False
0,queue_aware,2026073013,49,49,0,True,True,False
0,blind_delay,2026073014,49,49,0,True,True,False
0,queue_aware,2026073014,49,49,0,True,True,False
0,blind_delay,2026073015,49,49,0,True,True,False
0,queue_aware,2026073015,49,49,0,True,True,False
0,blind_delay,2026073016,49,49,0,True,False,True
0,queue_aware,2026073016,49,49,0,True,False,True
0,blind_delay,2026073017,49,49,0,True,True,False
0,queue_aware,2026073017,49,49,0,True,True,False
0,blind_delay,2026073018,49,49,0,True,False,True
0,queue_aware,2026073018,49,49,0,True,False,True
0,blind_delay,2026073019,49,49,0,True,False,True
0,queue_aware,2026073019,49,49,0,True,False,True
0,blind_delay,2026073020,49,49,0,True,False,True
0,queue_aware,2026073020,49,49,0,True,False,True
0,blind_delay,2026073021,49,49,0,True,False,True
0,queue_aware,2026073021,49,49,0,True,False,True
0,blind_delay,2026073022,49,49,0,True,False,True
0,queue_aware,2026073022,49,49,0,True,False,True
0,blind_delay,2026073023,49,49,0,True,False,True
0,queue_aware,2026073023,49,49,0,True,False,True
0,blind_delay,2026073024,49,49,0,True,False,True
0,queue_aware,2026073024,49,49,0,True,False,True
0,blind_delay,2026073025,49,49,0,True,True,False
0,queue_aware,2026073025,49,49,0,True,True,False
0,blind_delay,2026073026,49,49,0,True,True,False
0,queue_aware,2026073026,49,49,0,True,True,False
0,blind_delay,2026073027,49,49,0,True,False,True
0,queue_aware,2026073027,49,49,0,True,False,True
0,blind_delay,2026073028,49,49,0,True,False,True
0,queue_aware,2026073028,49,49,0,True,False,True
0,blind_delay,2026073029,49,49,0,True,True,False
0,queue_aware,2026073029,49,49,0,True,True,False
0,blind_delay,2026073030,49,49,0,True,False,True
0,queue_aware,2026073030,49,49,0,True,False,True
0,blind_delay,2026073031,49,49,0,True,False,True
0,queue_aware,2026073031,49,49,0,True,False,True
0,blind_delay,2026073032,49,49,0,True,True,False
0,queue_aware,2026073032,49,49,0,True,True,False
0,blind_delay,2026073033,49,49,0,True,False,True
0,queue_aware,2026073033,49,49,0,True,False,True
0,blind_delay,2026073034,49,49,0,True,True,False
0,queue_aware,2026073034,49,49,0,True,True,False
0,blind_delay,2026073035,49,49,0,True,True,False
0,queue_aware,2026073035,49,49,0,True,True,False
0,blind_delay,2026073036,49,49,0,True,False,True
0,queue_aware,2026073036,49,49,0,True,False,True
0,blind_delay,2026073037,49,49,0,True,True,False
0,queue_aware,2026073037,49,49,0,True,True,False
0,blind_delay,2026073038,49,49,0,True,False,True
0,queue_aware,2026073038,49,49,0,True,False,True
0,blind_delay,2026073039,49,49,0,True,False,True
0,queue_aware,2026073039,49,49,0,True,False,True
0,blind_delay,2026073040,49,49,0,True,False,True
0,queue_aware,2026073040,49,49,0,True,False,True
0,blind_delay,2026073041,49,49,0,True,False,True
0,queue_aware,2026073041,49,49,0,True,False,True
0,blind_delay,2026073042,49,49,0,True,False,True
0,queue_aware,2026073042,49,49,0,True,False,True
0,blind_delay,2026073043,49,49,0,True,False,True
0,queue_aware,2026073043,49,49,0,True,False,True
0,blind_delay,2026073044,49,49,0,True,True,False
0,queue_aware,2026073044,49,49,0,True,True,False
0,blind_delay,2026073045,49,49,0,True,False,True
0,queue_aware,2026073045,49,49,0,True,False,True
0,blind_delay,2026073046,49,49,0,True,True,False
0,queue_aware,2026073046,49,49,0,True,True,False
0,blind_delay,2026073047,49,49,0,True,True,False
0,queue_aware,2026073047,49,49,0,True,True,False
0,blind_delay,2026073048,49,49,0,True,True,False
0,queue_aware,2026073048,49,49,0,True,True,False
0,blind_delay,2026073049,49,49,0,True,False,True
0,queue_aware,2026073049,49,49,0,True,False,True
1,blind_delay,2026083000,49,49,0,True,True,False
1,queue_aware,2026083000,49,49,0,True,True,False
1,blind_delay,2026083001,49,49,0,True,False,True
1,queue_aware,2026083001,49,49,0,True,False,True
1,blind_delay,2026083002,49,49,0,True,True,False
1,queue_aware,2026083002,49,49,0,True,True,False
1,blind_delay,2026083003,49,49,0,True,False,True
1,queue_aware,2026083003,49,49,0,True,False,True
1,blind_delay,2026083004,49,49,0,True,True,False
1,queue_aware,2026083004,49,49,0,True,True,False
1,blind_delay,2026083005,49,49,0,True,True,False
1,queue_aware,2026083005,49,49,0,True,True,False
1,blind_delay,2026083006,49,49,0,True,True,False
1,queue_aware,2026083006,49,49,0,True,True,False
1,blind_delay,2026083007,49,49,0,True,False,True
1,queue_aware,2026083007,49,49,0,True,False,True
1,blind_delay,2026083008,49,49,0,True,True,False
1,queue_aware,2026083008,49,49,0,True,True,False
1,blind_delay,2026083009,49,49,0,True,True,False
1,queue_aware,2026083009,49,49,0,True,True,False
1,blind_delay,2026083010,49,49,0,True,False,True
1,queue_aware,2026083010,49,49,0,True,False,True
1,blind_delay,2026083011,49,49,0,True,False,True
1,queue_aware,2026083011,49,49,0,True,False,True
1,blind_delay,2026083012,49,49,0,True,False,True
1,queue_aware,2026083012,49,49,0,True,False,True
1,blind_delay,2026083013,49,49,0,True,False,True
1,queue_aware,2026083013,49,49,0,True,False,True
1,blind_delay,2026083014,49,49,0,True,False,True
1,queue_aware,2026083014,49,49,0,True,False,True
1,blind_delay,2026083015,49,49,0,True,True,False
1,queue_aware,2026083015,49,49,0,True,True,False
1,blind_delay,2026083016,49,49,0,True,False,True
1,queue_aware,2026083016,49,49,0,True,False,True
1,blind_delay,2026083017,49,49,0,True,True,False
1,queue_aware,2026083017,49,49,0,True,True,False
1,blind_delay,2026083018,49,49,0,True,False,True
1,queue_aware,2026083018,49,49,0,True,False,True
1,blind_delay,2026083019,49,49,0,True,True,False
1,queue_aware,2026083019,49,49,0,True,True,False
1,blind_delay,2026083020,49,49,0,True,False,True
1,queue_aware,2026083020,49,49,0,True,False,True
1,blind_delay,2026083021,49,49,0,True,True,False
1,queue_aware,2026083021,49,49,0,True,True,False
1,blind_delay,2026083022,49,49,0,True,True,False
1,queue_aware,2026083022,49,49,0,True,True,False
1,blind_delay,2026083023,49,49,0,True,False,True
1,queue_aware,2026083023,49,49,0,True,False,True
1,blind_delay,2026083024,49,49,0,True,True,False
1,queue_aware,2026083024,49,49,0,True,True,False
1,blind_delay,2026083025,49,49,0,True,False,True
1,queue_aware,2026083025,49,49,0,True,False,True
1,blind_delay,2026083026,49,49,0,True,True,False
1,queue_aware,2026083026,49,49,0,True,True,False
1,blind_delay,2026083027,49,49,0,True,True,False
1,queue_aware,2026083027,49,49,0,True,True,False
1,blind_delay,2026083028,49,49,0,True,True,False
1,queue_aware,2026083028,49,49,0,True,True,False
1,blind_delay,2026083029,49,49,0,True,True,False
1,queue_aware,2026083029,49,49,0,True,True,False
1,blind_delay,2026083030,49,49,0,True,True,False
1,queue_aware,2026083030,49,49,0,True,True,False
1,blind_delay,2026083031,49,49,0,True,True,False
1,queue_aware,2026083031,49,49,0,True,True,False
1,blind_delay,2026083032,49,49,0,True,True,False
1,queue_aware,2026083032,49,49,0,True,True,False
1,blind_delay,2026083033,49,49,0,True,True,False
1,queue_aware,2026083033,49,49,0,True,True,False
1,blind_delay,2026083034,49,49,0,True,False,True
1,queue_aware,2026083034,49,49,0,True,False,True
1,blind_delay,2026083035,49,49,0,True,False,True
1,queue_aware,2026083035,49,49,0,True,False,True
1,blind_delay,2026083036,49,49,0,True,False,True
1,queue_aware,2026083036,49,49,0,True,False,True
1,blind_delay,2026083037,49,49,0,True,False,True
1,queue_aware,2026083037,49,49,0,True,False,True
1,blind_delay,2026083038,49,49,0,True,False,True
1,queue_aware,2026083038,49,49,0,True,False,True
1,blind_delay,2026083039,49,49,0,True,False,True
1,queue_aware,2026083039,49,49,0,True,False,True
1,blind_delay,2026083040,49,49,0,True,True,False
1,queue_aware,2026083040,49,49,0,True,True,False
1,blind_delay,2026083041,49,49,0,True,True,False
1,queue_aware,2026083041,49,49,0,True,True,False
1,blind_delay,2026083042,49,49,0,True,True,False
1,queue_aware,2026083042,49,49,0,True,True,False
1,blind_delay,2026083043,49,49,0,True,True,False
1,queue_aware,2026083043,49,49,0,True,True,False
1,blind_delay,2026083044,49,49,0,True,True,False
1,queue_aware,2026083044,49,49,0,True,True,False
1,blind_delay,2026083045,49,49,0,True,True,False
1,queue_aware,2026083045,49,49,0,True,True,False
1,blind_delay,2026083046,49,49,0,True,True,False
1,queue_aware,2026083046,49,49,0,True,True,False
1,blind_delay,2026083047,49,49,0,True,False,True
1,queue_aware,2026083047,49,49,0,True,False,True
1,blind_delay,2026083048,49,49,0,True,False,True
1,queue_aware,2026083048,49,49,0,True,False,True
1,blind_delay,2026083049,49,49,0,True,True,False
1,queue_aware,2026083049,49,49,0,True,True,False
2,blind_delay,2026093000,58,49,9,True,False,True
2,queue_aware,2026093000,49,49,0,True,True,False
2,blind_delay,2026093001,53,49,4,True,True,False
2,queue_aware,2026093001,49,49,0,True,False,True
2,blind_delay,2026093002,57,49,8,True,False,True
2,queue_aware,2026093002,49,49,0,True,False,True
2,blind_delay,2026093003,54,49,5,True,False,True
2,queue_aware,2026093003,49,49,0,True,False,True
2,blind_delay,2026093004,57,49,8,True,True,False
2,queue_aware,2026093004,49,49,0,True,False,True
2,blind_delay,2026093005,54,49,5,True,False,True
2,queue_aware,2026093005,49,49,0,True,False,True
2,blind_delay,2026093006,56,49,7,True,False,True
2,queue_aware,2026093006,49,49,0,True,False,True
2,blind_delay,2026093007,55,49,6,True,True,False
2,queue_aware,2026093007,49,49,0,True,False,True
2,blind_delay,2026093008,55,49,6,True,True,False
2,queue_aware,2026093008,49,49,0,True,True,False
2,blind_delay,2026093009,53,49,4,True,False,True
2,queue_aware,2026093009,49,49,0,True,True,False
2,blind_delay,2026093010,60,49,11,True,True,False
2,queue_aware,2026093010,49,49,0,True,True,False
2,blind_delay,2026093011,54,49,5,True,True,False
2,queue_aware,2026093011,49,49,0,True,True,False
2,blind_delay,2026093012,58,49,9,True,False,True
2,queue_aware,2026093012,49,49,0,True,False,True
2,blind_delay,2026093013,53,49,4,True,False,True
2,queue_aware,2026093013,49,49,0,True,False,True
2,blind_delay,2026093014,57,49,8,True,False,True
2,queue_aware,2026093014,49,49,0,True,True,False
2,blind_delay,2026093015,57,49,8,True,True,False
2,queue_aware,2026093015,49,49,0,True,True,False
2,blind_delay,2026093016,56,49,7,True,False,True
2,queue_aware,2026093016,49,49,0,True,True,False
2,blind_delay,2026093017,51,49,2,True,True,False
2,queue_aware,2026093017,49,49,0,True,False,True
2,blind_delay,2026093018,56,49,7,True,True,False
2,queue_aware,2026093018,49,49,0,True,False,True
2,blind_delay,2026093019,56,49,7,True,True,False
2,queue_aware,2026093019,49,49,0,True,True,False
2,blind_delay,2026093020,54,49,5,True,True,False
2,queue_aware,2026093020,49,49,0,True,False,True
2,blind_delay,2026093021,52,49,3,True,False,True
2,queue_aware,2026093021,49,49,0,True,False,True
2,blind_delay,2026093022,53,49,4,True,False,True
2,queue_aware,2026093022,49,49,0,True,True,False
2,blind_delay,2026093023,56,49,7,True,True,False
2,queue_aware,2026093023,49,49,0,True,False,True
2,blind_delay,2026093024,58,49,9,True,False,True
2,queue_aware,2026093024,49,49,0,True,False,True
2,blind_delay,2026093025,55,49,6,True,True,False
2,queue_aware,2026093025,49,49,0,True,False,True
2,blind_delay,2026093026,55,49,6,True,False,True
2,queue_aware,2026093026,49,49,0,True,False,True
2,blind_delay,2026093027,58,49,9,True,True,False
2,queue_aware,2026093027,49,49,0,True,False,True
2,blind_delay,2026093028,57,49,8,True,True,False
2,queue_aware,2026093028,49,49,0,True,True,False
2,blind_delay,2026093029,55,49,6,True,True,False
2,queue_aware,2026093029,49,49,0,True,False,True
2,blind_delay,2026093030,59,49,10,True,True,False
2,queue_aware,2026093030,49,49,0,True,False,True
2,blind_delay,2026093031,55,49,6,True,False,True
2,queue_aware,2026093031,49,49,0,True,True,False
2,blind_delay,2026093032,55,49,6,True,True,False
2,queue_aware,2026093032,49,49,0,True,True,False
2,blind_delay,2026093033,56,49,7,True,False,True
2,queue_aware,2026093033,49,49,0,True,True,False
2,blind_delay,2026093034,57,49,8,True,True,False
2,queue_aware,2026093034,49,49,0,True,False,True
2,blind_delay,2026093035,53,49,4,True,True,False
2,queue_aware,2026093035,49,49,0,True,False,True
2,blind_delay,2026093036,55,49,6,True,True,False
2,queue_aware,2026093036,49,49,0,True,False,True
2,blind_delay,2026093037,55,49,6,True,True,False
2,queue_aware,2026093037,49,49,0,True,False,True
2,blind_delay,2026093038,57,49,8,True,True,False
2,queue_aware,2026093038,49,49,0,True,True,False
2,blind_delay,2026093039,56,49,7,True,True,False
2,queue_aware,2026093039,49,49,0,True,True,False
2,blind_delay,2026093040,53,49,4,True,False,True
2,queue_aware,2026093040,49,49,0,True,False,True
2,blind_delay,2026093041,56,49,7,True,False,True
2,queue_aware,2026093041,49,49,0,True,True,False
2,blind_delay,2026093042,55,49,6,True,False,True
2,queue_aware,2026093042,49,49,0,True,True,False
2,blind_delay,2026093043,56,49,7,True,False,True
2,queue_aware,2026093043,49,49,0,True,True,False
2,blind_delay,2026093044,54,49,5,True,False,True
2,queue_aware,2026093044,49,49,0,True,False,True
2,blind_delay,2026093045,55,49,6,True,True,False
2,queue_aware,2026093045,49,49,0,True,False,True
2,blind_delay,2026093046,55,49,6,True,False,True
2,queue_aware,2026093046,49,49,0,True,False,True
2,blind_delay,2026093047,55,49,6,True,True,False
2,queue_aware,2026093047,49,49,0,True,True,False
2,blind_delay,2026093048,55,49,6,True,True,False
2,queue_aware,2026093048,49,49,0,True,False,True
2,blind_delay,2026093049,53,49,4,True,True,False
2,queue_aware,2026093049,49,49,0,True,True,False
3,blind_delay,2026103000,60,49,11,True,False,True
3,queue_aware,2026103000,49,49,0,True,False,True
3,blind_delay,2026103001,55,49,6,True,True,False
3,queue_aware,2026103001,49,49,0,True,True,False
3,blind_delay,2026103002,56,49,7,True,True,False
3,queue_aware,2026103002,49,49,0,True,True,False
3,blind_delay,2026103003,56,49,7,True,False,True
3,queue_aware,2026103003,49,49,0,True,False,True
3,blind_delay,2026103004,53,49,4,True,False,True
3,queue_aware,2026103004,49,49,0,True,False,True
3,blind_delay,2026103005,52,49,3,True,True,False
3,queue_aware,2026103005,49,49,0,True,False,True
3,blind_delay,2026103006,54,49,5,True,True,False
3,queue_aware,2026103006,49,49,0,True,False,True
3,blind_delay,2026103007,56,49,7,True,True,False
3,queue_aware,2026103007,49,49,0,True,True,False
3,blind_delay,2026103008,55,49,6,True,False,True
3,queue_aware,2026103008,49,49,0,True,False,True
3,blind_delay,2026103009,57,49,8,True,False,True
3,queue_aware,2026103009,49,49,0,True,True,False
3,blind_delay,2026103010,52,49,3,True,True,False
3,queue_aware,2026103010,49,49,0,True,False,True
3,blind_delay,2026103011,54,49,5,True,False,True
3,queue_aware,2026103011,49,49,0,True,False,True
3,blind_delay,2026103012,53,49,4,True,False,True
3,queue_aware,2026103012,49,49,0,True,True,False
3,blind_delay,2026103013,56,49,7,True,False,True
3,queue_aware,2026103013,49,49,0,True,True,False
3,blind_delay,2026103014,53,49,4,True,True,False
3,queue_aware,2026103014,49,49,0,True,True,False
3,blind_delay,2026103015,55,49,6,True,True,False
3,queue_aware,2026103015,49,49,0,True,True,False
3,blind_delay,2026103016,57,49,8,True,False,True
3,queue_aware,2026103016,49,49,0,True,False,True
3,blind_delay,2026103017,53,49,4,True,False,True
3,queue_aware,2026103017,49,49,0,True,False,True
3,blind_delay,2026103018,56,49,7,True,True,False
3,queue_aware,2026103018,49,49,0,True,False,True
3,blind_delay,2026103019,53,49,4,True,True,False
3,queue_aware,2026103019,49,49,0,True,True,False
3,blind_delay,2026103020,58,49,9,True,True,False
3,queue_aware,2026103020,49,49,0,True,True,False
3,blind_delay,2026103021,58,49,9,True,True,False
3,queue_aware,2026103021,49,49,0,True,True,False
3,blind_delay,2026103022,53,49,4,True,False,True
3,queue_aware,2026103022,49,49,0,True,True,False
3,blind_delay,2026103023,55,49,6,True,True,False
3,queue_aware,2026103023,49,49,0,True,False,True
3,blind_delay,2026103024,56,49,7,True,False,True
3,queue_aware,2026103024,49,49,0,True,True,False
3,blind_delay,2026103025,55,49,6,True,True,False
3,queue_aware,2026103025,49,49,0,True,True,False
3,blind_delay,2026103026,62,49,13,True,True,False
3,queue_aware,2026103026,49,49,0,True,True,False
3,blind_delay,2026103027,56,49,7,True,False,True
3,queue_aware,2026103027,49,49,0,True,True,False
3,blind_delay,2026103028,57,49,8,True,True,False
3,queue_aware,2026103028,49,49,0,True,True,False
3,blind_delay,2026103029,53,49,4,True,True,False
3,queue_aware,2026103029,49,49,0,True,False,True
3,blind_delay,2026103030,52,49,3,True,True,False
3,queue_aware,2026103030,49,49,0,True,False,True
3,blind_delay,2026103031,56,49,7,True,True,False
3,queue_aware,2026103031,49,49,0,True,True,False
3,blind_delay,2026103032,54,49,5,True,True,False
3,queue_aware,2026103032,49,49,0,True,True,False
3,blind_delay,2026103033,55,49,6,True,False,True
3,queue_aware,2026103033,49,49,0,True,False,True
3,blind_delay,2026103034,52,49,3,True,True,False
3,queue_aware,2026103034,49,49,0,True,True,False
3,blind_delay,2026103035,52,49,3,True,True,False
3,queue_aware,2026103035,49,49,0,True,True,False
3,blind_delay,2026103036,56,49,7,True,True,False
3,queue_aware,2026103036,49,49,0,True,True,False
3,blind_delay,2026103037,56,49,7,True,False,True
3,queue_aware,2026103037,49,49,0,True,True,False
3,blind_delay,2026103038,51,49,2,True,True,False
3,queue_aware,2026103038,49,49,0,True,False,True
3,blind_delay,2026103039,55,49,6,True,False,True
3,queue_aware,2026103039,49,49,0,True,False,True
3,blind_delay,2026103040,59,49,10,True,True,False
3,queue_aware,2026103040,49,49,0,True,True,False
3,blind_delay,2026103041,56,49,7,True,False,True
3,queue_aware,2026103041,49,49,0,True,True,False
3,blind_delay,2026103042,56,49,7,True,True,False
3,queue_aware,2026103042,49,49,0,True,False,True
3,blind_delay,2026103043,60,49,11,True,False,True
3,queue_aware,2026103043,49,49,0,True,True,False
3,blind_delay,2026103044,56,49,7,True,True,False
3,queue_aware,2026103044,49,49,0,True,True,False
3,blind_delay,2026103045,52,49,3,True,True,False
3,queue_aware,2026103045,49,49,0,True,False,True
3,blind_delay,2026103046,54,49,5,True,True,False
3,queue_aware,2026103046,49,49,0,True,True,False
3,blind_delay,2026103047,59,49,10,True,True,False
3,queue_aware,2026103047,49,49,0,True,True,False
3,blind_delay,2026103048,55,49,6,True,True,False
3,queue_aware,2026103048,49,49,0,True,False,True
3,blind_delay,2026103049,55,49,6,True,False,True
3,queue_aware,2026103049,49,49,0,True,True,False
5,blind_delay,2026123000,61,49,12,True,True,False
5,queue_aware,2026123000,49,49,0,True,False,True
5,blind_delay,2026123001,58,49,9,True,False,True
5,queue_aware,2026123001,49,49,0,True,True,False
5,blind_delay,2026123002,59,49,10,True,False,True
5,queue_aware,2026123002,49,49,0,True,True,False
5,blind_delay,2026123003,63,49,14,True,True,False
5,queue_aware,2026123003,49,49,0,True,False,True
5,blind_delay,2026123004,57,49,8,True,True,False
5,queue_aware,2026123004,49,49,0,True,True,False
5,blind_delay,2026123005,59,49,10,True,True,False
5,queue_aware,2026123005,49,49,0,True,True,False
5,blind_delay,2026123006,55,49,6,True,False,True
5,queue_aware,2026123006,49,49,0,True,True,False
5,blind_delay,2026123007,59,49,10,True,True,False
5,queue_aware,2026123007,49,49,0,True,True,False
5,blind_delay,2026123008,56,49,7,True,True,False
5,queue_aware,2026123008,49,49,0,True,False,True
5,blind_delay,2026123009,59,49,10,True,False,True
5,queue_aware,2026123009,49,49,0,True,False,True
5,blind_delay,2026123010,58,49,9,True,False,True
5,queue_aware,2026123010,49,49,0,True,True,False
5,blind_delay,2026123011,58,49,9,True,False,True
5,queue_aware,2026123011,49,49,0,True,False,True
5,blind_delay,2026123012,60,49,11,True,False,True
5,queue_aware,2026123012,49,49,0,True,True,False
5,blind_delay,2026123013,59,49,10,True,False,True
5,queue_aware,2026123013,49,49,0,True,True,False
5,blind_delay,2026123014,62,49,13,True,False,True
5,queue_aware,2026123014,49,49,0,True,True,False
5,blind_delay,2026123015,59,49,10,True,False,True
5,queue_aware,2026123015,49,49,0,True,False,True
5,blind_delay,2026123016,59,49,10,True,True,False
5,queue_aware,2026123016,49,49,0,True,False,True
5,blind_delay,2026123017,57,49,8,True,False,True
5,queue_aware,2026123017,49,49,0,True,True,False
5,blind_delay,2026123018,62,49,13,True,False,True
5,queue_aware,2026123018,49,49,0,True,False,True
5,blind_delay,2026123019,52,49,3,True,False,True
5,queue_aware,2026123019,49,49,0,True,False,True
5,blind_delay,2026123020,58,49,9,True,True,False
5,queue_aware,2026123020,49,49,0,True,True,False
5,blind_delay,2026123021,56,49,7,True,False,True
5,queue_aware,2026123021,49,49,0,True,False,True
5,blind_delay,2026123022,57,49,8,True,True,False
5,queue_aware,2026123022,49,49,0,True,True,False
5,blind_delay,2026123023,58,49,9,True,False,True
5,queue_aware,2026123023,49,49,0,True,True,False
5,blind_delay,2026123024,61,49,12,True,True,False
5,queue_aware,2026123024,49,49,0,True,False,True
5,blind_delay,2026123025,59,49,10,True,False,True
5,queue_aware,2026123025,49,49,0,True,True,False
5,blind_delay,2026123026,58,49,9,True,False,True
5,queue_aware,2026123026,49,49,0,True,True,False
5,blind_delay,2026123027,62,49,13,True,False,True
5,queue_aware,2026123027,49,49,0,True,True,False
5,blind_delay,2026123028,56,49,7,True,True,False
5,queue_aware,2026123028,49,49,0,True,False,True
5,blind_delay,2026123029,61,49,12,True,False,True
5,queue_aware,2026123029,49,49,0,True,True,False
5,blind_delay,2026123030,61,49,12,True,True,False
5,queue_aware,2026123030,49,49,0,True,False,True
5,blind_delay,2026123031,58,49,9,True,False,True
5,queue_aware,2026123031,49,49,0,True,False,True
5,blind_delay,2026123032,60,49,11,True,True,False
5,queue_aware,2026123032,49,49,0,True,False,True
5,blind_delay,2026123033,58,49,9,True,True,False
5,queue_aware,2026123033,49,49,0,True,True,False
5,blind_delay,2026123034,62,49,13,True,False,True
5,queue_aware,2026123034,49,49,0,True,True,False
5,blind_delay,2026123035,57,49,8,True,False,True
5,queue_aware,2026123035,49,49,0,True,True,False
5,blind_delay,2026123036,58,49,9,True,True,False
5,queue_aware,2026123036,49,49,0,True,False,True
5,blind_delay,2026123037,59,49,10,True,True,False
5,queue_aware,2026123037,49,49,0,True,False,True
5,blind_delay,2026123038,59,49,10,True,True,False
5,queue_aware,2026123038,49,49,0,True,False,True
5,blind_delay,2026123039,60,49,11,True,False,True
5,queue_aware,2026123039,49,49,0,True,False,True
5,blind_delay,2026123040,59,49,10,True,False,True
5,queue_aware,2026123040,49,49,0,True,False,True
5,blind_delay,2026123041,61,49,12,True,False,True
5,queue_aware,2026123041,49,49,0,True,False,True
5,blind_delay,2026123042,61,49,12,True,False,True
5,queue_aware,2026123042,49,49,0,True,True,False
5,blind_delay,2026123043,55,49,6,True,False,True
5,queue_aware,2026123043,49,49,0,True,True,False
5,blind_delay,2026123044,62,49,13,True,True,False
5,queue_aware,2026123044,49,49,0,True,True,False
5,blind_delay,2026123045,59,49,10,True,False,True
5,queue_aware,2026123045,49,49,0,True,True,False
5,blind_delay,2026123046,62,49,13,True,True,False
5,queue_aware,2026123046,49,49,0,True,True,False
5,blind_delay,2026123047,65,49,16,True,False,True
5,queue_aware,2026123047,49,49,0,True,True,False
5,blind_delay,2026123048,56,49,7,True,True,False
5,queue_aware,2026123048,49,49,0,True,True,False
5,blind_delay,2026123049,53,49,4,True,True,False
5,queue_aware,2026123049,49,49,0,True,False,True
