delay,policy,seed,agents,rounds,cooperation_rate,mean_payoff_per_action,stale_retaliations,forgiving_actions,defection_bursts
0,blind_tft,2026073500,12,200,1.0,3.0,0,0,0
0,queue_aware_forgiving,2026073500,12,200,1.0,3.0,0,24,0
0,blind_tft,2026073501,12,200,1.0,3.0,0,0,0
0,queue_aware_forgiving,2026073501,12,200,1.0,3.0,0,24,0
0,blind_tft,2026073502,12,200,1.0,3.0,0,0,0
0,queue_aware_forgiving,2026073502,12,200,1.0,3.0,0,24,0
0,blind_tft,2026073503,12,200,1.0,3.0,0,0,0
0,queue_aware_forgiving,2026073503,12,200,1.0,3.0,0,24,0
0,blind_tft,2026073504,12,200,1.0,3.0,0,0,0
0,queue_aware_forgiving,2026073504,12,200,1.0,3.0,0,24,0
0,blind_tft,2026073505,12,200,1.0,3.0,0,0,0
0,queue_aware_forgiving,2026073505,12,200,1.0,3.0,0,24,0
0,blind_tft,2026073506,12,200,1.0,3.0,0,0,0
0,queue_aware_forgiving,2026073506,12,200,1.0,3.0,0,24,0
0,blind_tft,2026073507,12,200,1.0,3.0,0,0,0
0,queue_aware_forgiving,2026073507,12,200,1.0,3.0,0,24,0
0,blind_tft,2026073508,12,200,1.0,3.0,0,0,0
0,queue_aware_forgiving,2026073508,12,200,1.0,3.0,0,24,0
0,blind_tft,2026073509,12,200,1.0,3.0,0,0,0
0,queue_aware_forgiving,2026073509,12,200,1.0,3.0,0,24,0
0,blind_tft,2026073510,12,200,1.0,3.0,0,0,0
0,queue_aware_forgiving,2026073510,12,200,1.0,3.0,0,24,0
0,blind_tft,2026073511,12,200,1.0,3.0,0,0,0
0,queue_aware_forgiving,2026073511,12,200,1.0,3.0,0,24,0
0,blind_tft,2026073512,12,200,1.0,3.0,0,0,0
0,queue_aware_forgiving,2026073512,12,200,1.0,3.0,0,24,0
0,blind_tft,2026073513,12,200,1.0,3.0,0,0,0
0,queue_aware_forgiving,2026073513,12,200,1.0,3.0,0,24,0
0,blind_tft,2026073514,12,200,1.0,3.0,0,0,0
0,queue_aware_forgiving,2026073514,12,200,1.0,3.0,0,24,0
0,blind_tft,2026073515,12,200,1.0,3.0,0,0,0
0,queue_aware_forgiving,2026073515,12,200,1.0,3.0,0,24,0
0,blind_tft,2026073516,12,200,1.0,3.0,0,0,0
0,queue_aware_forgiving,2026073516,12,200,1.0,3.0,0,24,0
0,blind_tft,2026073517,12,200,1.0,3.0,0,0,0
0,queue_aware_forgiving,2026073517,12,200,1.0,3.0,0,24,0
0,blind_tft,2026073518,12,200,1.0,3.0,0,0,0
0,queue_aware_forgiving,2026073518,12,200,1.0,3.0,0,24,0
0,blind_tft,2026073519,12,200,1.0,3.0,0,0,0
0,queue_aware_forgiving,2026073519,12,200,1.0,3.0,0,24,0
0,blind_tft,2026073520,12,200,1.0,3.0,0,0,0
0,queue_aware_forgiving,2026073520,12,200,1.0,3.0,0,24,0
0,blind_tft,2026073521,12,200,1.0,3.0,0,0,0
0,queue_aware_forgiving,2026073521,12,200,1.0,3.0,0,24,0
0,blind_tft,2026073522,12,200,1.0,3.0,0,0,0
0,queue_aware_forgiving,2026073522,12,200,1.0,3.0,0,24,0
0,blind_tft,2026073523,12,200,1.0,3.0,0,0,0
0,queue_aware_forgiving,2026073523,12,200,1.0,3.0,0,24,0
0,blind_tft,2026073524,12,200,1.0,3.0,0,0,0
0,queue_aware_forgiving,2026073524,12,200,1.0,3.0,0,24,0
0,blind_tft,2026073525,12,200,1.0,3.0,0,0,0
0,queue_aware_forgiving,2026073525,12,200,1.0,3.0,0,24,0
0,blind_tft,2026073526,12,200,1.0,3.0,0,0,0
0,queue_aware_forgiving,2026073526,12,200,1.0,3.0,0,24,0
0,blind_tft,2026073527,12,200,1.0,3.0,0,0,0
0,queue_aware_forgiving,2026073527,12,200,1.0,3.0,0,24,0
0,blind_tft,2026073528,12,200,1.0,3.0,0,0,0
0,queue_aware_forgiving,2026073528,12,200,1.0,3.0,0,24,0
0,blind_tft,2026073529,12,200,1.0,3.0,0,0,0
0,queue_aware_forgiving,2026073529,12,200,1.0,3.0,0,24,0
0,blind_tft,2026073530,12,200,1.0,3.0,0,0,0
0,queue_aware_forgiving,2026073530,12,200,1.0,3.0,0,24,0
0,blind_tft,2026073531,12,200,1.0,3.0,0,0,0
0,queue_aware_forgiving,2026073531,12,200,1.0,3.0,0,24,0
0,blind_tft,2026073532,12,200,1.0,3.0,0,0,0
0,queue_aware_forgiving,2026073532,12,200,1.0,3.0,0,24,0
0,blind_tft,2026073533,12,200,1.0,3.0,0,0,0
0,queue_aware_forgiving,2026073533,12,200,1.0,3.0,0,24,0
0,blind_tft,2026073534,12,200,1.0,3.0,0,0,0
0,queue_aware_forgiving,2026073534,12,200,1.0,3.0,0,24,0
0,blind_tft,2026073535,12,200,1.0,3.0,0,0,0
0,queue_aware_forgiving,2026073535,12,200,1.0,3.0,0,24,0
0,blind_tft,2026073536,12,200,1.0,3.0,0,0,0
0,queue_aware_forgiving,2026073536,12,200,1.0,3.0,0,24,0
0,blind_tft,2026073537,12,200,1.0,3.0,0,0,0
0,queue_aware_forgiving,2026073537,12,200,1.0,3.0,0,24,0
0,blind_tft,2026073538,12,200,1.0,3.0,0,0,0
0,queue_aware_forgiving,2026073538,12,200,1.0,3.0,0,24,0
0,blind_tft,2026073539,12,200,1.0,3.0,0,0,0
0,queue_aware_forgiving,2026073539,12,200,1.0,3.0,0,24,0
1,blind_tft,2026083500,12,200,1.0,3.0,0,0,0
1,queue_aware_forgiving,2026083500,12,200,1.0,3.0,0,24,0
1,blind_tft,2026083501,12,200,1.0,3.0,0,0,0
1,queue_aware_forgiving,2026083501,12,200,1.0,3.0,0,24,0
1,blind_tft,2026083502,12,200,1.0,3.0,0,0,0
1,queue_aware_forgiving,2026083502,12,200,1.0,3.0,0,24,0
1,blind_tft,2026083503,12,200,1.0,3.0,0,0,0
1,queue_aware_forgiving,2026083503,12,200,1.0,3.0,0,24,0
1,blind_tft,2026083504,12,200,1.0,3.0,0,0,0
1,queue_aware_forgiving,2026083504,12,200,1.0,3.0,0,24,0
1,blind_tft,2026083505,12,200,1.0,3.0,0,0,0
1,queue_aware_forgiving,2026083505,12,200,1.0,3.0,0,24,0
1,blind_tft,2026083506,12,200,1.0,3.0,0,0,0
1,queue_aware_forgiving,2026083506,12,200,1.0,3.0,0,24,0
1,blind_tft,2026083507,12,200,1.0,3.0,0,0,0
1,queue_aware_forgiving,2026083507,12,200,1.0,3.0,0,24,0
1,blind_tft,2026083508,12,200,1.0,3.0,0,0,0
1,queue_aware_forgiving,2026083508,12,200,1.0,3.0,0,24,0
1,blind_tft,2026083509,12,200,1.0,3.0,0,0,0
1,queue_aware_forgiving,2026083509,12,200,1.0,3.0,0,24,0
1,blind_tft,2026083510,12,200,1.0,3.0,0,0,0
1,queue_aware_forgiving,2026083510,12,200,1.0,3.0,0,24,0
1,blind_tft,2026083511,12,200,1.0,3.0,0,0,0
1,queue_aware_forgiving,2026083511,12,200,1.0,3.0,0,24,0
1,blind_tft,2026083512,12,200,1.0,3.0,0,0,0
1,queue_aware_forgiving,2026083512,12,200,1.0,3.0,0,24,0
1,blind_tft,2026083513,12,200,1.0,3.0,0,0,0
1,queue_aware_forgiving,2026083513,12,200,1.0,3.0,0,24,0
1,blind_tft,2026083514,12,200,1.0,3.0,0,0,0
1,queue_aware_forgiving,2026083514,12,200,1.0,3.0,0,24,0
1,blind_tft,2026083515,12,200,1.0,3.0,0,0,0
1,queue_aware_forgiving,2026083515,12,200,1.0,3.0,0,24,0
1,blind_tft,2026083516,12,200,1.0,3.0,0,0,0
1,queue_aware_forgiving,2026083516,12,200,1.0,3.0,0,24,0
1,blind_tft,2026083517,12,200,1.0,3.0,0,0,0
1,queue_aware_forgiving,2026083517,12,200,1.0,3.0,0,24,0
1,blind_tft,2026083518,12,200,1.0,3.0,0,0,0
1,queue_aware_forgiving,2026083518,12,200,1.0,3.0,0,24,0
1,blind_tft,2026083519,12,200,1.0,3.0,0,0,0
1,queue_aware_forgiving,2026083519,12,200,1.0,3.0,0,24,0
1,blind_tft,2026083520,12,200,1.0,3.0,0,0,0
1,queue_aware_forgiving,2026083520,12,200,1.0,3.0,0,24,0
1,blind_tft,2026083521,12,200,1.0,3.0,0,0,0
1,queue_aware_forgiving,2026083521,12,200,1.0,3.0,0,24,0
1,blind_tft,2026083522,12,200,1.0,3.0,0,0,0
1,queue_aware_forgiving,2026083522,12,200,1.0,3.0,0,24,0
1,blind_tft,2026083523,12,200,1.0,3.0,0,0,0
1,queue_aware_forgiving,2026083523,12,200,1.0,3.0,0,24,0
1,blind_tft,2026083524,12,200,1.0,3.0,0,0,0
1,queue_aware_forgiving,2026083524,12,200,1.0,3.0,0,24,0
1,blind_tft,2026083525,12,200,1.0,3.0,0,0,0
1,queue_aware_forgiving,2026083525,12,200,1.0,3.0,0,24,0
1,blind_tft,2026083526,12,200,1.0,3.0,0,0,0
1,queue_aware_forgiving,2026083526,12,200,1.0,3.0,0,24,0
1,blind_tft,2026083527,12,200,1.0,3.0,0,0,0
1,queue_aware_forgiving,2026083527,12,200,1.0,3.0,0,24,0
1,blind_tft,2026083528,12,200,1.0,3.0,0,0,0
1,queue_aware_forgiving,2026083528,12,200,1.0,3.0,0,24,0
1,blind_tft,2026083529,12,200,1.0,3.0,0,0,0
1,queue_aware_forgiving,2026083529,12,200,1.0,3.0,0,24,0
1,blind_tft,2026083530,12,200,1.0,3.0,0,0,0
1,queue_aware_forgiving,2026083530,12,200,1.0,3.0,0,24,0
1,blind_tft,2026083531,12,200,1.0,3.0,0,0,0
1,queue_aware_forgiving,2026083531,12,200,1.0,3.0,0,24,0
1,blind_tft,2026083532,12,200,1.0,3.0,0,0,0
1,queue_aware_forgiving,2026083532,12,200,1.0,3.0,0,24,0
1,blind_tft,2026083533,12,200,1.0,3.0,0,0,0
1,queue_aware_forgiving,2026083533,12,200,1.0,3.0,0,24,0
1,blind_tft,2026083534,12,200,1.0,3.0,0,0,0
1,queue_aware_forgiving,2026083534,12,200,1.0,3.0,0,24,0
1,blind_tft,2026083535,12,200,1.0,3.0,0,0,0
1,queue_aware_forgiving,2026083535,12,200,1.0,3.0,0,24,0
1,blind_tft,2026083536,12,200,1.0,3.0,0,0,0
1,queue_aware_forgiving,2026083536,12,200,1.0,3.0,0,24,0
1,blind_tft,2026083537,12,200,1.0,3.0,0,0,0
1,queue_aware_forgiving,2026083537,12,200,1.0,3.0,0,24,0
1,blind_tft,2026083538,12,200,1.0,3.0,0,0,0
1,queue_aware_forgiving,2026083538,12,200,1.0,3.0,0,24,0
1,blind_tft,2026083539,12,200,1.0,3.0,0,0,0
1,queue_aware_forgiving,2026083539,12,200,1.0,3.0,0,24,0
2,blind_tft,2026093500,12,200,1.0,3.0,0,0,0
2,queue_aware_forgiving,2026093500,12,200,1.0,3.0,0,48,0
2,blind_tft,2026093501,12,200,1.0,3.0,0,0,0
2,queue_aware_forgiving,2026093501,12,200,1.0,3.0,0,48,0
2,blind_tft,2026093502,12,200,1.0,3.0,0,0,0
2,queue_aware_forgiving,2026093502,12,200,1.0,3.0,0,48,0
2,blind_tft,2026093503,12,200,1.0,3.0,0,0,0
2,queue_aware_forgiving,2026093503,12,200,1.0,3.0,0,48,0
2,blind_tft,2026093504,12,200,1.0,3.0,0,0,0
2,queue_aware_forgiving,2026093504,12,200,1.0,3.0,0,48,0
2,blind_tft,2026093505,12,200,1.0,3.0,0,0,0
2,queue_aware_forgiving,2026093505,12,200,1.0,3.0,0,48,0
2,blind_tft,2026093506,12,200,1.0,3.0,0,0,0
2,queue_aware_forgiving,2026093506,12,200,1.0,3.0,0,48,0
2,blind_tft,2026093507,12,200,1.0,3.0,0,0,0
2,queue_aware_forgiving,2026093507,12,200,1.0,3.0,0,48,0
2,blind_tft,2026093508,12,200,1.0,3.0,0,0,0
2,queue_aware_forgiving,2026093508,12,200,1.0,3.0,0,48,0
2,blind_tft,2026093509,12,200,1.0,3.0,0,0,0
2,queue_aware_forgiving,2026093509,12,200,1.0,3.0,0,48,0
2,blind_tft,2026093510,12,200,1.0,3.0,0,0,0
2,queue_aware_forgiving,2026093510,12,200,1.0,3.0,0,48,0
2,blind_tft,2026093511,12,200,1.0,3.0,0,0,0
2,queue_aware_forgiving,2026093511,12,200,1.0,3.0,0,48,0
2,blind_tft,2026093512,12,200,1.0,3.0,0,0,0
2,queue_aware_forgiving,2026093512,12,200,1.0,3.0,0,48,0
2,blind_tft,2026093513,12,200,1.0,3.0,0,0,0
2,queue_aware_forgiving,2026093513,12,200,1.0,3.0,0,48,0
2,blind_tft,2026093514,12,200,1.0,3.0,0,0,0
2,queue_aware_forgiving,2026093514,12,200,1.0,3.0,0,48,0
2,blind_tft,2026093515,12,200,1.0,3.0,0,0,0
2,queue_aware_forgiving,2026093515,12,200,1.0,3.0,0,48,0
2,blind_tft,2026093516,12,200,1.0,3.0,0,0,0
2,queue_aware_forgiving,2026093516,12,200,1.0,3.0,0,48,0
2,blind_tft,2026093517,12,200,1.0,3.0,0,0,0
2,queue_aware_forgiving,2026093517,12,200,1.0,3.0,0,48,0
2,blind_tft,2026093518,12,200,1.0,3.0,0,0,0
2,queue_aware_forgiving,2026093518,12,200,1.0,3.0,0,48,0
2,blind_tft,2026093519,12,200,1.0,3.0,0,0,0
2,queue_aware_forgiving,2026093519,12,200,1.0,3.0,0,48,0
2,blind_tft,2026093520,12,200,1.0,3.0,0,0,0
2,queue_aware_forgiving,2026093520,12,200,1.0,3.0,0,48,0
2,blind_tft,2026093521,12,200,1.0,3.0,0,0,0
2,queue_aware_forgiving,2026093521,12,200,1.0,3.0,0,48,0
2,blind_tft,2026093522,12,200,1.0,3.0,0,0,0
2,queue_aware_forgiving,2026093522,12,200,1.0,3.0,0,48,0
2,blind_tft,2026093523,12,200,1.0,3.0,0,0,0
2,queue_aware_forgiving,2026093523,12,200,1.0,3.0,0,48,0
2,blind_tft,2026093524,12,200,1.0,3.0,0,0,0
2,queue_aware_forgiving,2026093524,12,200,1.0,3.0,0,48,0
2,blind_tft,2026093525,12,200,1.0,3.0,0,0,0
2,queue_aware_forgiving,2026093525,12,200,1.0,3.0,0,48,0
2,blind_tft,2026093526,12,200,1.0,3.0,0,0,0
2,queue_aware_forgiving,2026093526,12,200,1.0,3.0,0,48,0
2,blind_tft,2026093527,12,200,1.0,3.0,0,0,0
2,queue_aware_forgiving,2026093527,12,200,1.0,3.0,0,48,0
2,blind_tft,2026093528,12,200,1.0,3.0,0,0,0
2,queue_aware_forgiving,2026093528,12,200,1.0,3.0,0,48,0
2,blind_tft,2026093529,12,200,1.0,3.0,0,0,0
2,queue_aware_forgiving,2026093529,12,200,1.0,3.0,0,48,0
2,blind_tft,2026093530,12,200,1.0,3.0,0,0,0
2,queue_aware_forgiving,2026093530,12,200,1.0,3.0,0,48,0
2,blind_tft,2026093531,12,200,1.0,3.0,0,0,0
2,queue_aware_forgiving,2026093531,12,200,1.0,3.0,0,48,0
2,blind_tft,2026093532,12,200,1.0,3.0,0,0,0
2,queue_aware_forgiving,2026093532,12,200,1.0,3.0,0,48,0
2,blind_tft,2026093533,12,200,1.0,3.0,0,0,0
2,queue_aware_forgiving,2026093533,12,200,1.0,3.0,0,48,0
2,blind_tft,2026093534,12,200,1.0,3.0,0,0,0
2,queue_aware_forgiving,2026093534,12,200,1.0,3.0,0,48,0
2,blind_tft,2026093535,12,200,1.0,3.0,0,0,0
2,queue_aware_forgiving,2026093535,12,200,1.0,3.0,0,48,0
2,blind_tft,2026093536,12,200,1.0,3.0,0,0,0
2,queue_aware_forgiving,2026093536,12,200,1.0,3.0,0,48,0
2,blind_tft,2026093537,12,200,1.0,3.0,0,0,0
2,queue_aware_forgiving,2026093537,12,200,1.0,3.0,0,48,0
2,blind_tft,2026093538,12,200,1.0,3.0,0,0,0
2,queue_aware_forgiving,2026093538,12,200,1.0,3.0,0,48,0
2,blind_tft,2026093539,12,200,1.0,3.0,0,0,0
2,queue_aware_forgiving,2026093539,12,200,1.0,3.0,0,48,0
3,blind_tft,2026103500,12,200,1.0,3.0,0,0,0
3,queue_aware_forgiving,2026103500,12,200,1.0,3.0,0,72,0
3,blind_tft,2026103501,12,200,1.0,3.0,0,0,0
3,queue_aware_forgiving,2026103501,12,200,1.0,3.0,0,72,0
3,blind_tft,2026103502,12,200,1.0,3.0,0,0,0
3,queue_aware_forgiving,2026103502,12,200,1.0,3.0,0,72,0
3,blind_tft,2026103503,12,200,1.0,3.0,0,0,0
3,queue_aware_forgiving,2026103503,12,200,1.0,3.0,0,72,0
3,blind_tft,2026103504,12,200,1.0,3.0,0,0,0
3,queue_aware_forgiving,2026103504,12,200,1.0,3.0,0,72,0
3,blind_tft,2026103505,12,200,1.0,3.0,0,0,0
3,queue_aware_forgiving,2026103505,12,200,1.0,3.0,0,72,0
3,blind_tft,2026103506,12,200,1.0,3.0,0,0,0
3,queue_aware_forgiving,2026103506,12,200,1.0,3.0,0,72,0
3,blind_tft,2026103507,12,200,1.0,3.0,0,0,0
3,queue_aware_forgiving,2026103507,12,200,1.0,3.0,0,72,0
3,blind_tft,2026103508,12,200,1.0,3.0,0,0,0
3,queue_aware_forgiving,2026103508,12,200,1.0,3.0,0,72,0
3,blind_tft,2026103509,12,200,1.0,3.0,0,0,0
3,queue_aware_forgiving,2026103509,12,200,1.0,3.0,0,72,0
3,blind_tft,2026103510,12,200,1.0,3.0,0,0,0
3,queue_aware_forgiving,2026103510,12,200,1.0,3.0,0,72,0
3,blind_tft,2026103511,12,200,1.0,3.0,0,0,0
3,queue_aware_forgiving,2026103511,12,200,1.0,3.0,0,72,0
3,blind_tft,2026103512,12,200,1.0,3.0,0,0,0
3,queue_aware_forgiving,2026103512,12,200,1.0,3.0,0,72,0
3,blind_tft,2026103513,12,200,1.0,3.0,0,0,0
3,queue_aware_forgiving,2026103513,12,200,1.0,3.0,0,72,0
3,blind_tft,2026103514,12,200,1.0,3.0,0,0,0
3,queue_aware_forgiving,2026103514,12,200,1.0,3.0,0,72,0
3,blind_tft,2026103515,12,200,1.0,3.0,0,0,0
3,queue_aware_forgiving,2026103515,12,200,1.0,3.0,0,72,0
3,blind_tft,2026103516,12,200,1.0,3.0,0,0,0
3,queue_aware_forgiving,2026103516,12,200,1.0,3.0,0,72,0
3,blind_tft,2026103517,12,200,1.0,3.0,0,0,0
3,queue_aware_forgiving,2026103517,12,200,1.0,3.0,0,72,0
3,blind_tft,2026103518,12,200,1.0,3.0,0,0,0
3,queue_aware_forgiving,2026103518,12,200,1.0,3.0,0,72,0
3,blind_tft,2026103519,12,200,1.0,3.0,0,0,0
3,queue_aware_forgiving,2026103519,12,200,1.0,3.0,0,72,0
3,blind_tft,2026103520,12,200,1.0,3.0,0,0,0
3,queue_aware_forgiving,2026103520,12,200,1.0,3.0,0,72,0
3,blind_tft,2026103521,12,200,1.0,3.0,0,0,0
3,queue_aware_forgiving,2026103521,12,200,1.0,3.0,0,72,0
3,blind_tft,2026103522,12,200,1.0,3.0,0,0,0
3,queue_aware_forgiving,2026103522,12,200,1.0,3.0,0,72,0
3,blind_tft,2026103523,12,200,1.0,3.0,0,0,0
3,queue_aware_forgiving,2026103523,12,200,1.0,3.0,0,72,0
3,blind_tft,2026103524,12,200,1.0,3.0,0,0,0
3,queue_aware_forgiving,2026103524,12,200,1.0,3.0,0,72,0
3,blind_tft,2026103525,12,200,1.0,3.0,0,0,0
3,queue_aware_forgiving,2026103525,12,200,1.0,3.0,0,72,0
3,blind_tft,2026103526,12,200,1.0,3.0,0,0,0
3,queue_aware_forgiving,2026103526,12,200,1.0,3.0,0,72,0
3,blind_tft,2026103527,12,200,1.0,3.0,0,0,0
3,queue_aware_forgiving,2026103527,12,200,1.0,3.0,0,72,0
3,blind_tft,2026103528,12,200,1.0,3.0,0,0,0
3,queue_aware_forgiving,2026103528,12,200,1.0,3.0,0,72,0
3,blind_tft,2026103529,12,200,1.0,3.0,0,0,0
3,queue_aware_forgiving,2026103529,12,200,1.0,3.0,0,72,0
3,blind_tft,2026103530,12,200,1.0,3.0,0,0,0
3,queue_aware_forgiving,2026103530,12,200,1.0,3.0,0,72,0
3,blind_tft,2026103531,12,200,1.0,3.0,0,0,0
3,queue_aware_forgiving,2026103531,12,200,1.0,3.0,0,72,0
3,blind_tft,2026103532,12,200,1.0,3.0,0,0,0
3,queue_aware_forgiving,2026103532,12,200,1.0,3.0,0,72,0
3,blind_tft,2026103533,12,200,1.0,3.0,0,0,0
3,queue_aware_forgiving,2026103533,12,200,1.0,3.0,0,72,0
3,blind_tft,2026103534,12,200,1.0,3.0,0,0,0
3,queue_aware_forgiving,2026103534,12,200,1.0,3.0,0,72,0
3,blind_tft,2026103535,12,200,1.0,3.0,0,0,0
3,queue_aware_forgiving,2026103535,12,200,1.0,3.0,0,72,0
3,blind_tft,2026103536,12,200,1.0,3.0,0,0,0
3,queue_aware_forgiving,2026103536,12,200,1.0,3.0,0,72,0
3,blind_tft,2026103537,12,200,1.0,3.0,0,0,0
3,queue_aware_forgiving,2026103537,12,200,1.0,3.0,0,72,0
3,blind_tft,2026103538,12,200,1.0,3.0,0,0,0
3,queue_aware_forgiving,2026103538,12,200,1.0,3.0,0,72,0
3,blind_tft,2026103539,12,200,1.0,3.0,0,0,0
3,queue_aware_forgiving,2026103539,12,200,1.0,3.0,0,72,0
5,blind_tft,2026123500,12,200,1.0,3.0,0,0,0
5,queue_aware_forgiving,2026123500,12,200,1.0,3.0,0,120,0
5,blind_tft,2026123501,12,200,1.0,3.0,0,0,0
5,queue_aware_forgiving,2026123501,12,200,1.0,3.0,0,120,0
5,blind_tft,2026123502,12,200,1.0,3.0,0,0,0
5,queue_aware_forgiving,2026123502,12,200,1.0,3.0,0,120,0
5,blind_tft,2026123503,12,200,1.0,3.0,0,0,0
5,queue_aware_forgiving,2026123503,12,200,1.0,3.0,0,120,0
5,blind_tft,2026123504,12,200,1.0,3.0,0,0,0
5,queue_aware_forgiving,2026123504,12,200,1.0,3.0,0,120,0
5,blind_tft,2026123505,12,200,1.0,3.0,0,0,0
5,queue_aware_forgiving,2026123505,12,200,1.0,3.0,0,120,0
5,blind_tft,2026123506,12,200,1.0,3.0,0,0,0
5,queue_aware_forgiving,2026123506,12,200,1.0,3.0,0,120,0
5,blind_tft,2026123507,12,200,1.0,3.0,0,0,0
5,queue_aware_forgiving,2026123507,12,200,1.0,3.0,0,120,0
5,blind_tft,2026123508,12,200,1.0,3.0,0,0,0
5,queue_aware_forgiving,2026123508,12,200,1.0,3.0,0,120,0
5,blind_tft,2026123509,12,200,1.0,3.0,0,0,0
5,queue_aware_forgiving,2026123509,12,200,1.0,3.0,0,120,0
5,blind_tft,2026123510,12,200,1.0,3.0,0,0,0
5,queue_aware_forgiving,2026123510,12,200,1.0,3.0,0,120,0
5,blind_tft,2026123511,12,200,1.0,3.0,0,0,0
5,queue_aware_forgiving,2026123511,12,200,1.0,3.0,0,120,0
5,blind_tft,2026123512,12,200,1.0,3.0,0,0,0
5,queue_aware_forgiving,2026123512,12,200,1.0,3.0,0,120,0
5,blind_tft,2026123513,12,200,1.0,3.0,0,0,0
5,queue_aware_forgiving,2026123513,12,200,1.0,3.0,0,120,0
5,blind_tft,2026123514,12,200,1.0,3.0,0,0,0
5,queue_aware_forgiving,2026123514,12,200,1.0,3.0,0,120,0
5,blind_tft,2026123515,12,200,1.0,3.0,0,0,0
5,queue_aware_forgiving,2026123515,12,200,1.0,3.0,0,120,0
5,blind_tft,2026123516,12,200,1.0,3.0,0,0,0
5,queue_aware_forgiving,2026123516,12,200,1.0,3.0,0,120,0
5,blind_tft,2026123517,12,200,1.0,3.0,0,0,0
5,queue_aware_forgiving,2026123517,12,200,1.0,3.0,0,120,0
5,blind_tft,2026123518,12,200,1.0,3.0,0,0,0
5,queue_aware_forgiving,2026123518,12,200,1.0,3.0,0,120,0
5,blind_tft,2026123519,12,200,1.0,3.0,0,0,0
5,queue_aware_forgiving,2026123519,12,200,1.0,3.0,0,120,0
5,blind_tft,2026123520,12,200,1.0,3.0,0,0,0
5,queue_aware_forgiving,2026123520,12,200,1.0,3.0,0,120,0
5,blind_tft,2026123521,12,200,1.0,3.0,0,0,0
5,queue_aware_forgiving,2026123521,12,200,1.0,3.0,0,120,0
5,blind_tft,2026123522,12,200,1.0,3.0,0,0,0
5,queue_aware_forgiving,2026123522,12,200,1.0,3.0,0,120,0
5,blind_tft,2026123523,12,200,1.0,3.0,0,0,0
5,queue_aware_forgiving,2026123523,12,200,1.0,3.0,0,120,0
5,blind_tft,2026123524,12,200,1.0,3.0,0,0,0
5,queue_aware_forgiving,2026123524,12,200,1.0,3.0,0,120,0
5,blind_tft,2026123525,12,200,1.0,3.0,0,0,0
5,queue_aware_forgiving,2026123525,12,200,1.0,3.0,0,120,0
5,blind_tft,2026123526,12,200,1.0,3.0,0,0,0
5,queue_aware_forgiving,2026123526,12,200,1.0,3.0,0,120,0
5,blind_tft,2026123527,12,200,1.0,3.0,0,0,0
5,queue_aware_forgiving,2026123527,12,200,1.0,3.0,0,120,0
5,blind_tft,2026123528,12,200,1.0,3.0,0,0,0
5,queue_aware_forgiving,2026123528,12,200,1.0,3.0,0,120,0
5,blind_tft,2026123529,12,200,1.0,3.0,0,0,0
5,queue_aware_forgiving,2026123529,12,200,1.0,3.0,0,120,0
5,blind_tft,2026123530,12,200,1.0,3.0,0,0,0
5,queue_aware_forgiving,2026123530,12,200,1.0,3.0,0,120,0
5,blind_tft,2026123531,12,200,1.0,3.0,0,0,0
5,queue_aware_forgiving,2026123531,12,200,1.0,3.0,0,120,0
5,blind_tft,2026123532,12,200,1.0,3.0,0,0,0
5,queue_aware_forgiving,2026123532,12,200,1.0,3.0,0,120,0
5,blind_tft,2026123533,12,200,1.0,3.0,0,0,0
5,queue_aware_forgiving,2026123533,12,200,1.0,3.0,0,120,0
5,blind_tft,2026123534,12,200,1.0,3.0,0,0,0
5,queue_aware_forgiving,2026123534,12,200,1.0,3.0,0,120,0
5,blind_tft,2026123535,12,200,1.0,3.0,0,0,0
5,queue_aware_forgiving,2026123535,12,200,1.0,3.0,0,120,0
5,blind_tft,2026123536,12,200,1.0,3.0,0,0,0
5,queue_aware_forgiving,2026123536,12,200,1.0,3.0,0,120,0
5,blind_tft,2026123537,12,200,1.0,3.0,0,0,0
5,queue_aware_forgiving,2026123537,12,200,1.0,3.0,0,120,0
5,blind_tft,2026123538,12,200,1.0,3.0,0,0,0
5,queue_aware_forgiving,2026123538,12,200,1.0,3.0,0,120,0
5,blind_tft,2026123539,12,200,1.0,3.0,0,0,0
5,queue_aware_forgiving,2026123539,12,200,1.0,3.0,0,120,0
