delay,background_rate,policy,seed,decisions,stale_decision_rate,useful_processed,background_processed,mean_useful_wait,mean_backlog,max_backlog
0,0.0,fifo_blind,20260730,4320,0.08842592592592592,4296,0,1.0,24.0,24
0,0.0,fifo_blind,20260731,4320,0.09537037037037037,4296,0,1.0,24.0,24
0,0.0,fifo_blind,20260732,4320,0.08888888888888889,4296,0,1.0,24.0,24
0,0.0,fifo_blind,20260733,4320,0.08888888888888889,4296,0,1.0,24.0,24
0,0.0,fifo_blind,20260734,4320,0.07916666666666666,4296,0,1.0,24.0,24
0,0.0,fifo_blind,20260735,4320,0.08101851851851852,4296,0,1.0,24.0,24
0,0.0,fifo_blind,20260736,4320,0.0837962962962963,4296,0,1.0,24.0,24
0,0.0,fifo_blind,20260737,4320,0.08657407407407407,4296,0,1.0,24.0,24
0,0.0,fifo_blind,20260738,4320,0.09074074074074075,4296,0,1.0,24.0,24
0,0.0,fifo_blind,20260739,4320,0.08148148148148149,4296,0,1.0,24.0,24
0,0.0,fifo_blind,20260740,4320,0.0837962962962963,4296,0,1.0,24.0,24
0,0.0,fifo_blind,20260741,4320,0.09027777777777778,4296,0,1.0,24.0,24
0,0.0,fifo_blind,20260742,4320,0.08055555555555556,4296,0,1.0,24.0,24
0,0.0,fifo_blind,20260743,4320,0.08796296296296297,4296,0,1.0,24.0,24
0,0.0,fifo_blind,20260744,4320,0.07592592592592592,4296,0,1.0,24.0,24
0,0.0,fifo_blind,20260745,4320,0.0912037037037037,4296,0,1.0,24.0,24
0,0.0,fifo_blind,20260746,4320,0.08981481481481482,4296,0,1.0,24.0,24
0,0.0,fifo_blind,20260747,4320,0.08009259259259259,4296,0,1.0,24.0,24
0,0.0,fifo_blind,20260748,4320,0.08472222222222223,4296,0,1.0,24.0,24
0,0.0,fifo_blind,20260749,4320,0.08657407407407407,4296,0,1.0,24.0,24
0,0.0,priority_deduplicating,20260750,4320,0.0763888888888889,4296,0,1.0,24.0,24
0,0.0,priority_deduplicating,20260751,4320,0.08287037037037037,4296,0,1.0,24.0,24
0,0.0,priority_deduplicating,20260752,4320,0.08564814814814815,4296,0,1.0,24.0,24
0,0.0,priority_deduplicating,20260753,4320,0.07453703703703704,4296,0,1.0,24.0,24
0,0.0,priority_deduplicating,20260754,4320,0.08981481481481482,4296,0,1.0,24.0,24
0,0.0,priority_deduplicating,20260755,4320,0.08055555555555556,4296,0,1.0,24.0,24
0,0.0,priority_deduplicating,20260756,4320,0.0699074074074074,4296,0,1.0,24.0,24
0,0.0,priority_deduplicating,20260757,4320,0.07268518518518519,4296,0,1.0,24.0,24
0,0.0,priority_deduplicating,20260758,4320,0.08148148148148149,4296,0,1.0,24.0,24
0,0.0,priority_deduplicating,20260759,4320,0.09537037037037037,4296,0,1.0,24.0,24
0,0.0,priority_deduplicating,20260760,4320,0.08055555555555556,4296,0,1.0,24.0,24
0,0.0,priority_deduplicating,20260761,4320,0.09259259259259259,4296,0,1.0,24.0,24
0,0.0,priority_deduplicating,20260762,4320,0.0912037037037037,4296,0,1.0,24.0,24
0,0.0,priority_deduplicating,20260763,4320,0.08055555555555556,4296,0,1.0,24.0,24
0,0.0,priority_deduplicating,20260764,4320,0.07453703703703704,4296,0,1.0,24.0,24
0,0.0,priority_deduplicating,20260765,4320,0.07592592592592592,4296,0,1.0,24.0,24
0,0.0,priority_deduplicating,20260766,4320,0.08101851851851852,4296,0,1.0,24.0,24
0,0.0,priority_deduplicating,20260767,4320,0.08935185185185185,4296,0,1.0,24.0,24
0,0.0,priority_deduplicating,20260768,4320,0.08009259259259259,4296,0,1.0,24.0,24
0,0.0,priority_deduplicating,20260769,4320,0.0837962962962963,4296,0,1.0,24.0,24
0,1.0,fifo_blind,20260770,4320,0.4613425925925926,2849,1447,31.23868023868024,1124.4611111111112,2175
0,1.0,fifo_blind,20260771,4320,0.45601851851851855,2851,1445,31.330410382321993,1125.1555555555556,2218
0,1.0,fifo_blind,20260772,4320,0.4326388888888889,2889,1407,30.007615091727242,1074.9222222222222,2105
0,1.0,fifo_blind,20260773,4320,0.49398148148148147,2887,1409,30.79425008659508,1096.6666666666667,2144
0,1.0,fifo_blind,20260774,4320,0.45717592592592593,2881,1415,30.146824019437695,1091.7388888888888,2174
0,1.0,fifo_blind,20260775,4320,0.4363425925925926,2850,1446,30.516140350877194,1115.3722222222223,2211
0,1.0,fifo_blind,20260776,4320,0.4925925925925926,2878,1418,29.68137595552467,1077.6722222222222,2109
0,1.0,fifo_blind,20260777,4320,0.4011574074074074,2897,1399,31.092164307904728,1097.0111111111112,2175
0,1.0,fifo_blind,20260778,4320,0.42800925925925926,2846,1450,31.000351370344344,1130.0166666666667,2225
0,1.0,fifo_blind,20260779,4320,0.4414351851851852,2858,1438,30.49440167949615,1108.1444444444444,2185
0,1.0,fifo_blind,20260780,4320,0.46041666666666664,2870,1426,30.73484320557491,1096.1277777777777,2128
0,1.0,fifo_blind,20260781,4320,0.41689814814814813,2832,1464,31.6875,1150.0333333333333,2224
0,1.0,fifo_blind,20260782,4320,0.4289351851851852,2864,1432,30.35649441340782,1097.4611111111112,2140
0,1.0,fifo_blind,20260783,4320,0.5136574074074074,2861,1435,30.027263194687173,1096.5111111111112,2164
0,1.0,fifo_blind,20260784,4320,0.5050925925925925,2860,1436,31.443706293706295,1127.8944444444444,2200
0,1.0,fifo_blind,20260785,4320,0.45185185185185184,2856,1440,30.441526610644257,1117.8111111111111,2220
0,1.0,fifo_blind,20260786,4320,0.42824074074074076,2894,1402,30.825846579129234,1079.4222222222222,2066
0,1.0,fifo_blind,20260787,4320,0.512962962962963,2841,1455,31.384371700105596,1139.2611111111112,2244
0,1.0,fifo_blind,20260788,4320,0.49050925925925926,2836,1460,31.204160789844853,1131.5222222222221,2194
0,1.0,fifo_blind,20260789,4320,0.4837962962962963,2897,1399,30.361063168795305,1083.4,2146
0,1.0,priority_deduplicating,20260790,4320,0.08981481481481482,4296,0,1.0,1074.0055555555555,2146
0,1.0,priority_deduplicating,20260791,4320,0.08472222222222223,4296,0,1.0,1072.8833333333334,2127
0,1.0,priority_deduplicating,20260792,4320,0.09398148148148149,4296,0,1.0,1137.0722222222223,2268
0,1.0,priority_deduplicating,20260793,4320,0.09027777777777778,4296,0,1.0,1083.0277777777778,2130
0,1.0,priority_deduplicating,20260794,4320,0.09074074074074075,4296,0,1.0,1091.0111111111112,2136
0,1.0,priority_deduplicating,20260795,4320,0.08611111111111111,4296,0,1.0,1173.0111111111112,2298
0,1.0,priority_deduplicating,20260796,4320,0.08935185185185185,4296,0,1.0,1138.3444444444444,2255
0,1.0,priority_deduplicating,20260797,4320,0.08518518518518518,4296,0,1.0,1150.3111111111111,2265
0,1.0,priority_deduplicating,20260798,4320,0.08148148148148149,4296,0,1.0,1071.0722222222223,2166
0,1.0,priority_deduplicating,20260799,4320,0.08333333333333333,4296,0,1.0,1123.9388888888889,2172
0,1.0,priority_deduplicating,20260800,4320,0.08425925925925926,4296,0,1.0,1098.0,2176
0,1.0,priority_deduplicating,20260801,4320,0.0763888888888889,4296,0,1.0,1093.888888888889,2172
0,1.0,priority_deduplicating,20260802,4320,0.08101851851851852,4296,0,1.0,1155.8555555555556,2229
0,1.0,priority_deduplicating,20260803,4320,0.09166666666666666,4296,0,1.0,1155.8055555555557,2271
0,1.0,priority_deduplicating,20260804,4320,0.09166666666666666,4296,0,1.0,1096.3722222222223,2139
0,1.0,priority_deduplicating,20260805,4320,0.08472222222222223,4296,0,1.0,1117.2666666666667,2191
0,1.0,priority_deduplicating,20260806,4320,0.08657407407407407,4296,0,1.0,1157.05,2232
0,1.0,priority_deduplicating,20260807,4320,0.08148148148148149,4296,0,1.0,1081.0944444444444,2169
0,1.0,priority_deduplicating,20260808,4320,0.08611111111111111,4296,0,1.0,1173.2555555555555,2258
0,1.0,priority_deduplicating,20260809,4320,0.07824074074074074,4296,0,1.0,1093.9388888888889,2197
0,2.0,fifo_blind,20260810,4320,0.5039351851851852,2180,2116,44.22752293577982,2134.5833333333335,4248
0,2.0,fifo_blind,20260811,4320,0.45069444444444445,2173,2123,45.853198343304186,2174.8277777777776,4344
0,2.0,fifo_blind,20260812,4320,0.47175925925925927,2167,2129,44.71435163820951,2160.9444444444443,4240
0,2.0,fifo_blind,20260813,4320,0.5282407407407408,2154,2142,45.511606313834726,2190.538888888889,4300
0,2.0,fifo_blind,20260814,4320,0.4979166666666667,2155,2141,46.206496519721576,2201.661111111111,4305
0,2.0,fifo_blind,20260815,4320,0.5115740740740741,2117,2179,45.67123287671233,2240.8722222222223,4434
0,2.0,fifo_blind,20260816,4320,0.48518518518518516,2155,2141,45.749883990719255,2179.972222222222,4276
0,2.0,fifo_blind,20260817,4320,0.48055555555555557,2147,2149,45.89101071262226,2218.822222222222,4415
0,2.0,fifo_blind,20260818,4320,0.4375,2182,2114,45.25802016498625,2152.038888888889,4319
0,2.0,fifo_blind,20260819,4320,0.4449074074074074,2127,2169,46.43582510578279,2213.2166666666667,4369
0,2.0,fifo_blind,20260820,4320,0.5016203703703703,2161,2135,45.33503007866728,2183.7833333333333,4375
0,2.0,fifo_blind,20260821,4320,0.5236111111111111,2171,2125,44.59281437125748,2166.6,4315
0,2.0,fifo_blind,20260822,4320,0.48703703703703705,2169,2127,45.273858921161825,2147.4944444444445,4254
0,2.0,fifo_blind,20260823,4320,0.4988425925925926,2207,2089,44.04213864975079,2120.9,4276
0,2.0,fifo_blind,20260824,4320,0.48171296296296295,2155,2141,46.035730858468675,2210.722222222222,4342
0,2.0,fifo_blind,20260825,4320,0.4388888888888889,2121,2175,47.1961338991042,2260.261111111111,4412
0,2.0,fifo_blind,20260826,4320,0.4791666666666667,2133,2163,45.6966713548992,2206.0944444444444,4360
0,2.0,fifo_blind,20260827,4320,0.49930555555555556,2106,2190,46.319088319088316,2250.883333333333,4383
0,2.0,fifo_blind,20260828,4320,0.41782407407407407,2130,2166,45.8793427230047,2202.777777777778,4316
0,2.0,fifo_blind,20260829,4320,0.48032407407407407,2148,2148,47.16899441340782,2202.1722222222224,4276
0,2.0,priority_deduplicating,20260830,4320,0.08888888888888889,4296,0,1.0,2131.9222222222224,4230
0,2.0,priority_deduplicating,20260831,4320,0.08055555555555556,4296,0,1.0,2170.2,4329
0,2.0,priority_deduplicating,20260832,4320,0.08842592592592592,4296,0,1.0,2141.45,4293
0,2.0,priority_deduplicating,20260833,4320,0.08842592592592592,4296,0,1.0,2171.1722222222224,4285
0,2.0,priority_deduplicating,20260834,4320,0.08333333333333333,4296,0,1.0,2251.0555555555557,4354
0,2.0,priority_deduplicating,20260835,4320,0.09537037037037037,4296,0,1.0,2162.8722222222223,4336
0,2.0,priority_deduplicating,20260836,4320,0.08055555555555556,4296,0,1.0,2180.5444444444443,4347
0,2.0,priority_deduplicating,20260837,4320,0.09074074074074075,4296,0,1.0,2198.2444444444445,4356
0,2.0,priority_deduplicating,20260838,4320,0.08888888888888889,4296,0,1.0,2184.383333333333,4338
0,2.0,priority_deduplicating,20260839,4320,0.07916666666666666,4296,0,1.0,2229.7277777777776,4325
0,2.0,priority_deduplicating,20260840,4320,0.08287037037037037,4296,0,1.0,2208.6055555555554,4366
0,2.0,priority_deduplicating,20260841,4320,0.08009259259259259,4296,0,1.0,2143.027777777778,4347
0,2.0,priority_deduplicating,20260842,4320,0.08611111111111111,4296,0,1.0,2255.9777777777776,4423
0,2.0,priority_deduplicating,20260843,4320,0.08981481481481482,4296,0,1.0,2151.5944444444444,4256
0,2.0,priority_deduplicating,20260844,4320,0.08796296296296297,4296,0,1.0,2214.3888888888887,4380
0,2.0,priority_deduplicating,20260845,4320,0.0837962962962963,4296,0,1.0,2204.2944444444443,4358
0,2.0,priority_deduplicating,20260846,4320,0.07824074074074074,4296,0,1.0,2163.561111111111,4290
0,2.0,priority_deduplicating,20260847,4320,0.0837962962962963,4296,0,1.0,2210.6388888888887,4372
0,2.0,priority_deduplicating,20260848,4320,0.09768518518518518,4296,0,1.0,2171.483333333333,4291
0,2.0,priority_deduplicating,20260849,4320,0.08564814814814815,4296,0,1.0,2214.438888888889,4364
0,4.0,fifo_blind,20260850,4320,0.5796296296296296,1453,2843,59.90915347556779,4278.033333333334,8484
0,4.0,fifo_blind,20260851,4320,0.4928240740740741,1458,2838,60.1522633744856,4314.022222222222,8618
0,4.0,fifo_blind,20260852,4320,0.5020833333333333,1465,2831,59.39112627986348,4274.777777777777,8567
0,4.0,fifo_blind,20260853,4320,0.47685185185185186,1436,2860,61.25348189415042,4367.133333333333,8583
0,4.0,fifo_blind,20260854,4320,0.49074074074074076,1445,2851,60.206920415224914,4364.322222222222,8633
0,4.0,fifo_blind,20260855,4320,0.48842592592592593,1413,2883,61.33404104741685,4405.022222222222,8648
0,4.0,fifo_blind,20260856,4320,0.4877314814814815,1435,2861,61.62648083623694,4379.233333333334,8629
0,4.0,fifo_blind,20260857,4320,0.46087962962962964,1417,2879,61.669019054340154,4403.4,8713
0,4.0,fifo_blind,20260858,4320,0.47638888888888886,1440,2856,60.30763888888889,4341.794444444445,8606
0,4.0,fifo_blind,20260859,4320,0.480787037037037,1436,2860,60.42339832869081,4360.716666666666,8695
0,4.0,fifo_blind,20260860,4320,0.487962962962963,1471,2825,60.51461590754589,4298.877777777778,8546
0,4.0,fifo_blind,20260861,4320,0.5122685185185185,1403,2893,62.01568068424804,4493.405555555555,8796
0,4.0,fifo_blind,20260862,4320,0.4486111111111111,1425,2871,60.40421052631579,4379.2444444444445,8694
0,4.0,fifo_blind,20260863,4320,0.524537037037037,1447,2849,60.3752591568763,4323.027777777777,8543
0,4.0,fifo_blind,20260864,4320,0.4898148148148148,1451,2845,59.6946933149552,4319.294444444445,8634
0,4.0,fifo_blind,20260865,4320,0.4983796296296296,1427,2869,60.40364400840925,4342.133333333333,8556
0,4.0,fifo_blind,20260866,4320,0.537962962962963,1446,2850,60.60511756569848,4345.211111111111,8578
0,4.0,fifo_blind,20260867,4320,0.5083333333333333,1413,2883,60.8138711960368,4428.638888888889,8765
0,4.0,fifo_blind,20260868,4320,0.45555555555555555,1421,2875,60.429978888106966,4410.394444444444,8740
0,4.0,fifo_blind,20260869,4320,0.5074074074074074,1430,2866,59.625174825174824,4341.327777777778,8594
0,4.0,priority_deduplicating,20260870,4320,0.08888888888888889,4296,0,1.0,4349.038888888889,8639
0,4.0,priority_deduplicating,20260871,4320,0.09351851851851851,4296,0,1.0,4428.683333333333,8767
0,4.0,priority_deduplicating,20260872,4320,0.09722222222222222,4296,0,1.0,4401.944444444444,8702
0,4.0,priority_deduplicating,20260873,4320,0.0787037037037037,4296,0,1.0,4273.35,8579
0,4.0,priority_deduplicating,20260874,4320,0.07824074074074074,4296,0,1.0,4333.238888888889,8571
0,4.0,priority_deduplicating,20260875,4320,0.08101851851851852,4296,0,1.0,4494.416666666667,8878
0,4.0,priority_deduplicating,20260876,4320,0.08425925925925926,4296,0,1.0,4393.094444444445,8770
0,4.0,priority_deduplicating,20260877,4320,0.08796296296296297,4296,0,1.0,4368.533333333334,8705
0,4.0,priority_deduplicating,20260878,4320,0.08425925925925926,4296,0,1.0,4391.694444444444,8602
0,4.0,priority_deduplicating,20260879,4320,0.09305555555555556,4296,0,1.0,4368.527777777777,8617
0,4.0,priority_deduplicating,20260880,4320,0.08703703703703704,4296,0,1.0,4251.388888888889,8485
0,4.0,priority_deduplicating,20260881,4320,0.07731481481481481,4296,0,1.0,4431.555555555556,8694
0,4.0,priority_deduplicating,20260882,4320,0.09259259259259259,4296,0,1.0,4368.277777777777,8654
0,4.0,priority_deduplicating,20260883,4320,0.08333333333333333,4296,0,1.0,4441.516666666666,8741
0,4.0,priority_deduplicating,20260884,4320,0.08564814814814815,4296,0,1.0,4499.333333333333,8843
0,4.0,priority_deduplicating,20260885,4320,0.08611111111111111,4296,0,1.0,4410.044444444445,8717
0,4.0,priority_deduplicating,20260886,4320,0.09722222222222222,4296,0,1.0,4267.75,8548
0,4.0,priority_deduplicating,20260887,4320,0.08287037037037037,4296,0,1.0,4336.327777777778,8613
0,4.0,priority_deduplicating,20260888,4320,0.07916666666666666,4296,0,1.0,4379.205555555555,8693
0,4.0,priority_deduplicating,20260889,4320,0.08518518518518518,4296,0,1.0,4379.816666666667,8711
0,8.0,fifo_blind,20260890,4320,0.5270833333333333,864,3432,73.25925925925925,8699.244444444445,17181
0,8.0,fifo_blind,20260891,4320,0.5090277777777777,861,3435,73.05458768873403,8669.955555555556,17190
0,8.0,fifo_blind,20260892,4320,0.44166666666666665,858,3438,72.31118881118881,8733.922222222222,17340
0,8.0,fifo_blind,20260893,4320,0.493287037037037,867,3429,72.74625144175317,8683.283333333333,17279
0,8.0,fifo_blind,20260894,4320,0.4775462962962963,843,3453,71.86002372479241,8721.916666666666,17306
0,8.0,fifo_blind,20260895,4320,0.4828703703703704,860,3436,72.8313953488372,8774.31111111111,17350
0,8.0,fifo_blind,20260896,4320,0.5011574074074074,864,3432,71.83333333333333,8658.83888888889,17379
0,8.0,fifo_blind,20260897,4320,0.5173611111111112,872,3424,72.4954128440367,8654.65,17167
0,8.0,fifo_blind,20260898,4320,0.47939814814814813,841,3455,72.48156956004756,8796.127777777778,17351
0,8.0,fifo_blind,20260899,4320,0.4925925925925926,853,3443,72.54865181711607,8730.855555555556,17329
0,8.0,fifo_blind,20260900,4320,0.4439814814814815,861,3435,72.2369337979094,8738.95,17309
0,8.0,fifo_blind,20260901,4320,0.49212962962962964,871,3425,73.26061997703789,8706.2,17289
0,8.0,fifo_blind,20260902,4320,0.49699074074074073,877,3419,72.35461801596351,8606.216666666667,17255
0,8.0,fifo_blind,20260903,4320,0.5277777777777778,840,3456,72.49404761904762,8812.033333333333,17342
0,8.0,fifo_blind,20260904,4320,0.4550925925925926,858,3438,72.21445221445221,8738.966666666667,17395
0,8.0,fifo_blind,20260905,4320,0.44166666666666665,835,3461,73.53652694610778,8810.711111111112,17390
0,8.0,fifo_blind,20260906,4320,0.4875,867,3429,72.50288350634371,8721.772222222222,17249
0,8.0,fifo_blind,20260907,4320,0.5789351851851852,872,3424,71.7190366972477,8642.916666666666,17125
0,8.0,fifo_blind,20260908,4320,0.5131944444444444,859,3437,72.68102444703143,8697.944444444445,17348
0,8.0,fifo_blind,20260909,4320,0.5106481481481482,857,3439,72.22870478413068,8668.622222222222,17129
0,8.0,priority_deduplicating,20260910,4320,0.09212962962962963,4296,0,1.0,8645.572222222223,17235
0,8.0,priority_deduplicating,20260911,4320,0.08055555555555556,4296,0,1.0,8680.105555555556,17240
0,8.0,priority_deduplicating,20260912,4320,0.08009259259259259,4296,0,1.0,8614.533333333333,17170
0,8.0,priority_deduplicating,20260913,4320,0.08564814814814815,4296,0,1.0,8642.9,17124
0,8.0,priority_deduplicating,20260914,4320,0.09027777777777778,4296,0,1.0,8666.988888888889,17151
0,8.0,priority_deduplicating,20260915,4320,0.08657407407407407,4296,0,1.0,8556.038888888888,16986
0,8.0,priority_deduplicating,20260916,4320,0.08101851851851852,4296,0,1.0,8883.722222222223,17512
0,8.0,priority_deduplicating,20260917,4320,0.08796296296296297,4296,0,1.0,8795.66111111111,17340
0,8.0,priority_deduplicating,20260918,4320,0.08425925925925926,4296,0,1.0,8749.294444444444,17437
0,8.0,priority_deduplicating,20260919,4320,0.07824074074074074,4296,0,1.0,8602.755555555555,17145
0,8.0,priority_deduplicating,20260920,4320,0.09027777777777778,4296,0,1.0,8687.011111111111,17184
0,8.0,priority_deduplicating,20260921,4320,0.08425925925925926,4296,0,1.0,8710.83888888889,17379
0,8.0,priority_deduplicating,20260922,4320,0.08101851851851852,4296,0,1.0,8741.361111111111,17347
0,8.0,priority_deduplicating,20260923,4320,0.08333333333333333,4296,0,1.0,8711.194444444445,17226
0,8.0,priority_deduplicating,20260924,4320,0.07962962962962963,4296,0,1.0,8791.777777777777,17397
0,8.0,priority_deduplicating,20260925,4320,0.08981481481481482,4296,0,1.0,8706.672222222222,17343
0,8.0,priority_deduplicating,20260926,4320,0.08888888888888889,4296,0,1.0,8823.85,17429
0,8.0,priority_deduplicating,20260927,4320,0.09722222222222222,4296,0,1.0,8648.511111111111,17201
0,8.0,priority_deduplicating,20260928,4320,0.08518518518518518,4296,0,1.0,8852.522222222222,17454
0,8.0,priority_deduplicating,20260929,4320,0.0837962962962963,4296,0,1.0,8791.094444444445,17436
1,0.0,fifo_blind,20260930,4320,0.0787037037037037,4296,0,1.0,24.0,24
1,0.0,fifo_blind,20260931,4320,0.07916666666666666,4296,0,1.0,24.0,24
1,0.0,fifo_blind,20260932,4320,0.07962962962962963,4296,0,1.0,24.0,24
1,0.0,fifo_blind,20260933,4320,0.08518518518518518,4296,0,1.0,24.0,24
1,0.0,fifo_blind,20260934,4320,0.09259259259259259,4296,0,1.0,24.0,24
1,0.0,fifo_blind,20260935,4320,0.08611111111111111,4296,0,1.0,24.0,24
1,0.0,fifo_blind,20260936,4320,0.08055555555555556,4296,0,1.0,24.0,24
1,0.0,fifo_blind,20260937,4320,0.08101851851851852,4296,0,1.0,24.0,24
1,0.0,fifo_blind,20260938,4320,0.07592592592592592,4296,0,1.0,24.0,24
1,0.0,fifo_blind,20260939,4320,0.08333333333333333,4296,0,1.0,24.0,24
1,0.0,fifo_blind,20260940,4320,0.07962962962962963,4296,0,1.0,24.0,24
1,0.0,fifo_blind,20260941,4320,0.08148148148148149,4296,0,1.0,24.0,24
1,0.0,fifo_blind,20260942,4320,0.09212962962962963,4296,0,1.0,24.0,24
1,0.0,fifo_blind,20260943,4320,0.08657407407407407,4296,0,1.0,24.0,24
1,0.0,fifo_blind,20260944,4320,0.08611111111111111,4296,0,1.0,24.0,24
1,0.0,fifo_blind,20260945,4320,0.08472222222222223,4296,0,1.0,24.0,24
1,0.0,fifo_blind,20260946,4320,0.08842592592592592,4296,0,1.0,24.0,24
1,0.0,fifo_blind,20260947,4320,0.09166666666666666,4296,0,1.0,24.0,24
1,0.0,fifo_blind,20260948,4320,0.08657407407407407,4296,0,1.0,24.0,24
1,0.0,fifo_blind,20260949,4320,0.08148148148148149,4296,0,1.0,24.0,24
1,0.0,priority_deduplicating,20260950,4320,0.08703703703703704,4296,0,1.0,24.0,24
1,0.0,priority_deduplicating,20260951,4320,0.07777777777777778,4296,0,1.0,24.0,24
1,0.0,priority_deduplicating,20260952,4320,0.07453703703703704,4296,0,1.0,24.0,24
1,0.0,priority_deduplicating,20260953,4320,0.08101851851851852,4296,0,1.0,24.0,24
1,0.0,priority_deduplicating,20260954,4320,0.09259259259259259,4296,0,1.0,24.0,24
1,0.0,priority_deduplicating,20260955,4320,0.08148148148148149,4296,0,1.0,24.0,24
1,0.0,priority_deduplicating,20260956,4320,0.08194444444444444,4296,0,1.0,24.0,24
1,0.0,priority_deduplicating,20260957,4320,0.08796296296296297,4296,0,1.0,24.0,24
1,0.0,priority_deduplicating,20260958,4320,0.0824074074074074,4296,0,1.0,24.0,24
1,0.0,priority_deduplicating,20260959,4320,0.08657407407407407,4296,0,1.0,24.0,24
1,0.0,priority_deduplicating,20260960,4320,0.09768518518518518,4296,0,1.0,24.0,24
1,0.0,priority_deduplicating,20260961,4320,0.09074074074074075,4296,0,1.0,24.0,24
1,0.0,priority_deduplicating,20260962,4320,0.08425925925925926,4296,0,1.0,24.0,24
1,0.0,priority_deduplicating,20260963,4320,0.08842592592592592,4296,0,1.0,24.0,24
1,0.0,priority_deduplicating,20260964,4320,0.09074074074074075,4296,0,1.0,24.0,24
1,0.0,priority_deduplicating,20260965,4320,0.08657407407407407,4296,0,1.0,24.0,24
1,0.0,priority_deduplicating,20260966,4320,0.08564814814814815,4296,0,1.0,24.0,24
1,0.0,priority_deduplicating,20260967,4320,0.09027777777777778,4296,0,1.0,24.0,24
1,0.0,priority_deduplicating,20260968,4320,0.0763888888888889,4296,0,1.0,24.0,24
1,0.0,priority_deduplicating,20260969,4320,0.0837962962962963,4296,0,1.0,24.0,24
1,1.0,fifo_blind,20260970,4320,0.44837962962962963,2843,1453,30.902215969046782,1124.2777777777778,2203
1,1.0,fifo_blind,20260971,4320,0.449537037037037,2810,1486,31.380427046263346,1159.138888888889,2268
1,1.0,fifo_blind,20260972,4320,0.4826388888888889,2846,1450,31.153900210822208,1135.9888888888888,2237
1,1.0,fifo_blind,20260973,4320,0.493287037037037,2863,1433,31.39643730352777,1113.111111111111,2147
1,1.0,fifo_blind,20260974,4320,0.41203703703703703,2879,1417,30.815560958666204,1097.5166666666667,2126
1,1.0,fifo_blind,20260975,4320,0.5226851851851851,2890,1406,30.672318339100347,1086.6833333333334,2149
1,1.0,fifo_blind,20260976,4320,0.4446759259259259,2849,1447,31.091611091611092,1136.9388888888889,2272
1,1.0,fifo_blind,20260977,4320,0.45578703703703705,2861,1435,30.501223348479552,1101.1833333333334,2161
1,1.0,fifo_blind,20260978,4320,0.49699074074074073,2855,1441,31.23152364273205,1126.9944444444445,2210
1,1.0,fifo_blind,20260979,4320,0.45532407407407405,2854,1442,30.314646110721792,1112.7722222222221,2191
1,1.0,fifo_blind,20260980,4320,0.5034722222222222,2860,1436,30.13881118881119,1109.9333333333334,2180
1,1.0,fifo_blind,20260981,4320,0.4199074074074074,2860,1436,31.20104895104895,1134.4944444444445,2240
1,1.0,fifo_blind,20260982,4320,0.48703703703703705,2819,1477,32.42319971621142,1169.7111111111112,2235
1,1.0,fifo_blind,20260983,4320,0.4960648148148148,2854,1442,30.712683952347582,1117.911111111111,2197
1,1.0,fifo_blind,20260984,4320,0.4537037037037037,2865,1431,30.362303664921466,1106.4888888888888,2184
1,1.0,fifo_blind,20260985,4320,0.41412037037037036,2826,1470,31.842533616418965,1161.7444444444445,2292
1,1.0,fifo_blind,20260986,4320,0.4391203703703704,2874,1422,30.27035490605428,1100.1055555555556,2196
1,1.0,fifo_blind,20260987,4320,0.45208333333333334,2857,1439,30.96604830241512,1127.2166666666667,2224
1,1.0,fifo_blind,20260988,4320,0.4791666666666667,2852,1444,31.278401122019634,1133.8,2249
1,1.0,fifo_blind,20260989,4320,0.4652777777777778,2881,1415,30.38320027768136,1091.338888888889,2144
1,1.0,priority_deduplicating,20260990,4320,0.08611111111111111,4296,0,1.0,1104.5388888888888,2186
1,1.0,priority_deduplicating,20260991,4320,0.09212962962962963,4296,0,1.0,1119.8166666666666,2166
1,1.0,priority_deduplicating,20260992,4320,0.09305555555555556,4296,0,1.0,1061.7,2079
1,1.0,priority_deduplicating,20260993,4320,0.08009259259259259,4296,0,1.0,1113.338888888889,2221
1,1.0,priority_deduplicating,20260994,4320,0.09259259259259259,4296,0,1.0,1118.4388888888889,2183
1,1.0,priority_deduplicating,20260995,4320,0.08981481481481482,4296,0,1.0,1126.2833333333333,2222
1,1.0,priority_deduplicating,20260996,4320,0.08888888888888889,4296,0,1.0,1040.9333333333334,2087
1,1.0,priority_deduplicating,20260997,4320,0.08425925925925926,4296,0,1.0,1110.8944444444444,2184
1,1.0,priority_deduplicating,20260998,4320,0.08101851851851852,4296,0,1.0,1123.5777777777778,2207
1,1.0,priority_deduplicating,20260999,4320,0.08472222222222223,4296,0,1.0,1115.6722222222222,2176
1,1.0,priority_deduplicating,20261000,4320,0.08518518518518518,4296,0,1.0,1154.4388888888889,2216
1,1.0,priority_deduplicating,20261001,4320,0.09305555555555556,4296,0,1.0,1111.1333333333334,2237
1,1.0,priority_deduplicating,20261002,4320,0.08981481481481482,4296,0,1.0,1098.3444444444444,2147
1,1.0,priority_deduplicating,20261003,4320,0.08472222222222223,4296,0,1.0,1086.9444444444443,2164
1,1.0,priority_deduplicating,20261004,4320,0.0875,4296,0,1.0,1114.0611111111111,2186
1,1.0,priority_deduplicating,20261005,4320,0.08518518518518518,4296,0,1.0,1121.138888888889,2243
1,1.0,priority_deduplicating,20261006,4320,0.0875,4296,0,1.0,1102.4666666666667,2113
1,1.0,priority_deduplicating,20261007,4320,0.07592592592592592,4296,0,1.0,1152.4666666666667,2238
1,1.0,priority_deduplicating,20261008,4320,0.07916666666666666,4296,0,1.0,1122.1222222222223,2208
1,1.0,priority_deduplicating,20261009,4320,0.09305555555555556,4296,0,1.0,1133.6833333333334,2235
1,2.0,fifo_blind,20261010,4320,0.4976851851851852,2164,2132,44.52264325323475,2163.061111111111,4298
1,2.0,fifo_blind,20261011,4320,0.46944444444444444,2152,2144,44.92843866171004,2184.538888888889,4349
1,2.0,fifo_blind,20261012,4320,0.47962962962962963,2126,2170,46.48212605832549,2233.1555555555556,4344
1,2.0,fifo_blind,20261013,4320,0.5298611111111111,2136,2160,46.19662921348315,2232.2444444444445,4401
1,2.0,fifo_blind,20261014,4320,0.43657407407407406,2191,2105,43.70698311273391,2120.0833333333335,4284
1,2.0,fifo_blind,20261015,4320,0.48356481481481484,2206,2090,45.01631912964642,2141.511111111111,4306
1,2.0,fifo_blind,20261016,4320,0.4847222222222222,2150,2146,45.13209302325581,2190.4555555555557,4343
1,2.0,fifo_blind,20261017,4320,0.48703703703703705,2135,2161,46.7559718969555,2212.911111111111,4308
1,2.0,fifo_blind,20261018,4320,0.48194444444444445,2148,2148,44.84497206703911,2159.1111111111113,4267
1,2.0,fifo_blind,20261019,4320,0.47314814814814815,2169,2127,45.603042876901796,2161.3555555555554,4274
1,2.0,fifo_blind,20261020,4320,0.5226851851851851,2103,2193,45.72848311935331,2257.8944444444446,4374
1,2.0,fifo_blind,20261021,4320,0.4740740740740741,2122,2174,45.65268614514609,2238.4222222222224,4415
1,2.0,fifo_blind,20261022,4320,0.5319444444444444,2138,2158,44.79232927970065,2186.0666666666666,4325
1,2.0,fifo_blind,20261023,4320,0.5493055555555556,2162,2134,45.00878815911193,2169.5944444444444,4291
1,2.0,fifo_blind,20261024,4320,0.48703703703703705,2176,2120,44.775275735294116,2170.3166666666666,4331
1,2.0,fifo_blind,20261025,4320,0.49444444444444446,2136,2160,46.210205992509366,2229.822222222222,4434
1,2.0,fifo_blind,20261026,4320,0.4486111111111111,2101,2195,46.48453117563065,2263.8333333333335,4416
1,2.0,fifo_blind,20261027,4320,0.46319444444444446,2217,2079,44.166441136671175,2100.5055555555555,4208
1,2.0,fifo_blind,20261028,4320,0.5006944444444444,2171,2125,45.09350529709811,2141.1555555555556,4243
1,2.0,fifo_blind,20261029,4320,0.5018518518518519,2123,2173,45.765897315120114,2212.2444444444445,4333
1,2.0,priority_deduplicating,20261030,4320,0.08611111111111111,4296,0,1.0,2168.3555555555554,4317
1,2.0,priority_deduplicating,20261031,4320,0.10138888888888889,4296,0,1.0,2144.0555555555557,4300
1,2.0,priority_deduplicating,20261032,4320,0.09212962962962963,4296,0,1.0,2221.8777777777777,4380
1,2.0,priority_deduplicating,20261033,4320,0.09537037037037037,4296,0,1.0,2174.2722222222224,4270
1,2.0,priority_deduplicating,20261034,4320,0.08055555555555556,4296,0,1.0,2210.6722222222224,4313
1,2.0,priority_deduplicating,20261035,4320,0.0837962962962963,4296,0,1.0,2213.7555555555555,4353
1,2.0,priority_deduplicating,20261036,4320,0.08518518518518518,4296,0,1.0,2158.8888888888887,4339
1,2.0,priority_deduplicating,20261037,4320,0.08194444444444444,4296,0,1.0,2163.35,4332
1,2.0,priority_deduplicating,20261038,4320,0.08055555555555556,4296,0,1.0,2195.4166666666665,4355
1,2.0,priority_deduplicating,20261039,4320,0.08564814814814815,4296,0,1.0,2184.8555555555554,4348
1,2.0,priority_deduplicating,20261040,4320,0.08472222222222223,4296,0,1.0,2197.538888888889,4344
1,2.0,priority_deduplicating,20261041,4320,0.0712962962962963,4296,0,1.0,2136.777777777778,4214
1,2.0,priority_deduplicating,20261042,4320,0.08425925925925926,4296,0,1.0,2279.1277777777777,4462
1,2.0,priority_deduplicating,20261043,4320,0.08425925925925926,4296,0,1.0,2204.1555555555556,4413
1,2.0,priority_deduplicating,20261044,4320,0.07916666666666666,4296,0,1.0,2203.766666666667,4377
1,2.0,priority_deduplicating,20261045,4320,0.075,4296,0,1.0,2260.8777777777777,4381
1,2.0,priority_deduplicating,20261046,4320,0.07592592592592592,4296,0,1.0,2211.6555555555556,4339
1,2.0,priority_deduplicating,20261047,4320,0.0837962962962963,4296,0,1.0,2204.677777777778,4383
1,2.0,priority_deduplicating,20261048,4320,0.08888888888888889,4296,0,1.0,2191.6444444444446,4368
1,2.0,priority_deduplicating,20261049,4320,0.08009259259259259,4296,0,1.0,2187.233333333333,4344
1,4.0,fifo_blind,20261050,4320,0.48518518518518516,1422,2874,61.63150492264416,4378.727777777778,8649
1,4.0,fifo_blind,20261051,4320,0.4847222222222222,1428,2868,61.37464985994398,4372.5888888888885,8671
1,4.0,fifo_blind,20261052,4320,0.5087962962962963,1431,2865,60.44584206848358,4363.866666666667,8597
1,4.0,fifo_blind,20261053,4320,0.4951388888888889,1420,2876,61.028169014084504,4430.572222222222,8830
1,4.0,fifo_blind,20261054,4320,0.5210648148148148,1433,2863,60.47452896022331,4367.155555555555,8631
1,4.0,fifo_blind,20261055,4320,0.487962962962963,1427,2869,59.541695865452,4388.055555555556,8736
1,4.0,fifo_blind,20261056,4320,0.5118055555555555,1403,2893,60.53884533143265,4424.972222222223,8674
1,4.0,fifo_blind,20261057,4320,0.4875,1407,2889,60.97370291400142,4488.138888888889,8866
1,4.0,fifo_blind,20261058,4320,0.4798611111111111,1414,2882,62.24752475247525,4478.094444444445,8786
1,4.0,fifo_blind,20261059,4320,0.5150462962962963,1456,2840,60.970467032967036,4372.105555555556,8702
1,4.0,fifo_blind,20261060,4320,0.49537037037037035,1441,2855,61.66620402498265,4341.85,8522
1,4.0,fifo_blind,20261061,4320,0.4935185185185185,1420,2876,60.09225352112676,4443.627777777778,8813
1,4.0,fifo_blind,20261062,4320,0.5032407407407408,1431,2865,60.731656184486376,4396.5,8727
1,4.0,fifo_blind,20261063,4320,0.544212962962963,1406,2890,60.49217638691323,4440.2,8747
1,4.0,fifo_blind,20261064,4320,0.42777777777777776,1426,2870,60.967040673211784,4369.033333333334,8627
1,4.0,fifo_blind,20261065,4320,0.5331018518518519,1420,2876,60.738028169014086,4350.772222222222,8617
1,4.0,fifo_blind,20261066,4320,0.48657407407407405,1404,2892,61.34757834757835,4459.455555555555,8827
1,4.0,fifo_blind,20261067,4320,0.5053240740740741,1435,2861,59.99163763066202,4344.727777777778,8667
1,4.0,fifo_blind,20261068,4320,0.49074074074074076,1452,2844,60.84710743801653,4348.266666666666,8648
1,4.0,fifo_blind,20261069,4320,0.47152777777777777,1438,2858,59.87413073713491,4324.344444444445,8644
1,4.0,priority_deduplicating,20261070,4320,0.0824074074074074,4296,0,1.0,4359.583333333333,8738
1,4.0,priority_deduplicating,20261071,4320,0.07546296296296297,4296,0,1.0,4343.011111111111,8648
1,4.0,priority_deduplicating,20261072,4320,0.07916666666666666,4296,0,1.0,4313.438888888889,8663
1,4.0,priority_deduplicating,20261073,4320,0.08842592592592592,4296,0,1.0,4374.433333333333,8659
1,4.0,priority_deduplicating,20261074,4320,0.0875,4296,0,1.0,4400.211111111111,8724
1,4.0,priority_deduplicating,20261075,4320,0.08148148148148149,4296,0,1.0,4354.238888888889,8660
1,4.0,priority_deduplicating,20261076,4320,0.08935185185185185,4296,0,1.0,4349.316666666667,8649
1,4.0,priority_deduplicating,20261077,4320,0.08472222222222223,4296,0,1.0,4322.516666666666,8651
1,4.0,priority_deduplicating,20261078,4320,0.07361111111111111,4296,0,1.0,4418.705555555555,8726
1,4.0,priority_deduplicating,20261079,4320,0.08287037037037037,4296,0,1.0,4390.055555555556,8722
1,4.0,priority_deduplicating,20261080,4320,0.08796296296296297,4296,0,1.0,4377.127777777778,8660
1,4.0,priority_deduplicating,20261081,4320,0.08935185185185185,4296,0,1.0,4299.038888888889,8453
1,4.0,priority_deduplicating,20261082,4320,0.08055555555555556,4296,0,1.0,4406.2,8739
1,4.0,priority_deduplicating,20261083,4320,0.07685185185185185,4296,0,1.0,4360.427777777778,8686
1,4.0,priority_deduplicating,20261084,4320,0.08842592592592592,4296,0,1.0,4263.516666666666,8568
1,4.0,priority_deduplicating,20261085,4320,0.08796296296296297,4296,0,1.0,4507.944444444444,8907
1,4.0,priority_deduplicating,20261086,4320,0.08472222222222223,4296,0,1.0,4378.022222222222,8696
1,4.0,priority_deduplicating,20261087,4320,0.08796296296296297,4296,0,1.0,4487.844444444445,8829
1,4.0,priority_deduplicating,20261088,4320,0.08009259259259259,4296,0,1.0,4322.638888888889,8593
1,4.0,priority_deduplicating,20261089,4320,0.0824074074074074,4296,0,1.0,4312.05,8577
1,8.0,fifo_blind,20261090,4320,0.5247685185185185,871,3425,71.56946039035591,8592.961111111112,17153
1,8.0,fifo_blind,20261091,4320,0.4673611111111111,864,3432,72.12847222222223,8641.094444444445,17218
1,8.0,fifo_blind,20261092,4320,0.5055555555555555,866,3430,72.7771362586605,8722.577777777778,17387
1,8.0,fifo_blind,20261093,4320,0.4761574074074074,854,3442,71.24707259953162,8635.377777777778,17189
1,8.0,fifo_blind,20261094,4320,0.43842592592592594,860,3436,74.14767441860465,8650.194444444445,17093
1,8.0,fifo_blind,20261095,4320,0.4388888888888889,863,3433,71.91425260718424,8777.238888888889,17498
1,8.0,fifo_blind,20261096,4320,0.4965277777777778,861,3435,71.4541231126597,8758.65,17381
1,8.0,fifo_blind,20261097,4320,0.47708333333333336,838,3458,73.81503579952268,8826.355555555556,17489
1,8.0,fifo_blind,20261098,4320,0.5280092592592592,853,3443,73.49824150058616,8762.227777777778,17412
1,8.0,fifo_blind,20261099,4320,0.4962962962962963,852,3444,72.52347417840376,8737.905555555555,17276
1,8.0,fifo_blind,20261100,4320,0.4736111111111111,864,3432,73.13773148148148,8718.866666666667,17315
1,8.0,fifo_blind,20261101,4320,0.5287037037037037,841,3455,73.6884661117717,8739.333333333334,17201
1,8.0,fifo_blind,20261102,4320,0.5340277777777778,866,3430,70.71824480369516,8752.627777777778,17446
1,8.0,fifo_blind,20261103,4320,0.5131944444444444,872,3424,72.68577981651376,8691.355555555556,17336
1,8.0,fifo_blind,20261104,4320,0.5381944444444444,850,3446,72.98,8823.144444444444,17445
1,8.0,fifo_blind,20261105,4320,0.5472222222222223,869,3427,73.20828538550057,8804.205555555556,17441
1,8.0,fifo_blind,20261106,4320,0.5083333333333333,857,3439,71.29638273045508,8718.216666666667,17272
1,8.0,fifo_blind,20261107,4320,0.4650462962962963,855,3441,72.86315789473684,8618.255555555555,17151
1,8.0,fifo_blind,20261108,4320,0.44884259259259257,893,3403,71.66293393057111,8504.866666666667,17073
1,8.0,fifo_blind,20261109,4320,0.4775462962962963,848,3448,72.08490566037736,8805.972222222223,17495
1,8.0,priority_deduplicating,20261110,4320,0.0837962962962963,4296,0,1.0,8704.933333333332,17302
1,8.0,priority_deduplicating,20261111,4320,0.0824074074074074,4296,0,1.0,8668.666666666666,17149
1,8.0,priority_deduplicating,20261112,4320,0.08472222222222223,4296,0,1.0,8701.605555555556,17279
1,8.0,priority_deduplicating,20261113,4320,0.08425925925925926,4296,0,1.0,8671.35,17250
1,8.0,priority_deduplicating,20261114,4320,0.08796296296296297,4296,0,1.0,8824.383333333333,17414
1,8.0,priority_deduplicating,20261115,4320,0.07962962962962963,4296,0,1.0,8845.538888888888,17595
1,8.0,priority_deduplicating,20261116,4320,0.07453703703703704,4296,0,1.0,8662.527777777777,17219
1,8.0,priority_deduplicating,20261117,4320,0.0912037037037037,4296,0,1.0,8651.761111111111,17235
1,8.0,priority_deduplicating,20261118,4320,0.09351851851851851,4296,0,1.0,8646.733333333334,17031
1,8.0,priority_deduplicating,20261119,4320,0.09166666666666666,4296,0,1.0,8694.394444444444,17300
1,8.0,priority_deduplicating,20261120,4320,0.09027777777777778,4296,0,1.0,8693.988888888889,17223
1,8.0,priority_deduplicating,20261121,4320,0.08101851851851852,4296,0,1.0,8778.41111111111,17356
1,8.0,priority_deduplicating,20261122,4320,0.08055555555555556,4296,0,1.0,8608.472222222223,17213
1,8.0,priority_deduplicating,20261123,4320,0.08425925925925926,4296,0,1.0,8672.9,17257
1,8.0,priority_deduplicating,20261124,4320,0.09444444444444444,4296,0,1.0,8606.416666666666,17160
1,8.0,priority_deduplicating,20261125,4320,0.08194444444444444,4296,0,1.0,8734.6,17518
1,8.0,priority_deduplicating,20261126,4320,0.08287037037037037,4296,0,1.0,8919.81111111111,17680
1,8.0,priority_deduplicating,20261127,4320,0.09074074074074075,4296,0,1.0,8707.966666666667,17343
1,8.0,priority_deduplicating,20261128,4320,0.08611111111111111,4296,0,1.0,8549.583333333334,17090
1,8.0,priority_deduplicating,20261129,4320,0.07592592592592592,4296,0,1.0,8847.144444444444,17492
2,0.0,fifo_blind,20261130,4320,0.16944444444444445,4272,0,2.0,47.86666666666667,48
2,0.0,fifo_blind,20261131,4320,0.1763888888888889,4272,0,2.0,47.86666666666667,48
2,0.0,fifo_blind,20261132,4320,0.15462962962962962,4272,0,2.0,47.86666666666667,48
2,0.0,fifo_blind,20261133,4320,0.18009259259259258,4272,0,2.0,47.86666666666667,48
2,0.0,fifo_blind,20261134,4320,0.1597222222222222,4272,0,2.0,47.86666666666667,48
2,0.0,fifo_blind,20261135,4320,0.1587962962962963,4272,0,2.0,47.86666666666667,48
2,0.0,fifo_blind,20261136,4320,0.15462962962962962,4272,0,2.0,47.86666666666667,48
2,0.0,fifo_blind,20261137,4320,0.15324074074074073,4272,0,2.0,47.86666666666667,48
2,0.0,fifo_blind,20261138,4320,0.14027777777777778,4272,0,2.0,47.86666666666667,48
2,0.0,fifo_blind,20261139,4320,0.1486111111111111,4272,0,2.0,47.86666666666667,48
2,0.0,fifo_blind,20261140,4320,0.15601851851851853,4272,0,2.0,47.86666666666667,48
2,0.0,fifo_blind,20261141,4320,0.1527777777777778,4272,0,2.0,47.86666666666667,48
2,0.0,fifo_blind,20261142,4320,0.15138888888888888,4272,0,2.0,47.86666666666667,48
2,0.0,fifo_blind,20261143,4320,0.14444444444444443,4272,0,2.0,47.86666666666667,48
2,0.0,fifo_blind,20261144,4320,0.16296296296296298,4272,0,2.0,47.86666666666667,48
2,0.0,fifo_blind,20261145,4320,0.1597222222222222,4272,0,2.0,47.86666666666667,48
2,0.0,fifo_blind,20261146,4320,0.17175925925925925,4272,0,2.0,47.86666666666667,48
2,0.0,fifo_blind,20261147,4320,0.1398148148148148,4272,0,2.0,47.86666666666667,48
2,0.0,fifo_blind,20261148,4320,0.16805555555555557,4272,0,2.0,47.86666666666667,48
2,0.0,fifo_blind,20261149,4320,0.15231481481481482,4272,0,2.0,47.86666666666667,48
2,0.0,priority_deduplicating,20261150,4320,0.1675925925925926,4272,0,2.0,47.86666666666667,48
2,0.0,priority_deduplicating,20261151,4320,0.16898148148148148,4272,0,2.0,47.86666666666667,48
2,0.0,priority_deduplicating,20261152,4320,0.15416666666666667,4272,0,2.0,47.86666666666667,48
2,0.0,priority_deduplicating,20261153,4320,0.1412037037037037,4272,0,2.0,47.86666666666667,48
2,0.0,priority_deduplicating,20261154,4320,0.14212962962962963,4272,0,2.0,47.86666666666667,48
2,0.0,priority_deduplicating,20261155,4320,0.16574074074074074,4272,0,2.0,47.86666666666667,48
2,0.0,priority_deduplicating,20261156,4320,0.15,4272,0,2.0,47.86666666666667,48
2,0.0,priority_deduplicating,20261157,4320,0.14907407407407408,4272,0,2.0,47.86666666666667,48
2,0.0,priority_deduplicating,20261158,4320,0.14166666666666666,4272,0,2.0,47.86666666666667,48
2,0.0,priority_deduplicating,20261159,4320,0.1587962962962963,4272,0,2.0,47.86666666666667,48
2,0.0,priority_deduplicating,20261160,4320,0.15925925925925927,4272,0,2.0,47.86666666666667,48
2,0.0,priority_deduplicating,20261161,4320,0.15046296296296297,4272,0,2.0,47.86666666666667,48
2,0.0,priority_deduplicating,20261162,4320,0.14722222222222223,4272,0,2.0,47.86666666666667,48
2,0.0,priority_deduplicating,20261163,4320,0.13055555555555556,4272,0,2.0,47.86666666666667,48
2,0.0,priority_deduplicating,20261164,4320,0.14212962962962963,4272,0,2.0,47.86666666666667,48
2,0.0,priority_deduplicating,20261165,4320,0.16944444444444445,4272,0,2.0,47.86666666666667,48
2,0.0,priority_deduplicating,20261166,4320,0.15092592592592594,4272,0,2.0,47.86666666666667,48
2,0.0,priority_deduplicating,20261167,4320,0.15925925925925927,4272,0,2.0,47.86666666666667,48
2,0.0,priority_deduplicating,20261168,4320,0.14074074074074075,4272,0,2.0,47.86666666666667,48
2,0.0,priority_deduplicating,20261169,4320,0.13564814814814816,4272,0,2.0,47.86666666666667,48
2,1.0,fifo_blind,20261170,4320,0.41944444444444445,2854,1433,31.401892081289418,1134.1555555555556,2221
2,1.0,fifo_blind,20261171,4320,0.4736111111111111,2817,1464,31.850550230741923,1165.0333333333333,2278
2,1.0,fifo_blind,20261172,4320,0.5099537037037037,2847,1433,31.672286617492098,1136.338888888889,2221
2,1.0,fifo_blind,20261173,4320,0.4756944444444444,2864,1424,31.461941340782122,1118.9222222222222,2179
2,1.0,fifo_blind,20261174,4320,0.4798611111111111,2899,1384,30.629527423249396,1085.7722222222221,2131
2,1.0,fifo_blind,20261175,4320,0.4777777777777778,2851,1433,31.063135741844967,1129.0833333333333,2244
2,1.0,fifo_blind,20261176,4320,0.5539351851851851,2898,1383,30.357487922705314,1083.0611111111111,2124
2,1.0,fifo_blind,20261177,4320,0.5168981481481482,2858,1428,30.86703988803359,1126.5388888888888,2244
2,1.0,fifo_blind,20261178,4320,0.4759259259259259,2826,1453,32.146142958244866,1149.0333333333333,2189
2,1.0,fifo_blind,20261179,4320,0.430787037037037,2869,1414,30.803415824329033,1100.9222222222222,2131
2,1.0,fifo_blind,20261180,4320,0.4324074074074074,2827,1457,31.84718783162363,1139.5777777777778,2189
2,1.0,fifo_blind,20261181,4320,0.48865740740740743,2875,1402,30.651478260869567,1103.8666666666666,2174
2,1.0,fifo_blind,20261182,4320,0.48171296296296295,2865,1417,31.40907504363002,1109.35,2149
2,1.0,fifo_blind,20261183,4320,0.49398148148148147,2868,1415,30.708507670850768,1115.7277777777779,2199
2,1.0,fifo_blind,20261184,4320,0.42916666666666664,2841,1443,31.77543118620204,1137.7611111111112,2178
2,1.0,fifo_blind,20261185,4320,0.4787037037037037,2836,1451,32.2277856135402,1155.3666666666666,2263
2,1.0,fifo_blind,20261186,4320,0.4895833333333333,2875,1408,31.321391304347827,1105.35,2131
2,1.0,fifo_blind,20261187,4320,0.4888888888888889,2902,1382,30.437973811164714,1084.6277777777777,2134
2,1.0,fifo_blind,20261188,4320,0.47129629629629627,2865,1416,30.620942408376962,1115.8944444444444,2250
2,1.0,fifo_blind,20261189,4320,0.48009259259259257,2884,1399,30.15880721220527,1085.8222222222223,2163
2,1.0,priority_deduplicating,20261190,4320,0.16527777777777777,4272,14,2.0,1138.3555555555556,2180
2,1.0,priority_deduplicating,20261191,4320,0.16666666666666666,4272,11,2.0,1117.861111111111,2172
2,1.0,priority_deduplicating,20261192,4320,0.18194444444444444,4272,13,2.0,1147.8555555555556,2239
2,1.0,priority_deduplicating,20261193,4320,0.16944444444444445,4272,12,2.0,1105.7277777777779,2189
2,1.0,priority_deduplicating,20261194,4320,0.16898148148148148,4272,10,2.0,1155.2944444444445,2259
2,1.0,priority_deduplicating,20261195,4320,0.1699074074074074,4272,9,2.0,1143.5277777777778,2217
2,1.0,priority_deduplicating,20261196,4320,0.16898148148148148,4272,13,2.0,1139.4666666666667,2221
2,1.0,priority_deduplicating,20261197,4320,0.14351851851851852,4272,13,2.0,1154.5833333333333,2225
2,1.0,priority_deduplicating,20261198,4320,0.14444444444444443,4272,16,2.0,1163.1,2273
2,1.0,priority_deduplicating,20261199,4320,0.14675925925925926,4272,13,2.0,1103.8666666666666,2155
2,1.0,priority_deduplicating,20261200,4320,0.1712962962962963,4272,6,2.0,1130.9666666666667,2201
2,1.0,priority_deduplicating,20261201,4320,0.1587962962962963,4272,16,2.0,1110.2277777777779,2160
2,1.0,priority_deduplicating,20261202,4320,0.15925925925925927,4272,8,2.0,1132.75,2206
2,1.0,priority_deduplicating,20261203,4320,0.1537037037037037,4272,9,2.0,1105.9722222222222,2168
2,1.0,priority_deduplicating,20261204,4320,0.16666666666666666,4272,11,2.0,1137.5555555555557,2249
2,1.0,priority_deduplicating,20261205,4320,0.1550925925925926,4272,9,2.0,1131.2055555555555,2205
2,1.0,priority_deduplicating,20261206,4320,0.16064814814814815,4272,14,2.0,1181.55,2312
2,1.0,priority_deduplicating,20261207,4320,0.13240740740740742,4272,12,2.0,1128.2388888888888,2224
2,1.0,priority_deduplicating,20261208,4320,0.16527777777777777,4272,9,2.0,1131.7277777777779,2228
2,1.0,priority_deduplicating,20261209,4320,0.1439814814814815,4272,5,2.0,1085.3055555555557,2154
2,2.0,fifo_blind,20261210,4320,0.5,2155,2136,44.43619489559165,2185.7722222222224,4407
2,2.0,fifo_blind,20261211,4320,0.49236111111111114,2124,2167,47.03436911487759,2250.838888888889,4449
2,2.0,fifo_blind,20261212,4320,0.46064814814814814,2156,2134,45.61502782931354,2178.0666666666666,4267
2,2.0,fifo_blind,20261213,4320,0.4798611111111111,2174,2108,44.72033118675253,2145.35,4257
2,2.0,fifo_blind,20261214,4320,0.45601851851851855,2116,2178,46.87807183364839,2253.9944444444445,4387
2,2.0,fifo_blind,20261215,4320,0.507175925925926,2130,2160,46.09154929577465,2249.0555555555557,4430
2,2.0,fifo_blind,20261216,4320,0.4914351851851852,2153,2137,45.74129122155132,2193.6444444444446,4307
2,2.0,fifo_blind,20261217,4320,0.418287037037037,2149,2139,46.513727315030245,2205.561111111111,4354
2,2.0,fifo_blind,20261218,4320,0.4409722222222222,2163,2124,45.881183541377716,2176.95,4280
2,2.0,fifo_blind,20261219,4320,0.4618055555555556,2194,2093,44.68094804010939,2145.988888888889,4333
2,2.0,fifo_blind,20261220,4320,0.45185185185185184,2152,2137,45.842007434944236,2176.95,4220
2,2.0,fifo_blind,20261221,4320,0.4587962962962963,2134,2157,46.92970946579194,2209.2444444444445,4327
2,2.0,fifo_blind,20261222,4320,0.5164351851851852,2154,2133,45.007892293407615,2170.766666666667,4274
2,2.0,fifo_blind,20261223,4320,0.5041666666666667,2157,2132,45.74547983310153,2188.3055555555557,4322
2,2.0,fifo_blind,20261224,4320,0.4722222222222222,2118,2170,47.12653446647781,2261.8277777777776,4409
2,2.0,fifo_blind,20261225,4320,0.5009259259259259,2134,2156,46.260543580131205,2242.961111111111,4386
2,2.0,fifo_blind,20261226,4320,0.48148148148148145,2141,2150,46.66510976179355,2226.6111111111113,4350
2,2.0,fifo_blind,20261227,4320,0.49074074074074076,2158,2134,45.312326227988876,2175.3722222222223,4326
2,2.0,fifo_blind,20261228,4320,0.48310185185185184,2182,2107,43.961044912923924,2127.9777777777776,4250
2,2.0,fifo_blind,20261229,4320,0.46967592592592594,2202,2085,44.85286103542234,2100.811111111111,4120
2,2.0,priority_deduplicating,20261230,4320,0.1574074074074074,4272,16,2.0,2228.0555555555557,4347
2,2.0,priority_deduplicating,20261231,4320,0.15555555555555556,4272,15,2.0,2195.777777777778,4404
2,2.0,priority_deduplicating,20261232,4320,0.14675925925925926,4272,18,2.0,2180.538888888889,4261
2,2.0,priority_deduplicating,20261233,4320,0.15601851851851853,4272,22,2.0,2170.261111111111,4325
2,2.0,priority_deduplicating,20261234,4320,0.14166666666666666,4272,18,2.0,2164.366666666667,4292
2,2.0,priority_deduplicating,20261235,4320,0.16898148148148148,4272,19,2.0,2234.0,4395
2,2.0,priority_deduplicating,20261236,4320,0.1537037037037037,4272,19,2.0,2149.9333333333334,4296
2,2.0,priority_deduplicating,20261237,4320,0.14583333333333334,4272,20,2.0,2207.2166666666667,4374
2,2.0,priority_deduplicating,20261238,4320,0.15694444444444444,4272,18,2.0,2227.65,4358
2,2.0,priority_deduplicating,20261239,4320,0.1597222222222222,4272,16,2.0,2224.8611111111113,4391
2,2.0,priority_deduplicating,20261240,4320,0.15,4272,18,2.0,2212.511111111111,4362
2,2.0,priority_deduplicating,20261241,4320,0.14583333333333334,4272,16,2.0,2185.838888888889,4365
2,2.0,priority_deduplicating,20261242,4320,0.15138888888888888,4272,17,2.0,2210.0333333333333,4353
2,2.0,priority_deduplicating,20261243,4320,0.14212962962962963,4272,22,2.0,2206.427777777778,4392
2,2.0,priority_deduplicating,20261244,4320,0.1699074074074074,4272,19,2.0,2262.761111111111,4465
2,2.0,priority_deduplicating,20261245,4320,0.16018518518518518,4272,22,2.0,2172.3777777777777,4282
2,2.0,priority_deduplicating,20261246,4320,0.14166666666666666,4272,17,2.0,2216.9777777777776,4383
2,2.0,priority_deduplicating,20261247,4320,0.14537037037037037,4272,18,2.0,2191.1722222222224,4326
2,2.0,priority_deduplicating,20261248,4320,0.16574074074074074,4272,18,2.0,2188.733333333333,4357
2,2.0,priority_deduplicating,20261249,4320,0.14722222222222223,4272,19,2.0,2187.3888888888887,4366
2,4.0,fifo_blind,20261250,4320,0.49745370370370373,1438,2856,60.29554937413074,4353.427777777778,8601
2,4.0,fifo_blind,20261251,4320,0.4759259259259259,1457,2838,60.01509951956074,4370.861111111111,8750
2,4.0,fifo_blind,20261252,4320,0.507175925925926,1424,2871,60.80547752808989,4415.9,8762
2,4.0,fifo_blind,20261253,4320,0.5175925925925926,1427,2868,59.62298528381219,4368.922222222222,8685
2,4.0,fifo_blind,20261254,4320,0.4685185185185185,1416,2878,60.2725988700565,4414.444444444444,8735
2,4.0,fifo_blind,20261255,4320,0.5930555555555556,1427,2868,59.93202522775053,4369.877777777778,8582
2,4.0,fifo_blind,20261256,4320,0.5458333333333333,1430,2866,60.997202797202796,4368.7555555555555,8581
2,4.0,fifo_blind,20261257,4320,0.4752314814814815,1418,2878,61.931593794076164,4407.538888888889,8693
2,4.0,fifo_blind,20261258,4320,0.4979166666666667,1428,2867,60.86904761904762,4343.383333333333,8607
2,4.0,fifo_blind,20261259,4320,0.5113425925925926,1465,2828,60.39590443686007,4293.883333333333,8563
2,4.0,fifo_blind,20261260,4320,0.5076388888888889,1475,2818,59.11322033898305,4274.977777777778,8569
2,4.0,fifo_blind,20261261,4320,0.4826388888888889,1423,2872,60.95221363316936,4392.355555555556,8755
2,4.0,fifo_blind,20261262,4320,0.43171296296296297,1454,2841,59.91059147180193,4312.961111111111,8560
2,4.0,fifo_blind,20261263,4320,0.49074074074074076,1435,2858,60.85644599303136,4360.1,8672
2,4.0,fifo_blind,20261264,4320,0.48865740740740743,1468,2827,60.19073569482289,4266.116666666667,8538
2,4.0,fifo_blind,20261265,4320,0.5037037037037037,1427,2869,61.81709880868956,4401.644444444444,8648
2,4.0,fifo_blind,20261266,4320,0.4983796296296296,1420,2873,60.501408450704226,4365.988888888889,8617
2,4.0,fifo_blind,20261267,4320,0.5300925925925926,1433,2862,60.17655268667132,4360.283333333334,8573
2,4.0,fifo_blind,20261268,4320,0.4550925925925926,1422,2871,61.26371308016878,4370.094444444445,8527
2,4.0,fifo_blind,20261269,4320,0.4877314814814815,1441,2852,60.35461485079806,4317.9944444444445,8544
2,4.0,priority_deduplicating,20261270,4320,0.16296296296296298,4272,21,2.0,4352.733333333334,8694
2,4.0,priority_deduplicating,20261271,4320,0.13333333333333333,4272,23,2.0,4422.227777777778,8724
2,4.0,priority_deduplicating,20261272,4320,0.14953703703703702,4272,20,2.0,4308.311111111111,8620
2,4.0,priority_deduplicating,20261273,4320,0.1625,4272,24,2.0,4441.45,8884
2,4.0,priority_deduplicating,20261274,4320,0.16111111111111112,4272,23,2.0,4366.083333333333,8597
2,4.0,priority_deduplicating,20261275,4320,0.15694444444444444,4272,24,2.0,4264.061111111111,8543
2,4.0,priority_deduplicating,20261276,4320,0.14722222222222223,4272,23,2.0,4284.366666666667,8507
2,4.0,priority_deduplicating,20261277,4320,0.1527777777777778,4272,24,2.0,4461.222222222223,8815
2,4.0,priority_deduplicating,20261278,4320,0.16064814814814815,4272,23,2.0,4437.077777777778,8726
2,4.0,priority_deduplicating,20261279,4320,0.1625,4272,22,2.0,4212.377777777778,8482
2,4.0,priority_deduplicating,20261280,4320,0.15925925925925927,4272,23,2.0,4302.738888888889,8592
2,4.0,priority_deduplicating,20261281,4320,0.175,4272,23,2.0,4321.4111111111115,8665
2,4.0,priority_deduplicating,20261282,4320,0.15925925925925927,4272,20,2.0,4262.9,8427
2,4.0,priority_deduplicating,20261283,4320,0.1439814814814815,4272,24,2.0,4375.7444444444445,8677
2,4.0,priority_deduplicating,20261284,4320,0.15833333333333333,4272,21,2.0,4430.7444444444445,8706
2,4.0,priority_deduplicating,20261285,4320,0.15648148148148147,4272,24,2.0,4392.283333333334,8596
2,4.0,priority_deduplicating,20261286,4320,0.1550925925925926,4272,18,2.0,4299.65,8546
2,4.0,priority_deduplicating,20261287,4320,0.15925925925925927,4272,24,2.0,4411.688888888889,8709
2,4.0,priority_deduplicating,20261288,4320,0.1685185185185185,4272,23,2.0,4320.45,8598
2,4.0,priority_deduplicating,20261289,4320,0.15046296296296297,4272,23,2.0,4311.938888888889,8585
2,8.0,fifo_blind,20261290,4320,0.46064814814814814,852,3444,72.86032863849765,8743.983333333334,17242
2,8.0,fifo_blind,20261291,4320,0.4409722222222222,854,3442,72.72599531615926,8746.81111111111,17304
2,8.0,fifo_blind,20261292,4320,0.4395833333333333,873,3423,72.06529209621993,8624.31111111111,17186
2,8.0,fifo_blind,20261293,4320,0.4946759259259259,868,3428,72.02649769585254,8604.93888888889,17147
2,8.0,fifo_blind,20261294,4320,0.4652777777777778,851,3445,72.0951821386604,8700.638888888889,17211
2,8.0,fifo_blind,20261295,4320,0.46550925925925923,868,3428,71.29147465437788,8689.344444444445,17270
2,8.0,fifo_blind,20261296,4320,0.5145833333333333,865,3431,72.31560693641619,8785.972222222223,17352
2,8.0,fifo_blind,20261297,4320,0.5108796296296296,877,3419,72.0478905359179,8669.527777777777,17291
2,8.0,fifo_blind,20261298,4320,0.4844907407407407,843,3453,72.22657176749703,8800.172222222222,17486
2,8.0,fifo_blind,20261299,4320,0.513425925925926,866,3430,71.05311778290994,8780.155555555555,17550
2,8.0,fifo_blind,20261300,4320,0.4826388888888889,829,3467,72.6767189384801,8835.427777777777,17458
2,8.0,fifo_blind,20261301,4320,0.5050925925925925,854,3442,72.84426229508196,8787.477777777778,17372
2,8.0,fifo_blind,20261302,4320,0.5159722222222223,853,3443,71.85814771395076,8781.216666666667,17440
2,8.0,fifo_blind,20261303,4320,0.44189814814814815,884,3412,71.7975113122172,8543.972222222223,17056
2,8.0,fifo_blind,20261304,4320,0.5076388888888889,848,3448,72.25235849056604,8711.994444444445,17249
2,8.0,fifo_blind,20261305,4320,0.49930555555555556,848,3448,71.48820754716981,8659.877777777778,17118
2,8.0,fifo_blind,20261306,4320,0.449537037037037,844,3452,72.74526066350711,8782.788888888888,17460
2,8.0,fifo_blind,20261307,4320,0.4976851851851852,870,3426,71.8528735632184,8653.316666666668,17244
2,8.0,fifo_blind,20261308,4320,0.5020833333333333,845,3451,72.69940828402368,8732.872222222222,17291
2,8.0,fifo_blind,20261309,4320,0.524074074074074,851,3445,71.84958871915394,8622.305555555555,17077
2,8.0,priority_deduplicating,20261310,4320,0.14444444444444443,4272,24,2.0,8586.305555555555,17206
2,8.0,priority_deduplicating,20261311,4320,0.15092592592592594,4272,24,2.0,8824.238888888889,17484
2,8.0,priority_deduplicating,20261312,4320,0.14537037037037037,4272,24,2.0,8655.6,17258
2,8.0,priority_deduplicating,20261313,4320,0.15,4272,24,2.0,8661.222222222223,17257
2,8.0,priority_deduplicating,20261314,4320,0.16018518518518518,4272,24,2.0,8723.722222222223,17311
2,8.0,priority_deduplicating,20261315,4320,0.15,4272,24,2.0,8673.872222222222,17320
2,8.0,priority_deduplicating,20261316,4320,0.15787037037037038,4272,24,2.0,8635.172222222222,17085
2,8.0,priority_deduplicating,20261317,4320,0.14907407407407408,4272,24,2.0,8643.227777777778,17213
2,8.0,priority_deduplicating,20261318,4320,0.15,4272,24,2.0,8812.566666666668,17382
2,8.0,priority_deduplicating,20261319,4320,0.1625,4272,24,2.0,8763.922222222222,17427
2,8.0,priority_deduplicating,20261320,4320,0.16064814814814815,4272,24,2.0,8698.155555555555,17321
2,8.0,priority_deduplicating,20261321,4320,0.12685185185185185,4272,24,2.0,8733.55,17266
2,8.0,priority_deduplicating,20261322,4320,0.17314814814814813,4272,24,2.0,8631.083333333334,17065
2,8.0,priority_deduplicating,20261323,4320,0.13657407407407407,4272,24,2.0,8801.488888888889,17380
2,8.0,priority_deduplicating,20261324,4320,0.16157407407407406,4272,24,2.0,8742.033333333333,17336
2,8.0,priority_deduplicating,20261325,4320,0.1699074074074074,4272,24,2.0,8662.583333333334,17167
2,8.0,priority_deduplicating,20261326,4320,0.14166666666666666,4272,24,2.0,8719.5,17382
2,8.0,priority_deduplicating,20261327,4320,0.16111111111111112,4272,24,2.0,8749.994444444445,17515
2,8.0,priority_deduplicating,20261328,4320,0.16203703703703703,4272,24,2.0,8922.011111111111,17477
2,8.0,priority_deduplicating,20261329,4320,0.16898148148148148,4272,24,2.0,8609.727777777778,17205
3,0.0,fifo_blind,20261330,4320,0.225,4248,0,3.0,71.6,72
3,0.0,fifo_blind,20261331,4320,0.18796296296296297,4248,0,3.0,71.6,72
3,0.0,fifo_blind,20261332,4320,0.2222222222222222,4248,0,3.0,71.6,72
3,0.0,fifo_blind,20261333,4320,0.20277777777777778,4248,0,3.0,71.6,72
3,0.0,fifo_blind,20261334,4320,0.19027777777777777,4248,0,3.0,71.6,72
3,0.0,fifo_blind,20261335,4320,0.21064814814814814,4248,0,3.0,71.6,72
3,0.0,fifo_blind,20261336,4320,0.2199074074074074,4248,0,3.0,71.6,72
3,0.0,fifo_blind,20261337,4320,0.20324074074074075,4248,0,3.0,71.6,72
3,0.0,fifo_blind,20261338,4320,0.23194444444444445,4248,0,3.0,71.6,72
3,0.0,fifo_blind,20261339,4320,0.22824074074074074,4248,0,3.0,71.6,72
3,0.0,fifo_blind,20261340,4320,0.2199074074074074,4248,0,3.0,71.6,72
3,0.0,fifo_blind,20261341,4320,0.23055555555555557,4248,0,3.0,71.6,72
3,0.0,fifo_blind,20261342,4320,0.21064814814814814,4248,0,3.0,71.6,72
3,0.0,fifo_blind,20261343,4320,0.2263888888888889,4248,0,3.0,71.6,72
3,0.0,fifo_blind,20261344,4320,0.21064814814814814,4248,0,3.0,71.6,72
3,0.0,fifo_blind,20261345,4320,0.20601851851851852,4248,0,3.0,71.6,72
3,0.0,fifo_blind,20261346,4320,0.225,4248,0,3.0,71.6,72
3,0.0,fifo_blind,20261347,4320,0.2050925925925926,4248,0,3.0,71.6,72
3,0.0,fifo_blind,20261348,4320,0.22361111111111112,4248,0,3.0,71.6,72
3,0.0,fifo_blind,20261349,4320,0.18009259259259258,4248,0,3.0,71.6,72
3,0.0,priority_deduplicating,20261350,4320,0.22361111111111112,4248,0,3.0,71.6,72
3,0.0,priority_deduplicating,20261351,4320,0.23472222222222222,4248,0,3.0,71.6,72
3,0.0,priority_deduplicating,20261352,4320,0.22037037037037038,4248,0,3.0,71.6,72
3,0.0,priority_deduplicating,20261353,4320,0.2023148148148148,4248,0,3.0,71.6,72
3,0.0,priority_deduplicating,20261354,4320,0.21296296296296297,4248,0,3.0,71.6,72
3,0.0,priority_deduplicating,20261355,4320,0.20555555555555555,4248,0,3.0,71.6,72
3,0.0,priority_deduplicating,20261356,4320,0.25555555555555554,4248,0,3.0,71.6,72
3,0.0,priority_deduplicating,20261357,4320,0.21435185185185185,4248,0,3.0,71.6,72
3,0.0,priority_deduplicating,20261358,4320,0.19490740740740742,4248,0,3.0,71.6,72
3,0.0,priority_deduplicating,20261359,4320,0.20555555555555555,4248,0,3.0,71.6,72
3,0.0,priority_deduplicating,20261360,4320,0.21157407407407408,4248,0,3.0,71.6,72
3,0.0,priority_deduplicating,20261361,4320,0.20185185185185187,4248,0,3.0,71.6,72
3,0.0,priority_deduplicating,20261362,4320,0.22314814814814815,4248,0,3.0,71.6,72
3,0.0,priority_deduplicating,20261363,4320,0.22037037037037038,4248,0,3.0,71.6,72
3,0.0,priority_deduplicating,20261364,4320,0.20833333333333334,4248,0,3.0,71.6,72
3,0.0,priority_deduplicating,20261365,4320,0.2125,4248,0,3.0,71.6,72
3,0.0,priority_deduplicating,20261366,4320,0.21388888888888888,4248,0,3.0,71.6,72
3,0.0,priority_deduplicating,20261367,4320,0.22546296296296298,4248,0,3.0,71.6,72
3,0.0,priority_deduplicating,20261368,4320,0.2388888888888889,4248,0,3.0,71.6,72
3,0.0,priority_deduplicating,20261369,4320,0.23842592592592593,4248,0,3.0,71.6,72
3,1.0,fifo_blind,20261370,4320,0.43495370370370373,2853,1418,31.345250613389414,1127.45,2195
3,1.0,fifo_blind,20261371,4320,0.5120370370370371,2867,1410,30.779560516219043,1112.6833333333334,2182
3,1.0,fifo_blind,20261372,4320,0.44328703703703703,2830,1438,32.34134275618374,1150.25,2180
3,1.0,fifo_blind,20261373,4320,0.44837962962962963,2874,1397,31.373695198329855,1113.6055555555556,2165
3,1.0,fifo_blind,20261374,4320,0.46921296296296294,2839,1431,31.327580133849946,1131.4666666666667,2200
3,1.0,fifo_blind,20261375,4320,0.4849537037037037,2889,1384,31.05919003115265,1096.0444444444445,2143
3,1.0,fifo_blind,20261376,4320,0.48842592592592593,2861,1404,31.437958755679833,1117.7777777777778,2153
3,1.0,fifo_blind,20261377,4320,0.4638888888888889,2869,1399,31.5102823283374,1128.4722222222222,2212
3,1.0,fifo_blind,20261378,4320,0.47152777777777777,2854,1413,31.811492641906096,1130.4,2177
3,1.0,fifo_blind,20261379,4320,0.4377314814814815,2856,1416,31.300770308123248,1128.2388888888888,2222
3,1.0,fifo_blind,20261380,4320,0.5032407407407408,2871,1391,31.47927551375827,1125.4222222222222,2201
3,1.0,fifo_blind,20261381,4320,0.5215277777777778,2839,1431,31.234941880943996,1139.7833333333333,2242
3,1.0,fifo_blind,20261382,4320,0.4858796296296296,2846,1418,32.52635277582572,1151.8777777777777,2213
3,1.0,fifo_blind,20261383,4320,0.5125,2856,1411,31.374299719887954,1136.95,2257
3,1.0,fifo_blind,20261384,4320,0.45532407407407405,2872,1399,30.639623955431755,1103.1944444444443,2148
3,1.0,fifo_blind,20261385,4320,0.5287037037037037,2831,1441,32.618509360649945,1170.8944444444444,2229
3,1.0,fifo_blind,20261386,4320,0.4761574074074074,2835,1430,31.881128747795415,1141.55,2201
3,1.0,fifo_blind,20261387,4320,0.45023148148148145,2846,1425,31.475404075895995,1131.6888888888889,2179
3,1.0,fifo_blind,20261388,4320,0.4986111111111111,2822,1449,32.26683203401843,1169.7444444444445,2262
3,1.0,fifo_blind,20261389,4320,0.44560185185185186,2865,1401,31.8108202443281,1123.9722222222222,2176
3,1.0,priority_deduplicating,20261390,4320,0.19768518518518519,4248,27,3.0,1130.9944444444445,2177
3,1.0,priority_deduplicating,20261391,4320,0.23194444444444445,4248,25,3.0,1113.1166666666666,2147
3,1.0,priority_deduplicating,20261392,4320,0.22870370370370371,4248,15,3.0,1122.4222222222222,2198
3,1.0,priority_deduplicating,20261393,4320,0.23194444444444445,4248,26,3.0,1129.3055555555557,2219
3,1.0,priority_deduplicating,20261394,4320,0.2101851851851852,4248,26,3.0,1108.8444444444444,2194
3,1.0,priority_deduplicating,20261395,4320,0.21481481481481482,4248,15,3.0,1121.05,2197
3,1.0,priority_deduplicating,20261396,4320,0.2064814814814815,4248,29,3.0,1105.9222222222222,2167
3,1.0,priority_deduplicating,20261397,4320,0.2013888888888889,4248,20,3.0,1125.8,2154
3,1.0,priority_deduplicating,20261398,4320,0.21388888888888888,4248,22,3.0,1120.5222222222221,2186
3,1.0,priority_deduplicating,20261399,4320,0.20601851851851852,4248,26,3.0,1087.35,2145
3,1.0,priority_deduplicating,20261400,4320,0.21574074074074073,4248,20,3.0,1171.45,2267
3,1.0,priority_deduplicating,20261401,4320,0.19768518518518519,4248,27,3.0,1119.4222222222222,2173
3,1.0,priority_deduplicating,20261402,4320,0.2037037037037037,4248,27,3.0,1130.5833333333333,2175
3,1.0,priority_deduplicating,20261403,4320,0.22175925925925927,4248,14,3.0,1092.8055555555557,2121
3,1.0,priority_deduplicating,20261404,4320,0.20555555555555555,4248,23,3.0,1119.4222222222222,2194
3,1.0,priority_deduplicating,20261405,4320,0.24259259259259258,4248,23,3.0,1109.5388888888888,2192
3,1.0,priority_deduplicating,20261406,4320,0.22685185185185186,4248,23,3.0,1157.4555555555555,2225
3,1.0,priority_deduplicating,20261407,4320,0.21851851851851853,4248,21,3.0,1148.411111111111,2208
3,1.0,priority_deduplicating,20261408,4320,0.20694444444444443,4248,27,3.0,1119.6888888888889,2203
3,1.0,priority_deduplicating,20261409,4320,0.18055555555555555,4248,19,3.0,1136.0444444444445,2150
3,2.0,fifo_blind,20261410,4320,0.4613425925925926,2164,2120,45.57301293900185,2155.2277777777776,4237
3,2.0,fifo_blind,20261411,4320,0.4648148148148148,2112,2178,46.12594696969697,2273.6388888888887,4500
3,2.0,fifo_blind,20261412,4320,0.47685185185185186,2149,2133,44.78827361563518,2205.5055555555555,4392
3,2.0,fifo_blind,20261413,4320,0.4601851851851852,2131,2152,46.2130455185359,2241.4222222222224,4457
3,2.0,fifo_blind,20261414,4320,0.4837962962962963,2134,2154,46.29287722586692,2212.572222222222,4351
3,2.0,fifo_blind,20261415,4320,0.49583333333333335,2138,2144,46.217492984097284,2248.4055555555556,4441
3,2.0,fifo_blind,20261416,4320,0.5212962962962963,2139,2147,47.728845254791956,2239.85,4336
3,2.0,fifo_blind,20261417,4320,0.53125,2160,2128,46.383796296296296,2214.822222222222,4367
3,2.0,fifo_blind,20261418,4320,0.5569444444444445,2146,2140,45.64119291705499,2207.3166666666666,4341
3,2.0,fifo_blind,20261419,4320,0.4511574074074074,2114,2166,46.228476821192054,2228.338888888889,4329
3,2.0,fifo_blind,20261420,4320,0.49375,2122,2163,46.08105560791706,2240.6222222222223,4442
3,2.0,fifo_blind,20261421,4320,0.5087962962962963,2141,2147,45.91732835123774,2191.3055555555557,4286
3,2.0,fifo_blind,20261422,4320,0.4601851851851852,2179,2102,44.67691601652134,2128.1,4270
3,2.0,fifo_blind,20261423,4320,0.46828703703703706,2186,2098,45.4423604757548,2161.1944444444443,4277
3,2.0,fifo_blind,20261424,4320,0.4895833333333333,2157,2125,45.80018544274455,2188.1944444444443,4352
3,2.0,fifo_blind,20261425,4320,0.5398148148148149,2183,2104,43.97434722858452,2150.5444444444443,4312
3,2.0,fifo_blind,20261426,4320,0.5337962962962963,2160,2128,44.575462962962966,2167.5222222222224,4339
3,2.0,fifo_blind,20261427,4320,0.45902777777777776,2185,2101,46.10160183066362,2163.7555555555555,4313
3,2.0,fifo_blind,20261428,4320,0.5354166666666667,2151,2133,45.648070664807065,2170.3277777777776,4297
3,2.0,fifo_blind,20261429,4320,0.4652777777777778,2167,2116,44.73788647900323,2170.8777777777777,4355
3,2.0,priority_deduplicating,20261430,4320,0.21064814814814814,4248,40,3.0,2205.883333333333,4330
3,2.0,priority_deduplicating,20261431,4320,0.23842592592592593,4248,38,3.0,2132.4,4249
3,2.0,priority_deduplicating,20261432,4320,0.20601851851851852,4248,35,3.0,2228.266666666667,4448
3,2.0,priority_deduplicating,20261433,4320,0.21342592592592594,4248,39,3.0,2234.016666666667,4424
3,2.0,priority_deduplicating,20261434,4320,0.2273148148148148,4248,39,3.0,2192.3611111111113,4312
3,2.0,priority_deduplicating,20261435,4320,0.20787037037037037,4248,39,3.0,2228.427777777778,4382
3,2.0,priority_deduplicating,20261436,4320,0.20416666666666666,4248,33,3.0,2218.961111111111,4378
3,2.0,priority_deduplicating,20261437,4320,0.1912037037037037,4248,30,3.0,2204.233333333333,4359
3,2.0,priority_deduplicating,20261438,4320,0.20555555555555555,4248,39,3.0,2216.711111111111,4307
3,2.0,priority_deduplicating,20261439,4320,0.22407407407407406,4248,40,3.0,2230.3777777777777,4415
3,2.0,priority_deduplicating,20261440,4320,0.2125,4248,38,3.0,2196.7944444444443,4362
3,2.0,priority_deduplicating,20261441,4320,0.2162037037037037,4248,39,3.0,2231.6944444444443,4419
3,2.0,priority_deduplicating,20261442,4320,0.22175925925925927,4248,36,3.0,2197.238888888889,4307
3,2.0,priority_deduplicating,20261443,4320,0.18009259259259258,4248,43,3.0,2251.338888888889,4447
3,2.0,priority_deduplicating,20261444,4320,0.2337962962962963,4248,39,3.0,2150.5222222222224,4259
3,2.0,priority_deduplicating,20261445,4320,0.21435185185185185,4248,36,3.0,2147.3,4279
3,2.0,priority_deduplicating,20261446,4320,0.23472222222222222,4248,39,3.0,2307.8555555555554,4445
3,2.0,priority_deduplicating,20261447,4320,0.22268518518518518,4248,34,3.0,2139.9166666666665,4244
3,2.0,priority_deduplicating,20261448,4320,0.2175925925925926,4248,28,3.0,2133.8,4298
3,2.0,priority_deduplicating,20261449,4320,0.2273148148148148,4248,43,3.0,2170.038888888889,4285
3,4.0,fifo_blind,20261450,4320,0.46296296296296297,1408,2887,61.98508522727273,4414.138888888889,8696
3,4.0,fifo_blind,20261451,4320,0.49236111111111114,1437,2859,59.86499652052888,4380.211111111111,8689
3,4.0,fifo_blind,20261452,4320,0.4997685185185185,1435,2860,59.74494773519164,4385.211111111111,8710
3,4.0,fifo_blind,20261453,4320,0.5099537037037037,1481,2813,58.94260634706279,4299.044444444445,8611
3,4.0,fifo_blind,20261454,4320,0.44722222222222224,1432,2864,60.98812849162011,4382.827777777778,8754
3,4.0,fifo_blind,20261455,4320,0.53125,1421,2872,59.61365235749472,4391.827777777778,8601
3,4.0,fifo_blind,20261456,4320,0.5541666666666667,1432,2860,61.388966480446925,4400.577777777778,8796
3,4.0,fifo_blind,20261457,4320,0.5106481481481482,1429,2866,60.43806857942617,4422.055555555556,8707
3,4.0,fifo_blind,20261458,4320,0.4928240740740741,1428,2867,61.36274509803921,4388.7444444444445,8669
3,4.0,fifo_blind,20261459,4320,0.5349537037037037,1444,2851,61.004847645429365,4378.1,8708
3,4.0,fifo_blind,20261460,4320,0.49212962962962964,1442,2850,60.38557558945909,4365.372222222222,8747
3,4.0,fifo_blind,20261461,4320,0.46921296296296294,1433,2861,60.453593859036985,4320.511111111111,8524
3,4.0,fifo_blind,20261462,4320,0.4666666666666667,1431,2863,60.68413696715584,4411.716666666666,8732
3,4.0,fifo_blind,20261463,4320,0.47962962962962963,1455,2841,60.446735395189,4293.427777777778,8593
3,4.0,fifo_blind,20261464,4320,0.5125,1437,2856,59.93249826026444,4310.422222222222,8537
3,4.0,fifo_blind,20261465,4320,0.4935185185185185,1426,2868,60.084151472650774,4343.438888888889,8606
3,4.0,fifo_blind,20261466,4320,0.5104166666666666,1439,2853,60.98540653231411,4403.805555555556,8752
3,4.0,fifo_blind,20261467,4320,0.49421296296296297,1431,2863,60.23899371069182,4379.333333333333,8707
3,4.0,fifo_blind,20261468,4320,0.5081018518518519,1420,2875,61.88098591549296,4417.5,8747
3,4.0,fifo_blind,20261469,4320,0.44930555555555557,1426,2870,61.259467040673215,4446.188888888889,8850
3,4.0,priority_deduplicating,20261470,4320,0.23472222222222222,4248,47,3.0,4393.033333333334,8709
3,4.0,priority_deduplicating,20261471,4320,0.21388888888888888,4248,45,3.0,4300.555555555556,8574
3,4.0,priority_deduplicating,20261472,4320,0.21712962962962962,4248,48,3.0,4383.705555555555,8680
3,4.0,priority_deduplicating,20261473,4320,0.23703703703703705,4248,47,3.0,4431.9944444444445,8673
3,4.0,priority_deduplicating,20261474,4320,0.2412037037037037,4248,47,3.0,4399.061111111111,8683
3,4.0,priority_deduplicating,20261475,4320,0.2101851851851852,4248,47,3.0,4377.266666666666,8634
3,4.0,priority_deduplicating,20261476,4320,0.21157407407407408,4248,47,3.0,4330.65,8576
3,4.0,priority_deduplicating,20261477,4320,0.22083333333333333,4248,48,3.0,4388.711111111111,8674
3,4.0,priority_deduplicating,20261478,4320,0.21574074074074073,4248,47,3.0,4324.583333333333,8612
3,4.0,priority_deduplicating,20261479,4320,0.20277777777777778,4248,47,3.0,4349.627777777778,8598
3,4.0,priority_deduplicating,20261480,4320,0.2199074074074074,4248,47,3.0,4378.777777777777,8729
3,4.0,priority_deduplicating,20261481,4320,0.22962962962962963,4248,43,3.0,4282.477777777778,8518
3,4.0,priority_deduplicating,20261482,4320,0.2324074074074074,4248,47,3.0,4456.9,8791
3,4.0,priority_deduplicating,20261483,4320,0.2212962962962963,4248,46,3.0,4366.227777777778,8710
3,4.0,priority_deduplicating,20261484,4320,0.2324074074074074,4248,44,3.0,4377.077777777778,8639
3,4.0,priority_deduplicating,20261485,4320,0.24212962962962964,4248,46,3.0,4295.722222222223,8527
3,4.0,priority_deduplicating,20261486,4320,0.23472222222222222,4248,48,3.0,4397.466666666666,8696
3,4.0,priority_deduplicating,20261487,4320,0.2023148148148148,4248,47,3.0,4381.394444444444,8614
3,4.0,priority_deduplicating,20261488,4320,0.2212962962962963,4248,48,3.0,4331.116666666667,8596
3,4.0,priority_deduplicating,20261489,4320,0.21481481481481482,4248,47,3.0,4355.2555555555555,8678
3,8.0,fifo_blind,20261490,4320,0.5108796296296296,849,3447,73.06242638398115,8790.494444444445,17317
3,8.0,fifo_blind,20261491,4320,0.5099537037037037,862,3434,72.60904872389791,8688.272222222222,17284
3,8.0,fifo_blind,20261492,4320,0.5039351851851852,871,3425,72.32261768082664,8729.655555555555,17428
3,8.0,fifo_blind,20261493,4320,0.50625,885,3411,72.28474576271186,8594.988888888889,17280
3,8.0,fifo_blind,20261494,4320,0.5192129629629629,869,3427,71.9090909090909,8656.416666666666,17264
3,8.0,fifo_blind,20261495,4320,0.500462962962963,857,3439,72.07001166861143,8753.85,17239
3,8.0,fifo_blind,20261496,4320,0.44027777777777777,855,3441,72.26432748538012,8755.711111111112,17378
3,8.0,fifo_blind,20261497,4320,0.4875,858,3438,71.77389277389277,8729.68888888889,17394
3,8.0,fifo_blind,20261498,4320,0.42569444444444443,854,3440,73.35597189695551,8793.06111111111,17488
3,8.0,fifo_blind,20261499,4320,0.5219907407407407,864,3432,72.30208333333333,8715.016666666666,17420
3,8.0,fifo_blind,20261500,4320,0.5203703703703704,863,3433,73.1494785631518,8764.855555555556,17448
3,8.0,fifo_blind,20261501,4320,0.45902777777777776,826,3470,72.27845036319613,8804.488888888889,17369
3,8.0,fifo_blind,20261502,4320,0.49375,859,3437,71.24330616996508,8651.211111111112,17147
3,8.0,fifo_blind,20261503,4320,0.5219907407407407,873,3423,72.11111111111111,8642.522222222222,17205
3,8.0,fifo_blind,20261504,4320,0.4981481481481482,860,3436,71.74418604651163,8703.344444444445,17240
3,8.0,fifo_blind,20261505,4320,0.4777777777777778,867,3429,72.50288350634371,8702.527777777777,17353
3,8.0,fifo_blind,20261506,4320,0.47175925925925927,860,3436,72.36162790697675,8620.644444444444,17117
3,8.0,fifo_blind,20261507,4320,0.4962962962962963,881,3415,72.76958002270148,8703.466666666667,17337
3,8.0,fifo_blind,20261508,4320,0.5361111111111111,857,3439,71.05134189031506,8777.6,17519
3,8.0,fifo_blind,20261509,4320,0.5618055555555556,881,3415,73.10669693530079,8763.1,17391
3,8.0,priority_deduplicating,20261510,4320,0.22777777777777777,4248,48,3.0,8765.627777777778,17442
3,8.0,priority_deduplicating,20261511,4320,0.225,4248,48,3.0,8774.288888888888,17388
3,8.0,priority_deduplicating,20261512,4320,0.21805555555555556,4248,48,3.0,8793.927777777777,17380
3,8.0,priority_deduplicating,20261513,4320,0.2111111111111111,4248,48,3.0,8748.288888888888,17353
3,8.0,priority_deduplicating,20261514,4320,0.21342592592592594,4248,48,3.0,8701.388888888889,17223
3,8.0,priority_deduplicating,20261515,4320,0.21296296296296297,4248,48,3.0,8872.45,17461
3,8.0,priority_deduplicating,20261516,4320,0.21666666666666667,4248,48,3.0,8824.66111111111,17415
3,8.0,priority_deduplicating,20261517,4320,0.23425925925925925,4248,48,3.0,8738.56111111111,17448
3,8.0,priority_deduplicating,20261518,4320,0.19953703703703704,4248,48,3.0,8699.81111111111,17430
3,8.0,priority_deduplicating,20261519,4320,0.20925925925925926,4248,48,3.0,8767.577777777778,17506
3,8.0,priority_deduplicating,20261520,4320,0.2013888888888889,4248,48,3.0,8801.727777777778,17457
3,8.0,priority_deduplicating,20261521,4320,0.21342592592592594,4248,48,3.0,8855.777777777777,17417
3,8.0,priority_deduplicating,20261522,4320,0.24444444444444444,4248,48,3.0,8876.922222222222,17532
3,8.0,priority_deduplicating,20261523,4320,0.2111111111111111,4248,48,3.0,8607.522222222222,17260
3,8.0,priority_deduplicating,20261524,4320,0.2050925925925926,4248,48,3.0,8777.877777777778,17291
3,8.0,priority_deduplicating,20261525,4320,0.22685185185185186,4248,48,3.0,8724.166666666666,17247
3,8.0,priority_deduplicating,20261526,4320,0.21296296296296297,4248,48,3.0,8863.505555555555,17637
3,8.0,priority_deduplicating,20261527,4320,0.2222222222222222,4248,48,3.0,8739.016666666666,17342
3,8.0,priority_deduplicating,20261528,4320,0.21666666666666667,4248,48,3.0,8826.0,17532
3,8.0,priority_deduplicating,20261529,4320,0.1814814814814815,4248,48,3.0,8754.416666666666,17472
5,0.0,fifo_blind,20261530,4320,0.30416666666666664,4200,0,5.0,118.66666666666667,120
5,0.0,fifo_blind,20261531,4320,0.3226851851851852,4200,0,5.0,118.66666666666667,120
5,0.0,fifo_blind,20261532,4320,0.32037037037037036,4200,0,5.0,118.66666666666667,120
5,0.0,fifo_blind,20261533,4320,0.30277777777777776,4200,0,5.0,118.66666666666667,120
5,0.0,fifo_blind,20261534,4320,0.31342592592592594,4200,0,5.0,118.66666666666667,120
5,0.0,fifo_blind,20261535,4320,0.3087962962962963,4200,0,5.0,118.66666666666667,120
5,0.0,fifo_blind,20261536,4320,0.2916666666666667,4200,0,5.0,118.66666666666667,120
5,0.0,fifo_blind,20261537,4320,0.3143518518518518,4200,0,5.0,118.66666666666667,120
5,0.0,fifo_blind,20261538,4320,0.3143518518518518,4200,0,5.0,118.66666666666667,120
5,0.0,fifo_blind,20261539,4320,0.3175925925925926,4200,0,5.0,118.66666666666667,120
5,0.0,fifo_blind,20261540,4320,0.31296296296296294,4200,0,5.0,118.66666666666667,120
5,0.0,fifo_blind,20261541,4320,0.3087962962962963,4200,0,5.0,118.66666666666667,120
5,0.0,fifo_blind,20261542,4320,0.30462962962962964,4200,0,5.0,118.66666666666667,120
5,0.0,fifo_blind,20261543,4320,0.30648148148148147,4200,0,5.0,118.66666666666667,120
5,0.0,fifo_blind,20261544,4320,0.2814814814814815,4200,0,5.0,118.66666666666667,120
5,0.0,fifo_blind,20261545,4320,0.3347222222222222,4200,0,5.0,118.66666666666667,120
5,0.0,fifo_blind,20261546,4320,0.3351851851851852,4200,0,5.0,118.66666666666667,120
5,0.0,fifo_blind,20261547,4320,0.2986111111111111,4200,0,5.0,118.66666666666667,120
5,0.0,fifo_blind,20261548,4320,0.32546296296296295,4200,0,5.0,118.66666666666667,120
5,0.0,fifo_blind,20261549,4320,0.3138888888888889,4200,0,5.0,118.66666666666667,120
5,0.0,priority_deduplicating,20261550,4320,0.30694444444444446,4200,0,5.0,118.66666666666667,120
5,0.0,priority_deduplicating,20261551,4320,0.3476851851851852,4200,0,5.0,118.66666666666667,120
5,0.0,priority_deduplicating,20261552,4320,0.3037037037037037,4200,0,5.0,118.66666666666667,120
5,0.0,priority_deduplicating,20261553,4320,0.2828703703703704,4200,0,5.0,118.66666666666667,120
5,0.0,priority_deduplicating,20261554,4320,0.3148148148148148,4200,0,5.0,118.66666666666667,120
5,0.0,priority_deduplicating,20261555,4320,0.29814814814814816,4200,0,5.0,118.66666666666667,120
5,0.0,priority_deduplicating,20261556,4320,0.29444444444444445,4200,0,5.0,118.66666666666667,120
5,0.0,priority_deduplicating,20261557,4320,0.32083333333333336,4200,0,5.0,118.66666666666667,120
5,0.0,priority_deduplicating,20261558,4320,0.3453703703703704,4200,0,5.0,118.66666666666667,120
5,0.0,priority_deduplicating,20261559,4320,0.3226851851851852,4200,0,5.0,118.66666666666667,120
5,0.0,priority_deduplicating,20261560,4320,0.3023148148148148,4200,0,5.0,118.66666666666667,120
5,0.0,priority_deduplicating,20261561,4320,0.31296296296296294,4200,0,5.0,118.66666666666667,120
5,0.0,priority_deduplicating,20261562,4320,0.28888888888888886,4200,0,5.0,118.66666666666667,120
5,0.0,priority_deduplicating,20261563,4320,0.30416666666666664,4200,0,5.0,118.66666666666667,120
5,0.0,priority_deduplicating,20261564,4320,0.29768518518518516,4200,0,5.0,118.66666666666667,120
5,0.0,priority_deduplicating,20261565,4320,0.2763888888888889,4200,0,5.0,118.66666666666667,120
5,0.0,priority_deduplicating,20261566,4320,0.29907407407407405,4200,0,5.0,118.66666666666667,120
5,0.0,priority_deduplicating,20261567,4320,0.3060185185185185,4200,0,5.0,118.66666666666667,120
5,0.0,priority_deduplicating,20261568,4320,0.34444444444444444,4200,0,5.0,118.66666666666667,120
5,0.0,priority_deduplicating,20261569,4320,0.29953703703703705,4200,0,5.0,118.66666666666667,120
5,1.0,fifo_blind,20261570,4320,0.5092592592592593,2830,1417,33.07102473498233,1165.3555555555556,2199
5,1.0,fifo_blind,20261571,4320,0.4703703703703704,2813,1426,32.88730892285816,1183.9222222222222,2289
5,1.0,fifo_blind,20261572,4320,0.4773148148148148,2799,1450,33.44122901036084,1201.9222222222222,2315
5,1.0,fifo_blind,20261573,4320,0.49212962962962964,2789,1461,32.43062029401219,1192.1277777777777,2311
5,1.0,fifo_blind,20261574,4320,0.5171296296296296,2832,1404,32.60911016949152,1153.8166666666666,2207
5,1.0,fifo_blind,20261575,4320,0.5166666666666667,2833,1414,32.6523120367102,1161.7555555555555,2229
5,1.0,fifo_blind,20261576,4320,0.46967592592592594,2831,1418,33.13104909925821,1177.3444444444444,2229
5,1.0,fifo_blind,20261577,4320,0.506712962962963,2824,1424,31.85056657223796,1168.1055555555556,2275
5,1.0,fifo_blind,20261578,4320,0.46597222222222223,2774,1463,33.24044700793078,1207.2777777777778,2294
5,1.0,fifo_blind,20261579,4320,0.48912037037037037,2813,1442,33.15606114468539,1183.0277777777778,2281
5,1.0,fifo_blind,20261580,4320,0.5467592592592593,2855,1393,32.44413309982487,1141.5611111111111,2203
5,1.0,fifo_blind,20261581,4320,0.4585648148148148,2795,1448,33.27549194991055,1193.8722222222223,2279
5,1.0,fifo_blind,20261582,4320,0.500462962962963,2794,1446,33.39942734430923,1201.838888888889,2305
5,1.0,fifo_blind,20261583,4320,0.4777777777777778,2779,1459,33.161568909679744,1210.5666666666666,2326
5,1.0,fifo_blind,20261584,4320,0.49166666666666664,2766,1488,33.62725958062184,1219.7666666666667,2314
5,1.0,fifo_blind,20261585,4320,0.4946759259259259,2849,1393,32.334854334854334,1141.3333333333333,2198
5,1.0,fifo_blind,20261586,4320,0.462037037037037,2880,1373,31.878125,1121.088888888889,2180
5,1.0,fifo_blind,20261587,4320,0.44560185185185186,2857,1389,32.22961148057403,1135.75,2181
5,1.0,fifo_blind,20261588,4320,0.5034722222222222,2795,1448,33.124508050089446,1188.138888888889,2276
5,1.0,fifo_blind,20261589,4320,0.4935185185185185,2843,1392,32.54097784030953,1154.0111111111112,2217
5,1.0,priority_deduplicating,20261590,4320,0.2953703703703704,4200,60,5.0,1142.5277777777778,2218
5,1.0,priority_deduplicating,20261591,4320,0.3087962962962963,4200,51,5.0,1102.0555555555557,2144
5,1.0,priority_deduplicating,20261592,4320,0.3138888888888889,4200,44,5.0,1106.3055555555557,2159
5,1.0,priority_deduplicating,20261593,4320,0.3162037037037037,4200,39,5.0,1136.0388888888888,2164
5,1.0,priority_deduplicating,20261594,4320,0.31851851851851853,4200,45,5.0,1164.05,2281
5,1.0,priority_deduplicating,20261595,4320,0.29259259259259257,4200,47,5.0,1165.0777777777778,2231
5,1.0,priority_deduplicating,20261596,4320,0.2824074074074074,4200,48,5.0,1128.2166666666667,2167
5,1.0,priority_deduplicating,20261597,4320,0.3296296296296296,4200,41,5.0,1130.888888888889,2182
5,1.0,priority_deduplicating,20261598,4320,0.29259259259259257,4200,37,5.0,1167.7166666666667,2236
5,1.0,priority_deduplicating,20261599,4320,0.32546296296296295,4200,52,5.0,1199.4166666666667,2306
5,1.0,priority_deduplicating,20261600,4320,0.31851851851851853,4200,56,5.0,1196.2944444444445,2228
5,1.0,priority_deduplicating,20261601,4320,0.31574074074074077,4200,64,5.0,1171.0222222222221,2243
5,1.0,priority_deduplicating,20261602,4320,0.2949074074074074,4200,36,5.0,1209.4,2317
5,1.0,priority_deduplicating,20261603,4320,0.2986111111111111,4200,45,5.0,1138.6722222222222,2209
5,1.0,priority_deduplicating,20261604,4320,0.32731481481481484,4200,43,5.0,1177.0777777777778,2267
5,1.0,priority_deduplicating,20261605,4320,0.30324074074074076,4200,47,5.0,1138.0111111111112,2175
5,1.0,priority_deduplicating,20261606,4320,0.3282407407407407,4200,43,5.0,1146.9222222222222,2223
5,1.0,priority_deduplicating,20261607,4320,0.30648148148148147,4200,40,5.0,1130.3833333333334,2165
5,1.0,priority_deduplicating,20261608,4320,0.2972222222222222,4200,40,5.0,1136.8166666666666,2163
5,1.0,priority_deduplicating,20261609,4320,0.2865740740740741,4200,47,5.0,1148.9888888888888,2243
5,2.0,fifo_blind,20261610,4320,0.5180555555555556,2113,2166,45.82063416942736,2245.6555555555556,4395
5,2.0,fifo_blind,20261611,4320,0.4722222222222222,2146,2134,46.479030754892825,2217.1277777777777,4414
5,2.0,fifo_blind,20261612,4320,0.4673611111111111,2101,2183,47.62018086625417,2265.2166666666667,4401
5,2.0,fifo_blind,20261613,4320,0.462037037037037,2174,2105,45.54047838086476,2148.6111111111113,4253
5,2.0,fifo_blind,20261614,4320,0.5349537037037037,2117,2168,46.11431270666037,2246.6833333333334,4394
5,2.0,fifo_blind,20261615,4320,0.49699074074074073,2167,2115,45.01199815413013,2154.5555555555557,4279
5,2.0,fifo_blind,20261616,4320,0.5097222222222222,2149,2124,46.94462540716612,2198.677777777778,4298
5,2.0,fifo_blind,20261617,4320,0.4375,2121,2155,46.49222065063649,2236.1055555555554,4346
5,2.0,fifo_blind,20261618,4320,0.49907407407407406,2145,2130,46.464335664335664,2207.3333333333335,4329
5,2.0,fifo_blind,20261619,4320,0.5168981481481482,2135,2148,46.8903981264637,2228.761111111111,4382
5,2.0,fifo_blind,20261620,4320,0.47476851851851853,2155,2125,45.84037122969838,2205.6722222222224,4396
5,2.0,fifo_blind,20261621,4320,0.5650462962962963,2153,2129,46.305155596841615,2202.311111111111,4356
5,2.0,fifo_blind,20261622,4320,0.5092592592592593,2184,2092,45.69871794871795,2145.6944444444443,4244
5,2.0,fifo_blind,20261623,4320,0.42962962962962964,2123,2154,46.751295336787564,2230.8444444444444,4320
5,2.0,fifo_blind,20261624,4320,0.5078703703703704,2144,2129,46.23087686567164,2210.0444444444443,4327
5,2.0,fifo_blind,20261625,4320,0.48541666666666666,2115,2170,46.58959810874705,2257.3777777777777,4432
5,2.0,fifo_blind,20261626,4320,0.5210648148148148,2151,2130,45.22036262203626,2193.4166666666665,4333
5,2.0,fifo_blind,20261627,4320,0.487962962962963,2129,2152,46.15312353217473,2224.488888888889,4411
5,2.0,fifo_blind,20261628,4320,0.4935185185185185,2140,2127,46.19626168224299,2213.761111111111,4355
5,2.0,fifo_blind,20261629,4320,0.5018518518518519,2158,2115,46.467099165894346,2210.75,4385
5,2.0,priority_deduplicating,20261630,4320,0.30462962962962964,4200,84,5.0,2192.5,4300
5,2.0,priority_deduplicating,20261631,4320,0.28194444444444444,4200,81,5.0,2281.3333333333335,4481
5,2.0,priority_deduplicating,20261632,4320,0.28703703703703703,4200,80,5.0,2230.2555555555555,4429
5,2.0,priority_deduplicating,20261633,4320,0.30462962962962964,4200,81,5.0,2236.2944444444443,4404
5,2.0,priority_deduplicating,20261634,4320,0.3384259259259259,4200,69,5.0,2292.4666666666667,4520
5,2.0,priority_deduplicating,20261635,4320,0.30462962962962964,4200,76,5.0,2211.427777777778,4336
5,2.0,priority_deduplicating,20261636,4320,0.3074074074074074,4200,74,5.0,2214.883333333333,4417
5,2.0,priority_deduplicating,20261637,4320,0.2953703703703704,4200,82,5.0,2276.1388888888887,4496
5,2.0,priority_deduplicating,20261638,4320,0.29305555555555557,4200,63,5.0,2242.116666666667,4348
5,2.0,priority_deduplicating,20261639,4320,0.29305555555555557,4200,73,5.0,2292.5666666666666,4443
5,2.0,priority_deduplicating,20261640,4320,0.3050925925925926,4200,74,5.0,2253.6,4366
5,2.0,priority_deduplicating,20261641,4320,0.3398148148148148,4200,84,5.0,2182.4,4372
5,2.0,priority_deduplicating,20261642,4320,0.29953703703703705,4200,80,5.0,2155.722222222222,4277
5,2.0,priority_deduplicating,20261643,4320,0.3296296296296296,4200,81,5.0,2218.383333333333,4320
5,2.0,priority_deduplicating,20261644,4320,0.31342592592592594,4200,83,5.0,2251.766666666667,4430
5,2.0,priority_deduplicating,20261645,4320,0.30925925925925923,4200,81,5.0,2155.733333333333,4310
5,2.0,priority_deduplicating,20261646,4320,0.2847222222222222,4200,68,5.0,2169.238888888889,4277
5,2.0,priority_deduplicating,20261647,4320,0.29074074074074074,4200,72,5.0,2190.588888888889,4345
5,2.0,priority_deduplicating,20261648,4320,0.29074074074074074,4200,74,5.0,2233.1055555555554,4411
5,2.0,priority_deduplicating,20261649,4320,0.31203703703703706,4200,91,5.0,2297.8722222222223,4467
5,4.0,fifo_blind,20261650,4320,0.49398148148148147,1440,2854,60.39513888888889,4348.155555555555,8604
5,4.0,fifo_blind,20261651,4320,0.5247685185185185,1433,2862,59.82344731332868,4325.261111111111,8629
5,4.0,fifo_blind,20261652,4320,0.48333333333333334,1421,2875,61.41379310344828,4381.594444444445,8637
5,4.0,fifo_blind,20261653,4320,0.4930555555555556,1434,2860,60.88981868898187,4401.444444444444,8682
5,4.0,fifo_blind,20261654,4320,0.47685185185185186,1379,2913,61.285714285714285,4477.805555555556,8762
5,4.0,fifo_blind,20261655,4320,0.4597222222222222,1421,2874,61.02603800140746,4416.077777777778,8751
5,4.0,fifo_blind,20261656,4320,0.49953703703703706,1402,2893,60.94864479315264,4395.455555555555,8649
5,4.0,fifo_blind,20261657,4320,0.49583333333333335,1424,2868,59.712078651685395,4383.95,8726
5,4.0,fifo_blind,20261658,4320,0.48842592592592593,1458,2836,60.71467764060357,4268.977777777778,8469
5,4.0,fifo_blind,20261659,4320,0.48333333333333334,1448,2845,60.927486187845304,4364.2,8648
5,4.0,fifo_blind,20261660,4320,0.4986111111111111,1424,2871,60.63553370786517,4374.722222222223,8595
5,4.0,fifo_blind,20261661,4320,0.48518518518518516,1415,2881,60.46007067137809,4381.25,8667
5,4.0,fifo_blind,20261662,4320,0.4898148148148148,1450,2842,59.990344827586206,4398.455555555555,8772
5,4.0,fifo_blind,20261663,4320,0.4761574074074074,1453,2843,60.07914659325533,4292.061111111111,8594
5,4.0,fifo_blind,20261664,4320,0.5162037037037037,1439,2856,59.62404447533009,4345.8388888888885,8603
5,4.0,fifo_blind,20261665,4320,0.5305555555555556,1433,2859,59.893928820655965,4350.155555555555,8647
5,4.0,fifo_blind,20261666,4320,0.47430555555555554,1428,2865,60.846638655462186,4307.25,8501
5,4.0,fifo_blind,20261667,4320,0.49027777777777776,1455,2840,60.004123711340206,4312.455555555555,8654
5,4.0,fifo_blind,20261668,4320,0.4837962962962963,1439,2854,60.53926337734538,4383.0,8754
5,4.0,fifo_blind,20261669,4320,0.5064814814814815,1449,2847,60.05106970324362,4262.538888888889,8390
5,4.0,priority_deduplicating,20261670,4320,0.337037037037037,4200,95,5.0,4339.666666666667,8622
5,4.0,priority_deduplicating,20261671,4320,0.32314814814814813,4200,93,5.0,4459.066666666667,8811
5,4.0,priority_deduplicating,20261672,4320,0.3074074074074074,4200,94,5.0,4341.094444444445,8527
5,4.0,priority_deduplicating,20261673,4320,0.337037037037037,4200,94,5.0,4425.538888888889,8777
5,4.0,priority_deduplicating,20261674,4320,0.3194444444444444,4200,94,5.0,4366.0,8629
5,4.0,priority_deduplicating,20261675,4320,0.300462962962963,4200,92,5.0,4384.6611111111115,8624
5,4.0,priority_deduplicating,20261676,4320,0.32916666666666666,4200,95,5.0,4368.833333333333,8647
5,4.0,priority_deduplicating,20261677,4320,0.31574074074074077,4200,93,5.0,4517.472222222223,8870
5,4.0,priority_deduplicating,20261678,4320,0.3023148148148148,4200,95,5.0,4405.8,8733
5,4.0,priority_deduplicating,20261679,4320,0.2972222222222222,4200,93,5.0,4376.122222222222,8716
5,4.0,priority_deduplicating,20261680,4320,0.31666666666666665,4200,93,5.0,4345.761111111111,8599
5,4.0,priority_deduplicating,20261681,4320,0.2875,4200,89,5.0,4365.566666666667,8638
5,4.0,priority_deduplicating,20261682,4320,0.28935185185185186,4200,94,5.0,4304.283333333334,8633
5,4.0,priority_deduplicating,20261683,4320,0.30416666666666664,4200,94,5.0,4381.9111111111115,8713
5,4.0,priority_deduplicating,20261684,4320,0.30972222222222223,4200,94,5.0,4388.266666666666,8698
5,4.0,priority_deduplicating,20261685,4320,0.32314814814814813,4200,96,5.0,4354.477777777778,8718
5,4.0,priority_deduplicating,20261686,4320,0.32037037037037036,4200,92,5.0,4288.694444444444,8511
5,4.0,priority_deduplicating,20261687,4320,0.2800925925925926,4200,91,5.0,4467.283333333334,8840
5,4.0,priority_deduplicating,20261688,4320,0.3111111111111111,4200,95,5.0,4449.988888888889,8788
5,4.0,priority_deduplicating,20261689,4320,0.33101851851851855,4200,92,5.0,4295.955555555555,8546
5,8.0,fifo_blind,20261690,4320,0.5328703703703703,862,3434,72.31322505800465,8657.55,17290
5,8.0,fifo_blind,20261691,4320,0.5206018518518518,838,3458,72.78042959427208,8684.933333333332,17234
5,8.0,fifo_blind,20261692,4320,0.4983796296296296,858,3438,73.40326340326341,8691.222222222223,17269
5,8.0,fifo_blind,20261693,4320,0.5451388888888888,861,3435,72.69570267131243,8729.8,17265
5,8.0,fifo_blind,20261694,4320,0.5513888888888889,850,3446,72.46117647058824,8811.027777777777,17434
5,8.0,fifo_blind,20261695,4320,0.4664351851851852,872,3424,72.65252293577981,8644.777777777777,17278
5,8.0,fifo_blind,20261696,4320,0.5569444444444445,876,3420,73.29452054794521,8631.361111111111,17254
5,8.0,fifo_blind,20261697,4320,0.5127314814814815,834,3462,72.98441247002398,8899.833333333334,17469
5,8.0,fifo_blind,20261698,4320,0.5594907407407408,848,3448,73.05778301886792,8664.533333333333,17142
5,8.0,fifo_blind,20261699,4320,0.5069444444444444,856,3440,71.66588785046729,8736.205555555556,17399
5,8.0,fifo_blind,20261700,4320,0.5592592592592592,853,3443,72.63188745603752,8759.988888888889,17360
5,8.0,fifo_blind,20261701,4320,0.5201388888888889,845,3451,74.203550295858,8822.966666666667,17505
5,8.0,fifo_blind,20261702,4320,0.5333333333333333,870,3426,73.40114942528736,8679.683333333332,17271
5,8.0,fifo_blind,20261703,4320,0.4986111111111111,870,3426,73.04022988505747,8616.31111111111,17276
5,8.0,fifo_blind,20261704,4320,0.5162037037037037,862,3434,70.86658932714617,8595.333333333334,17142
5,8.0,fifo_blind,20261705,4320,0.5006944444444444,850,3446,72.90235294117647,8664.355555555556,17147
5,8.0,fifo_blind,20261706,4320,0.5145833333333333,854,3442,71.7423887587822,8714.166666666666,17328
5,8.0,fifo_blind,20261707,4320,0.4576388888888889,838,3458,72.26252983293556,8776.994444444445,17403
5,8.0,fifo_blind,20261708,4320,0.48541666666666666,878,3418,72.76082004555809,8652.544444444444,17323
5,8.0,fifo_blind,20261709,4320,0.50625,860,3436,71.46976744186047,8797.905555555555,17433
5,8.0,priority_deduplicating,20261710,4320,0.2810185185185185,4200,96,5.0,8795.6,17479
5,8.0,priority_deduplicating,20261711,4320,0.27870370370370373,4200,96,5.0,8700.572222222223,17313
5,8.0,priority_deduplicating,20261712,4320,0.2916666666666667,4200,96,5.0,8728.45,17305
5,8.0,priority_deduplicating,20261713,4320,0.3189814814814815,4200,96,5.0,8684.177777777777,17219
5,8.0,priority_deduplicating,20261714,4320,0.31527777777777777,4200,96,5.0,8714.872222222222,17318
5,8.0,priority_deduplicating,20261715,4320,0.2972222222222222,4200,96,5.0,8749.155555555555,17213
5,8.0,priority_deduplicating,20261716,4320,0.34305555555555556,4200,96,5.0,8718.344444444445,17371
5,8.0,priority_deduplicating,20261717,4320,0.31296296296296294,4200,96,5.0,8771.483333333334,17463
5,8.0,priority_deduplicating,20261718,4320,0.29768518518518516,4200,96,5.0,8631.394444444444,17210
5,8.0,priority_deduplicating,20261719,4320,0.31574074074074077,4200,96,5.0,8756.25,17301
5,8.0,priority_deduplicating,20261720,4320,0.3125,4200,96,5.0,8704.488888888889,17303
5,8.0,priority_deduplicating,20261721,4320,0.32175925925925924,4200,96,5.0,8783.422222222222,17326
5,8.0,priority_deduplicating,20261722,4320,0.33194444444444443,4200,96,5.0,8812.933333333332,17469
5,8.0,priority_deduplicating,20261723,4320,0.300462962962963,4200,95,5.0,8707.216666666667,17382
5,8.0,priority_deduplicating,20261724,4320,0.3277777777777778,4200,96,5.0,8690.066666666668,17268
5,8.0,priority_deduplicating,20261725,4320,0.3194444444444444,4200,96,5.0,8800.35,17402
5,8.0,priority_deduplicating,20261726,4320,0.29259259259259257,4200,96,5.0,8589.472222222223,17045
5,8.0,priority_deduplicating,20261727,4320,0.28564814814814815,4200,95,5.0,8856.977777777778,17379
5,8.0,priority_deduplicating,20261728,4320,0.31203703703703706,4200,96,5.0,8700.288888888888,17200
5,8.0,priority_deduplicating,20261729,4320,0.28194444444444444,4200,96,5.0,8735.805555555555,17375
