delay,background_rate,policy,n_games,mean_useful_delivery_rate,mean_useful_fresh_rate,mean_stale_useful_rate,mean_useful_wait,mean_backlog,mean_max_backlog,mean_background_processed
0,0.0,fifo_blind,20,0.9944444444444439,1.0,0.0,1.0,24.0,24.0,0.0
0,0.0,priority_deduplicating,20,0.9944444444444439,1.0,0.0,1.0,24.0,24.0,0.0
0,1.0,fifo_blind,20,0.664236111111111,0.017718179478868404,0.9822818205211317,30.579612024427167,1112.828888888889,2186.65,1426.5
0,1.0,priority_deduplicating,20,0.9944444444444439,1.0,0.0,1.0,1112.828888888889,2186.65,0.0
0,2.0,fifo_blind,20,0.4986574074074073,0.014738090646416551,0.9852619093535836,45.08493811627341,2195.1525,4350.8,2141.8
0,2.0,priority_deduplicating,20,0.9944444444444439,1.0,0.0,1.0,2195.1525,4350.8,0.0
0,4.0,fifo_blind,20,0.3338541666666666,0.017365699935302795,0.9826343000646973,59.950897321359626,4363.671666666668,8651.35,2853.75
0,4.0,priority_deduplicating,20,0.9944444444444439,1.0,0.0,1.0,4363.671666666668,8651.35,0.0
0,8.0,fifo_blind,20,0.2011226851851852,0.027627897685687908,0.9723721023143123,71.26282020047879,8708.084444444443,17304.85,3427.15
0,8.0,priority_deduplicating,20,0.9944444444444439,1.0,0.0,1.0,8708.084444444443,17304.85,0.0
1,0.0,fifo_blind,20,0.9944444444444439,1.0,0.0,1.0,24.0,24.0,0.0
1,0.0,priority_deduplicating,20,0.9944444444444439,1.0,0.0,1.0,24.0,24.0,0.0
1,1.0,fifo_blind,20,0.6648726851851852,0.017701007624084962,0.9822989923759151,30.362337859345605,1105.5336111111114,2175.15,1423.75
1,1.0,priority_deduplicating,20,0.9944444444444439,1.0,0.0,1.0,1105.5336111111114,2175.15,0.0
1,2.0,fifo_blind,20,0.49825231481481486,0.015742505291318536,0.9842574947086817,45.286129261193004,2198.3919444444446,4341.8,2143.55
1,2.0,priority_deduplicating,20,0.9944444444444439,1.0,0.0,1.0,2198.3919444444446,4341.8,0.0
1,4.0,fifo_blind,20,0.33261574074074074,0.017471245477580468,0.9825287545224196,59.995231214683244,4379.2988888888885,8672.4,2859.1
1,4.0,priority_deduplicating,20,0.9944444444444439,1.0,0.0,1.0,4379.2988888888885,8672.4,0.0
1,8.0,fifo_blind,20,0.20182870370370373,0.027530459469408276,0.9724695405305915,71.15025329621935,8694.331944444446,17273.25,3424.1
1,8.0,priority_deduplicating,20,0.9944444444444439,1.0,0.0,1.0,8694.331944444446,17273.25,0.0
2,0.0,fifo_blind,20,0.9888888888888886,0.0,1.0,2.0,47.86666666666667,48.0,0.0
2,0.0,priority_deduplicating,20,0.9888888888888886,0.0,1.0,2.0,47.86666666666667,48.0,0.0
2,1.0,fifo_blind,20,0.6590277777777777,0.0,1.0,31.433401589798343,1129.6799999999998,2204.75,1435.75
2,1.0,priority_deduplicating,20,0.9888888888888886,0.0,1.0,2.0,1129.6799999999998,2204.75,10.75
2,2.0,fifo_blind,20,0.49466435185185176,0.0,1.0,46.20405815657811,2204.6613888888887,4343.9,2151.9
2,2.0,priority_deduplicating,20,0.9888888888888886,0.0,1.0,2.0,2204.6613888888887,4343.9,16.85
2,4.0,fifo_blind,20,0.33015046296296297,0.0,1.0,61.12313316659345,4363.383055555556,8652.05,2867.75
2,4.0,priority_deduplicating,20,0.9888888888888886,0.0,1.0,2.0,4363.383055555556,8652.05,22.0
2,8.0,fifo_blind,20,0.19657407407407407,0.0,1.0,73.3443783443846,8717.865555555556,17305.5,3446.8
2,8.0,priority_deduplicating,20,0.9888888888888886,0.0,1.0,2.0,8717.865555555556,17305.5,24.0
3,0.0,fifo_blind,20,0.9833333333333332,0.0,1.0,3.0,71.6,72.0,0.0
3,0.0,priority_deduplicating,20,0.9833333333333332,0.0,1.0,3.0,71.6,72.0,0.0
3,1.0,fifo_blind,20,0.6564583333333333,0.0,1.0,32.24032208787612,1137.1816666666666,2215.85,1434.65
3,1.0,priority_deduplicating,20,0.9833333333333332,0.0,1.0,3.0,1137.1816666666666,2215.85,22.55
3,2.0,fifo_blind,20,0.4921296296296296,0.0,1.0,47.0089469942374,2209.505555555555,4363.3,2159.45
3,2.0,priority_deduplicating,20,0.9833333333333332,0.0,1.0,3.0,2209.505555555555,4363.3,37.45
3,4.0,fifo_blind,20,0.32638888888888895,0.0,1.0,62.50025137329527,4374.672777777778,8670.25,2883.95
3,4.0,priority_deduplicating,20,0.9833333333333332,0.0,1.0,3.0,4374.672777777778,8670.25,45.95
3,8.0,fifo_blind,20,0.19224537037037034,0.0,1.0,75.96562076048028,8710.020555555555,17310.85,3465.5
3,8.0,priority_deduplicating,20,0.9833333333333332,0.0,1.0,3.0,8710.020555555555,17310.85,48.0
5,0.0,fifo_blind,20,0.9722222222222218,0.0,1.0,5.0,118.66666666666667,120.0,0.0
5,0.0,priority_deduplicating,20,0.9722222222222218,0.0,1.0,5.0,118.66666666666667,120.0,0.0
5,1.0,fifo_blind,20,0.6502893518518519,0.0,1.0,33.66057405166729,1152.4944444444443,2226.65,1438.6
5,1.0,priority_deduplicating,20,0.9722222222222218,0.0,1.0,5.0,1152.4944444444443,2226.65,47.85
5,2.0,fifo_blind,20,0.48543981481481485,0.0,1.0,48.54813944388426,2214.208055555556,4368.8,2180.15
5,2.0,priority_deduplicating,20,0.9722222222222218,0.0,1.0,5.0,2214.208055555556,4368.8,77.25
5,4.0,fifo_blind,20,0.3191319444444445,0.0,1.0,65.23944204505173,4365.731944444445,8655.6,2914.7
5,4.0,priority_deduplicating,20,0.9722222222222218,0.0,1.0,5.0,4365.731944444445,8655.6,93.35
5,8.0,fifo_blind,20,0.18409722222222222,0.0,1.0,80.80659580300039,8695.905555555555,17270.15,3500.55
5,8.0,priority_deduplicating,20,0.9722222222222218,0.0,1.0,5.0,8695.905555555555,17270.15,95.85
